{"type": "FeatureCollection", "features": [{"type": "Feature", "id": "vw_lem.fid--ce7fb1e_1a08fbfc439_-780", "geometry": {"type": "Point", "coordinates": [-69.7127, -30.2622]}, "geometry_name": "geom", "properties": {"lem_id": 2, "expte_siged": "1124-305575-1988-EXP", "coord_norte_pga07": 6652565.3, "coord_este_pga07": 2431412.1}, "bbox": [-69.7127, -30.2622, -69.7127, -30.2622]}, {"type": "Feature", "id": "vw_lem.fid--ce7fb1e_1a08fbfc439_-77f", "geometry": {"type": "Point", "coordinates": [-69.6721, -30.2464]}, "geometry_name": "geom", "properties": {"lem_id": 3, "expte_siged": "1124-546633-1994-EXP", "coord_norte_pga07": 6654342.8, "coord_este_pga07": 2435310.8}, "bbox": [-69.6721, -30.2464, -69.6721, -30.2464]}, {"type": "Feature", "id": "vw_lem.fid--ce7fb1e_1a08fbfc439_-77e", "geometry": {"type": "Point", "coordinates": [-69.4367, -31.6055]}, "geometry_name": "geom", "properties": {"lem_id": 4, "expte_siged": "520-000351-1998-EXP", "coord_norte_pga07": 6503770.4, "coord_este_pga07": 2458561.7}, "bbox": [-69.4367, -31.6055, -69.4367, -31.6055]}, {"type": "Feature", "id": "vw_lem.fid--ce7fb1e_1a08fbfc439_-77d", "geometry": {"type": "Point", "coordinates": [-69.5488, -30.9466]}, "geometry_name": "geom", "properties": {"lem_id": 5, "expte_siged": "1124-001306-1995-EXP", "coord_norte_pga07": 6576778.3, "coord_este_pga07": 2447561}, "bbox": [-69.5488, -30.9466, -69.5488, -30.9466]}, {"type": "Feature", "id": "vw_lem.fid--ce7fb1e_1a08fbfc439_-77c", "geometry": {"type": "Point", "coordinates": [-67.6204, -30.5963]}, "geometry_name": "geom", "properties": {"lem_id": 6, "expte_siged": "425-000093-2003-EXP", "coord_norte_pga07": 6614940.2, "coord_este_pga07": 2632318.8}, "bbox": [-67.6204, -30.5963, -67.6204, -30.5963]}, {"type": "Feature", "id": "vw_lem.fid--ce7fb1e_1a08fbfc439_-77b", "geometry": {"type": "Point", "coordinates": [-69.847, -29.8666]}, "geometry_name": "geom", "properties": {"lem_id": 7, "expte_siged": "1124-296759-1990-EXP", "coord_norte_pga07": 6696342.6, "coord_este_pga07": 2418160.9}, "bbox": [-69.847, -29.8666, -69.847, -29.8666]}, {"type": "Feature", "id": "vw_lem.fid--ce7fb1e_1a08fbfc439_-77a", "geometry": {"type": "Point", "coordinates": [-69.6631, -28.4787]}, "geometry_name": "geom", "properties": {"lem_id": 8, "expte_siged": "520-000323-1999-EXP", "coord_norte_pga07": 6850291.9, "coord_este_pga07": 2435060.9}, "bbox": [-69.6631, -28.4787, -69.6631, -28.4787]}, {"type": "Feature", "id": "vw_lem.fid--ce7fb1e_1a08fbfc439_-779", "geometry": {"type": "Point", "coordinates": [-69.6618, -28.5139]}, "geometry_name": "geom", "properties": {"lem_id": 9, "expte_siged": "520-000324-1999-EXP", "coord_norte_pga07": 6846391.9, "coord_este_pga07": 2435210.9}, "bbox": [-69.6618, -28.5139, -69.6618, -28.5139]}, {"type": "Feature", "id": "vw_lem.fid--ce7fb1e_1a08fbfc439_-778", "geometry": {"type": "Point", "coordinates": [-69.5662, -29.9019]}, "geometry_name": "geom", "properties": {"lem_id": 10, "expte_siged": "1124-000483-1995-EXP", "coord_norte_pga07": 6692592.6, "coord_este_pga07": 2445310.8}, "bbox": [-69.5662, -29.9019, -69.5662, -29.9019]}, {"type": "Feature", "id": "vw_lem.fid--ce7fb1e_1a08fbfc439_-777", "geometry": {"type": "Point", "coordinates": [-69.5587, -28.4723]}, "geometry_name": "geom", "properties": {"lem_id": 11, "expte_siged": "1124-000490-1996-EXP", "coord_norte_pga07": 6851051.9, "coord_este_pga07": 2445290.8}, "bbox": [-69.5587, -28.4723, -69.5587, -28.4723]}, {"type": "Feature", "id": "vw_lem.fid--ce7fb1e_1a08fbfc439_-776", "geometry": {"type": "Point", "coordinates": [-68.7292, -29.7021]}, "geometry_name": "geom", "properties": {"lem_id": 12, "expte_siged": "1124-001211-1995-EXP", "coord_norte_pga07": 6714842.5, "coord_este_pga07": 2526210.5}, "bbox": [-68.7292, -29.7021, -68.7292, -29.7021]}, {"type": "Feature", "id": "vw_lem.fid--ce7fb1e_1a08fbfc439_-775", "geometry": {"type": "Point", "coordinates": [-68.7291, -29.7111]}, "geometry_name": "geom", "properties": {"lem_id": 13, "expte_siged": "1124-001212-1995-EXP", "coord_norte_pga07": 6713842.5, "coord_este_pga07": 2526210.5}, "bbox": [-68.7291, -29.7111, -68.7291, -29.7111]}, {"type": "Feature", "id": "vw_lem.fid--ce7fb1e_1a08fbfc439_-774", "geometry": {"type": "Point", "coordinates": [-68.7188, -29.6976]}, "geometry_name": "geom", "properties": {"lem_id": 14, "expte_siged": "1124-001213-1995-EXP", "coord_norte_pga07": 6715342.5, "coord_este_pga07": 2527210.5}, "bbox": [-68.7188, -29.6976, -68.7188, -29.6976]}, {"type": "Feature", "id": "vw_lem.fid--ce7fb1e_1a08fbfc439_-773", "geometry": {"type": "Point", "coordinates": [-68.7188, -29.7066]}, "geometry_name": "geom", "properties": {"lem_id": 15, "expte_siged": "1124-001214-1995-EXP", "coord_norte_pga07": 6714342.5, "coord_este_pga07": 2527210.5}, "bbox": [-68.7188, -29.7066, -68.7188, -29.7066]}, {"type": "Feature", "id": "vw_lem.fid--ce7fb1e_1a08fbfc439_-772", "geometry": {"type": "Point", "coordinates": [-68.5945, -29.7351]}, "geometry_name": "geom", "properties": {"lem_id": 16, "expte_siged": "1124-000169-2000-EXP", "coord_norte_pga07": 6711144.5, "coord_este_pga07": 2539225}, "bbox": [-68.5945, -29.7351, -68.5945, -29.7351]}, {"type": "Feature", "id": "vw_lem.fid--ce7fb1e_1a08fbfc439_-771", "geometry": {"type": "Point", "coordinates": [-69.2342, -31.6202]}, "geometry_name": "geom", "properties": {"lem_id": 17, "expte_siged": "414-000230-2004-EXP", "coord_norte_pga07": 6502201.4, "coord_este_pga07": 2477776.7}, "bbox": [-69.2342, -31.6202, -69.2342, -31.6202]}, {"type": "Feature", "id": "vw_lem.fid--ce7fb1e_1a08fbfc439_-770", "geometry": {"type": "Point", "coordinates": [-69.6646, -28.7212]}, "geometry_name": "geom", "properties": {"lem_id": 18, "expte_siged": "414-000132-2004-EXP", "coord_norte_pga07": 6823412, "coord_este_pga07": 2435070.9}, "bbox": [-69.6646, -28.7212, -69.6646, -28.7212]}, {"type": "Feature", "id": "vw_lem.fid--ce7fb1e_1a08fbfc439_-76f", "geometry": {"type": "Point", "coordinates": [-69.5962, -28.6993]}, "geometry_name": "geom", "properties": {"lem_id": 19, "expte_siged": "1124-000508-1995-EXP", "coord_norte_pga07": 6825874, "coord_este_pga07": 2441734.8}, "bbox": [-69.5962, -28.6993, -69.5962, -28.6993]}, {"type": "Feature", "id": "vw_lem.fid--ce7fb1e_1a08fbfc439_-76e", "geometry": {"type": "Point", "coordinates": [-69.8766, -30.6788]}, "geometry_name": "geom", "properties": {"lem_id": 20, "expte_siged": "1124-001001-1996-EXP", "coord_norte_pga07": 6606277, "coord_este_pga07": 2416001.9}, "bbox": [-69.8766, -30.6788, -69.8766, -30.6788]}, {"type": "Feature", "id": "vw_lem.fid--ce7fb1e_1a08fbfc439_-76d", "geometry": {"type": "Point", "coordinates": [-69.7024, -29.6399]}, "geometry_name": "geom", "properties": {"lem_id": 21, "expte_siged": "1124-000518-2012-EXP", "coord_norte_pga07": 6721560.2, "coord_este_pga07": 2431981.7}, "bbox": [-69.7024, -29.6399, -69.7024, -29.6399]}, {"type": "Feature", "id": "vw_lem.fid--ce7fb1e_1a08fbfc439_-76c", "geometry": {"type": "Point", "coordinates": [-69.7212, -30.1085]}, "geometry_name": "geom", "properties": {"lem_id": 22, "expte_siged": "1124-296207-1989-EXP", "coord_norte_pga07": 6669599.7, "coord_este_pga07": 2430492.9}, "bbox": [-69.7212, -30.1085, -69.7212, -30.1085]}, {"type": "Feature", "id": "vw_lem.fid--ce7fb1e_1a08fbfc439_-76b", "geometry": {"type": "Point", "coordinates": [-69.5763, -28.7153]}, "geometry_name": "geom", "properties": {"lem_id": 23, "expte_siged": "1124-000621-1995-EXP", "coord_norte_pga07": 6824109.3, "coord_este_pga07": 2443688.4}, "bbox": [-69.5763, -28.7153, -69.5763, -28.7153]}, {"type": "Feature", "id": "vw_lem.fid--ce7fb1e_1a08fbfc439_-76a", "geometry": {"type": "Point", "coordinates": [-69.6042, -28.7151]}, "geometry_name": "geom", "properties": {"lem_id": 24, "expte_siged": "414-000071-2006-EXP", "coord_norte_pga07": 6824127, "coord_este_pga07": 2440965.8}, "bbox": [-69.6042, -28.7151, -69.6042, -28.7151]}, {"type": "Feature", "id": "vw_lem.fid--ce7fb1e_1a08fbfc439_-769", "geometry": {"type": "Point", "coordinates": [-69.6876, -28.6896]}, "geometry_name": "geom", "properties": {"lem_id": 25, "expte_siged": "414-001444-2005-EXP", "coord_norte_pga07": 6826906.4, "coord_este_pga07": 2432797.8}, "bbox": [-69.6876, -28.6896, -69.6876, -28.6896]}, {"type": "Feature", "id": "vw_lem.fid--ce7fb1e_1a08fbfc439_-768", "geometry": {"type": "Point", "coordinates": [-70.1726, -30.6317]}, "geometry_name": "geom", "properties": {"lem_id": 26, "expte_siged": "1124-000592-2008-EXP", "coord_norte_pga07": 6611237.9, "coord_este_pga07": 2387579.3}, "bbox": [-70.1726, -30.6317, -70.1726, -30.6317]}, {"type": "Feature", "id": "vw_lem.fid--ce7fb1e_1a08fbfc439_-767", "geometry": {"type": "Point", "coordinates": [-69.6995, -30.2573]}, "geometry_name": "geom", "properties": {"lem_id": 27, "expte_siged": "1124-338783-1992-EXP", "coord_norte_pga07": 6653117.8, "coord_este_pga07": 2432683.9}, "bbox": [-69.6995, -30.2573, -69.6995, -30.2573]}, {"type": "Feature", "id": "vw_lem.fid--ce7fb1e_1a08fbfc439_-766", "geometry": {"type": "Point", "coordinates": [-69.5415, -28.6534]}, "geometry_name": "geom", "properties": {"lem_id": 28, "expte_siged": "1124-000488-1996-EXP", "coord_norte_pga07": 6830992, "coord_este_pga07": 2447060.8}, "bbox": [-69.5415, -28.6534, -69.5415, -28.6534]}, {"type": "Feature", "id": "vw_lem.fid--ce7fb1e_1a08fbfc439_-765", "geometry": {"type": "Point", "coordinates": [-69.8987, -29.6826]}, "geometry_name": "geom", "properties": {"lem_id": 29, "expte_siged": "1124-296796-1990-EXP", "coord_norte_pga07": 6716692.5, "coord_este_pga07": 2413010.9}, "bbox": [-69.8987, -29.6826, -69.8987, -29.6826]}, {"type": "Feature", "id": "vw_lem.fid--ce7fb1e_1a08fbfc439_-764", "geometry": {"type": "Point", "coordinates": [-67.6298, -30.5713]}, "geometry_name": "geom", "properties": {"lem_id": 30, "expte_siged": "1124-295004-1989-EXP", "coord_norte_pga07": 6617719, "coord_este_pga07": 2631450}, "bbox": [-67.6298, -30.5713, -67.6298, -30.5713]}, {"type": "Feature", "id": "vw_lem.fid--ce7fb1e_1a08fbfc439_-763", "geometry": {"type": "Point", "coordinates": [-68.6759, -29.8908]}, "geometry_name": "geom", "properties": {"lem_id": 31, "expte_siged": "414-000024-2006-EXP", "coord_norte_pga07": 6693912.6, "coord_este_pga07": 2531302.4}, "bbox": [-68.6759, -29.8908, -68.6759, -29.8908]}, {"type": "Feature", "id": "vw_lem.fid--ce7fb1e_1a08fbfc439_-762", "geometry": {"type": "Point", "coordinates": [-69.9541, -29.3562]}, "geometry_name": "geom", "properties": {"lem_id": 32, "expte_siged": "425-000380-2003-EXP", "coord_norte_pga07": 6752832.4, "coord_este_pga07": 2407351}, "bbox": [-69.9541, -29.3562, -69.9541, -29.3562]}, {"type": "Feature", "id": "vw_lem.fid--ce7fb1e_1a08fbfc439_-761", "geometry": {"type": "Point", "coordinates": [-69.2584, -31.6004]}, "geometry_name": "geom", "properties": {"lem_id": 33, "expte_siged": "414-000377-2004-EXP", "coord_norte_pga07": 6504390.4, "coord_este_pga07": 2475476.7}, "bbox": [-69.2584, -31.6004, -69.2584, -31.6004]}, {"type": "Feature", "id": "vw_lem.fid--ce7fb1e_1a08fbfc439_-760", "geometry": {"type": "Point", "coordinates": [-68.6512, -29.8336]}, "geometry_name": "geom", "properties": {"lem_id": 34, "expte_siged": "1124-000606-1996-EXP", "coord_norte_pga07": 6700242.6, "coord_este_pga07": 2533710.4}, "bbox": [-68.6512, -29.8336, -68.6512, -29.8336]}, {"type": "Feature", "id": "vw_lem.fid--ce7fb1e_1a08fbfc439_-75f", "geometry": {"type": "Point", "coordinates": [-68.6767, -29.773]}, "geometry_name": "geom", "properties": {"lem_id": 35, "expte_siged": "425-000346-2000-EXP", "coord_norte_pga07": 6706972.6, "coord_este_pga07": 2531260.4}, "bbox": [-68.6767, -29.773, -68.6767, -29.773]}, {"type": "Feature", "id": "vw_lem.fid--ce7fb1e_1a08fbfc439_-75e", "geometry": {"type": "Point", "coordinates": [-69.4591, -28.7901]}, "geometry_name": "geom", "properties": {"lem_id": 36, "expte_siged": "1124-001627-1995-EXP", "coord_norte_pga07": 6815877.7, "coord_este_pga07": 2455171.2}, "bbox": [-69.4591, -28.7901, -69.4591, -28.7901]}, {"type": "Feature", "id": "vw_lem.fid--ce7fb1e_1a08fbfc439_-75d", "geometry": {"type": "Point", "coordinates": [-69.504, -28.7167]}, "geometry_name": "geom", "properties": {"lem_id": 37, "expte_siged": "425-000294-2002-EXP", "coord_norte_pga07": 6823992, "coord_este_pga07": 2450760.8}, "bbox": [-69.504, -28.7167, -69.504, -28.7167]}, {"type": "Feature", "id": "vw_lem.fid--ce7fb1e_1a08fbfc439_-75c", "geometry": {"type": "Point", "coordinates": [-69.5697, -29.9551]}, "geometry_name": "geom", "properties": {"lem_id": 38, "expte_siged": "1124-000492-1995-EXP", "coord_norte_pga07": 6686692.6, "coord_este_pga07": 2445010.8}, "bbox": [-69.5697, -29.9551, -69.5697, -29.9551]}, {"type": "Feature", "id": "vw_lem.fid--ce7fb1e_1a08fbfc439_-75b", "geometry": {"type": "Point", "coordinates": [-69.5417, -29.9624]}, "geometry_name": "geom", "properties": {"lem_id": 39, "expte_siged": "1124-000489-1995-EXP", "coord_norte_pga07": 6685892.7, "coord_este_pga07": 2447710.8}, "bbox": [-69.5417, -29.9624, -69.5417, -29.9624]}, {"type": "Feature", "id": "vw_lem.fid--ce7fb1e_1a08fbfc439_-75a", "geometry": {"type": "Point", "coordinates": [-69.6349, -28.6142]}, "geometry_name": "geom", "properties": {"lem_id": 40, "expte_siged": "425-000098-2000-EXP", "coord_norte_pga07": 6835292, "coord_este_pga07": 2437910.9}, "bbox": [-69.6349, -28.6142, -69.6349, -28.6142]}, {"type": "Feature", "id": "vw_lem.fid--ce7fb1e_1a08fbfc439_-759", "geometry": {"type": "Point", "coordinates": [-69.7421, -28.9148]}, "geometry_name": "geom", "properties": {"lem_id": 41, "expte_siged": "1124-425330-2000-EXP", "coord_norte_pga07": 6801910.1, "coord_este_pga07": 2427630.9}, "bbox": [-69.7421, -28.9148, -69.7421, -28.9148]}, {"type": "Feature", "id": "vw_lem.fid--ce7fb1e_1a08fbfc439_-758", "geometry": {"type": "Point", "coordinates": [-69.8753, -29.224]}, "geometry_name": "geom", "properties": {"lem_id": 42, "expte_siged": "1124-000001-1996-EXP", "coord_norte_pga07": 6767551.3, "coord_este_pga07": 2414892.9}, "bbox": [-69.8753, -29.224, -69.8753, -29.224]}, {"type": "Feature", "id": "vw_lem.fid--ce7fb1e_1a08fbfc439_-757", "geometry": {"type": "Point", "coordinates": [-67.6118, -30.6007]}, "geometry_name": "geom", "properties": {"lem_id": 43, "expte_siged": "425-000133-2003-EXP", "coord_norte_pga07": 6614443.8, "coord_este_pga07": 2633135.1}, "bbox": [-67.6118, -30.6007, -67.6118, -30.6007]}, {"type": "Feature", "id": "vw_lem.fid--ce7fb1e_1a08fbfc439_-756", "geometry": {"type": "Point", "coordinates": [-67.6261, -30.5718]}, "geometry_name": "geom", "properties": {"lem_id": 44, "expte_siged": "1124-295004-1989-EXP", "coord_norte_pga07": 6617662, "coord_este_pga07": 2631806}, "bbox": [-67.6261, -30.5718, -67.6261, -30.5718]}, {"type": "Feature", "id": "vw_lem.fid--ce7fb1e_1a08fbfc439_-755", "geometry": {"type": "Point", "coordinates": [-69.4879, -32.0272]}, "geometry_name": "geom", "properties": {"lem_id": 45, "expte_siged": "520-000480-1997-EXP", "coord_norte_pga07": 6456993.6, "coord_este_pga07": 2453910.8}, "bbox": [-69.4879, -32.0272, -69.4879, -32.0272]}, {"type": "Feature", "id": "vw_lem.fid--ce7fb1e_1a08fbfc439_-754", "geometry": {"type": "Point", "coordinates": [-69.3959, -31.4594]}, "geometry_name": "geom", "properties": {"lem_id": 46, "expte_siged": "425-000057-2001-EXP", "coord_norte_pga07": 6519985.6, "coord_este_pga07": 2462371.2}, "bbox": [-69.3959, -31.4594, -69.3959, -31.4594]}, {"type": "Feature", "id": "vw_lem.fid--ce7fb1e_1a08fbfc439_-753", "geometry": {"type": "Point", "coordinates": [-69.7646, -30.2486]}, "geometry_name": "geom", "properties": {"lem_id": 47, "expte_siged": "1124-000240-1995-EXP", "coord_norte_pga07": 6654042.8, "coord_este_pga07": 2426410.9}, "bbox": [-69.7646, -30.2486, -69.7646, -30.2486]}, {"type": "Feature", "id": "vw_lem.fid--ce7fb1e_1a08fbfc439_-752", "geometry": {"type": "Point", "coordinates": [-69.7038, -30.1274]}, "geometry_name": "geom", "properties": {"lem_id": 48, "expte_siged": "1124-296210-1989-EXP", "coord_norte_pga07": 6667517, "coord_este_pga07": 2432178}, "bbox": [-69.7038, -30.1274, -69.7038, -30.1274]}, {"type": "Feature", "id": "vw_lem.fid--ce7fb1e_1a08fbfc439_-751", "geometry": {"type": "Point", "coordinates": [-69.6098, -28.4227]}, "geometry_name": "geom", "properties": {"lem_id": 49, "expte_siged": "1124-520348-1999-EXP", "coord_norte_pga07": 6856525, "coord_este_pga07": 2440250}, "bbox": [-69.6098, -28.4227, -69.6098, -28.4227]}, {"type": "Feature", "id": "vw_lem.fid--ce7fb1e_1a08fbfc439_-750", "geometry": {"type": "Point", "coordinates": [-69.1729, -30.5462]}, "geometry_name": "geom", "properties": {"lem_id": 50, "expte_siged": "1124-000246-2012-EXP", "coord_norte_pga07": 6621292.9, "coord_este_pga07": 2483410.6}, "bbox": [-69.1729, -30.5462, -69.1729, -30.5462]}, {"type": "Feature", "id": "vw_lem.fid--ce7fb1e_1a08fbfc439_-74f", "geometry": {"type": "Point", "coordinates": [-69.0072, -30.5351]}, "geometry_name": "geom", "properties": {"lem_id": 51, "expte_siged": "1124-000343-2014-EXP", "coord_norte_pga07": 6622534, "coord_este_pga07": 2499311}, "bbox": [-69.0072, -30.5351, -69.0072, -30.5351]}, {"type": "Feature", "id": "vw_lem.fid--ce7fb1e_1a08fbfc439_-74e", "geometry": {"type": "Point", "coordinates": [-68.6615, -29.7633]}, "geometry_name": "geom", "properties": {"lem_id": 52, "expte_siged": "1124-000458-2012-EXP", "coord_norte_pga07": 6708042, "coord_este_pga07": 2532742}, "bbox": [-68.6615, -29.7633, -68.6615, -29.7633]}, {"type": "Feature", "id": "vw_lem.fid--ce7fb1e_1a08fbfc439_-74d", "geometry": {"type": "Point", "coordinates": [-69.7417, -30.1431]}, "geometry_name": "geom", "properties": {"lem_id": 53, "expte_siged": "1124-270365-1986-EXP", "coord_norte_pga07": 6665753, "coord_este_pga07": 2428534}, "bbox": [-69.7417, -30.1431, -69.7417, -30.1431]}, {"type": "Feature", "id": "vw_lem.fid--ce7fb1e_1a08fbfc439_-74c", "geometry": {"type": "Point", "coordinates": [-70.0165, -32.4416]}, "geometry_name": "geom", "properties": {"lem_id": 54, "expte_siged": "1124-000229-1996-EXP", "coord_norte_pga07": 6410693.8, "coord_este_pga07": 2404410.9}, "bbox": [-70.0165, -32.4416, -70.0165, -32.4416]}, {"type": "Feature", "id": "vw_lem.fid--ce7fb1e_1a08fbfc439_-74b", "geometry": {"type": "Point", "coordinates": [-69.3036, -31.6123]}, "geometry_name": "geom", "properties": {"lem_id": 55, "expte_siged": "1124-000059-2013-EXP", "coord_norte_pga07": 6503057.4, "coord_este_pga07": 2471195.7}, "bbox": [-69.3036, -31.6123, -69.3036, -31.6123]}, {"type": "Feature", "id": "vw_lem.fid--ce7fb1e_1a08fbfc439_-74a", "geometry": {"type": "Point", "coordinates": [-69.623, -29.7688]}, "geometry_name": "geom", "properties": {"lem_id": 56, "expte_siged": "1124-338987-1992-EXP", "coord_norte_pga07": 6707320.6, "coord_este_pga07": 2439753.4}, "bbox": [-69.623, -29.7688, -69.623, -29.7688]}, {"type": "Feature", "id": "vw_lem.fid--ce7fb1e_1a08fbfc439_-749", "geometry": {"type": "Point", "coordinates": [-69.5473, -28.4356]}, "geometry_name": "geom", "properties": {"lem_id": 57, "expte_siged": "414-000280-2004-EXP", "coord_norte_pga07": 6855130.9, "coord_este_pga07": 2446384.8}, "bbox": [-69.5473, -28.4356, -69.5473, -28.4356]}, {"type": "Feature", "id": "vw_lem.fid--ce7fb1e_1a08fbfc439_-748", "geometry": {"type": "Point", "coordinates": [-69.491, -28.4311]}, "geometry_name": "geom", "properties": {"lem_id": 58, "expte_siged": "414-000281-2004-EXP", "coord_norte_pga07": 6855650.8, "coord_este_pga07": 2451897.2}, "bbox": [-69.491, -28.4311, -69.491, -28.4311]}, {"type": "Feature", "id": "vw_lem.fid--ce7fb1e_1a08fbfc439_-747", "geometry": {"type": "Point", "coordinates": [-69.9394, -29.22]}, "geometry_name": "geom", "properties": {"lem_id": 59, "expte_siged": "1124-338961-1992-EXP", "coord_norte_pga07": 6767947.3, "coord_este_pga07": 2408656}, "bbox": [-69.9394, -29.22, -69.9394, -29.22]}, {"type": "Feature", "id": "vw_lem.fid--ce7fb1e_1a08fbfc439_-746", "geometry": {"type": "Point", "coordinates": [-69.8657, -30.0298]}, "geometry_name": "geom", "properties": {"lem_id": 60, "expte_siged": "1124-339095-1992-EXP", "coord_norte_pga07": 6678233.2, "coord_este_pga07": 2416492}, "bbox": [-69.8657, -30.0298, -69.8657, -30.0298]}, {"type": "Feature", "id": "vw_lem.fid--ce7fb1e_1a08fbfc439_-745", "geometry": {"type": "Point", "coordinates": [-69.4724, -28.4197]}, "geometry_name": "geom", "properties": {"lem_id": 61, "expte_siged": "520-000347-1999-EXP", "coord_norte_pga07": 6856921.9, "coord_este_pga07": 2453710.8}, "bbox": [-69.4724, -28.4197, -69.4724, -28.4197]}, {"type": "Feature", "id": "vw_lem.fid--ce7fb1e_1a08fbfc439_-744", "geometry": {"type": "Point", "coordinates": [-68.8128, -29.7084]}, "geometry_name": "geom", "properties": {"lem_id": 62, "expte_siged": "1124-000183-2016-EXP", "coord_norte_pga07": 6714163, "coord_este_pga07": 2518115}, "bbox": [-68.8128, -29.7084, -68.8128, -29.7084]}, {"type": "Feature", "id": "vw_lem.fid--ce7fb1e_1a08fbfc439_-743", "geometry": {"type": "Point", "coordinates": [-69.3696, -28.6164]}, "geometry_name": "geom", "properties": {"lem_id": 63, "expte_siged": "1124-000207-1995-EXP", "coord_norte_pga07": 6835152, "coord_este_pga07": 2463849.7}, "bbox": [-69.3696, -28.6164, -69.3696, -28.6164]}, {"type": "Feature", "id": "vw_lem.fid--ce7fb1e_1a08fbfc439_-742", "geometry": {"type": "Point", "coordinates": [-69.4565, -29.4552]}, "geometry_name": "geom", "properties": {"lem_id": 64, "expte_siged": "1124-000253-2021-EXP-MANIF", "coord_norte_pga07": 6742152.6, "coord_este_pga07": 2455718.4}, "bbox": [-69.4565, -29.4552, -69.4565, -29.4552]}, {"type": "Feature", "id": "vw_lem.fid--ce7fb1e_1a08fbfc439_-741", "geometry": {"type": "Point", "coordinates": [-69.6961, -28.6096]}, "geometry_name": "geom", "properties": {"lem_id": 65, "expte_siged": "1124-000179-2019-EXP", "coord_norte_pga07": 6835762, "coord_este_pga07": 2431919}, "bbox": [-69.6961, -28.6096, -69.6961, -28.6096]}, {"type": "Feature", "id": "vw_lem.fid--ce7fb1e_1a08fbfc439_-740", "geometry": {"type": "Point", "coordinates": [-69.6998, -30.019]}, "geometry_name": "geom", "properties": {"lem_id": 66, "expte_siged": "1124-296846-1989-EXP", "coord_norte_pga07": 6679537.5, "coord_este_pga07": 2432490.9}, "bbox": [-69.6998, -30.019, -69.6998, -30.019]}, {"type": "Feature", "id": "vw_lem.fid--ce7fb1e_1a08fbfc439_-73f", "geometry": {"type": "Point", "coordinates": [-69.1551, -31.2775]}, "geometry_name": "geom", "properties": {"lem_id": 67, "expte_siged": "1124-000434-2022-EXP-MANIF", "coord_norte_pga07": 6540216.1, "coord_este_pga07": 2485229.1}, "bbox": [-69.1551, -31.2775, -69.1551, -31.2775]}, {"type": "Feature", "id": "vw_lem.fid--ce7fb1e_1a08fbfc439_-73e", "geometry": {"type": "Point", "coordinates": [-70.2681, -31.8656]}, "geometry_name": "geom", "properties": {"lem_id": 68, "expte_siged": "1124-000662-2022-EXP-MANIF", "coord_norte_pga07": 6474309, "coord_este_pga07": 2379993.4}, "bbox": [-70.2681, -31.8656, -70.2681, -31.8656]}, {"type": "Feature", "id": "vw_lem.fid--ce7fb1e_1a08fbfc439_-73d", "geometry": {"type": "Point", "coordinates": [-69.4849, -29.4113]}, "geometry_name": "geom", "properties": {"lem_id": 69, "expte_siged": "1124-000409-2021-EXP-MANIF", "coord_norte_pga07": 6747006, "coord_este_pga07": 2452942.7}, "bbox": [-69.4849, -29.4113, -69.4849, -29.4113]}, {"type": "Feature", "id": "vw_lem.fid--ce7fb1e_1a08fbfc439_-73c", "geometry": {"type": "Point", "coordinates": [-70.0063, -31.0225]}, "geometry_name": "geom", "properties": {"lem_id": 70, "expte_siged": "1124-001043-1996-EXP", "coord_norte_pga07": 6568058.2, "coord_este_pga07": 2403911}, "bbox": [-70.0063, -31.0225, -70.0063, -31.0225]}, {"type": "Feature", "id": "vw_lem.fid--ce7fb1e_1a08fbfc439_-73b", "geometry": {"type": "Point", "coordinates": [-68.2232, -31.4981]}, "geometry_name": "geom", "properties": {"lem_id": 71, "expte_siged": null, "coord_norte_pga07": 6515502.4, "coord_este_pga07": 2573803.3}, "bbox": [-68.2232, -31.4981, -68.2232, -31.4981]}, {"type": "Feature", "id": "vw_lem.fid--ce7fb1e_1a08fbfc439_-73a", "geometry": {"type": "Point", "coordinates": [-69.6881, -30.5263]}, "geometry_name": "geom", "properties": {"lem_id": 72, "expte_siged": "1124-182065-1991-EXP", "coord_norte_pga07": 6623302.9, "coord_este_pga07": 2433960.8}, "bbox": [-69.6881, -30.5263, -69.6881, -30.5263]}, {"type": "Feature", "id": "vw_lem.fid--ce7fb1e_1a08fbfc439_-739", "geometry": {"type": "Point", "coordinates": [-68.7184, -30.7327]}, "geometry_name": "geom", "properties": {"lem_id": 73, "expte_siged": "1124-000121-2011-EXP", "coord_norte_pga07": 6600591, "coord_este_pga07": 2526966.5}, "bbox": [-68.7184, -30.7327, -68.7184, -30.7327]}, {"type": "Feature", "id": "vw_lem.fid--ce7fb1e_1a08fbfc439_-738", "geometry": {"type": "Point", "coordinates": [-69.393, -31.4644]}, "geometry_name": "geom", "properties": {"lem_id": 74, "expte_siged": "1124-000226-2016-EXP", "coord_norte_pga07": 6519438, "coord_este_pga07": 2462647.3}, "bbox": [-69.393, -31.4644, -69.393, -31.4644]}, {"type": "Feature", "id": "vw_lem.fid--ce7fb1e_1a08fbfc439_-737", "geometry": {"type": "Point", "coordinates": [-67.3658, -31.4155]}, "geometry_name": "geom", "properties": {"lem_id": 75, "expte_siged": "1124-000129-2016-EXP", "coord_norte_pga07": 6523768, "coord_este_pga07": 2655398}, "bbox": [-67.3658, -31.4155, -67.3658, -31.4155]}, {"type": "Feature", "id": "vw_lem.fid--ce7fb1e_1a08fbfc439_-736", "geometry": {"type": "Point", "coordinates": [-69.7631, -29.1969]}, "geometry_name": "geom", "properties": {"lem_id": 76, "expte_siged": "1124-000211-1996-EXP", "coord_norte_pga07": 6770633.6, "coord_este_pga07": 2425779.4}, "bbox": [-69.7631, -29.1969, -69.7631, -29.1969]}, {"type": "Feature", "id": "vw_lem.fid--ce7fb1e_1a08fbfc439_-735", "geometry": {"type": "Point", "coordinates": [-68.7725, -30.6238]}, "geometry_name": "geom", "properties": {"lem_id": 77, "expte_siged": "1124-000103-2016-EXP", "coord_norte_pga07": 6612674, "coord_este_pga07": 2521812}, "bbox": [-68.7725, -30.6238, -68.7725, -30.6238]}, {"type": "Feature", "id": "vw_lem.fid--ce7fb1e_1a08fbfc439_-734", "geometry": {"type": "Point", "coordinates": [-69.6059, -28.685]}, "geometry_name": "geom", "properties": {"lem_id": 78, "expte_siged": "1124-000657-2010-EXP", "coord_norte_pga07": 6827453.5, "coord_este_pga07": 2440786.3}, "bbox": [-69.6059, -28.685, -69.6059, -28.685]}, {"type": "Feature", "id": "vw_lem.fid--ce7fb1e_1a08fbfc439_-733", "geometry": {"type": "Point", "coordinates": [-70.222, -31.1505]}, "geometry_name": "geom", "properties": {"lem_id": 79, "expte_siged": "1124-000386-2015-EXP", "coord_norte_pga07": 6553660.2, "coord_este_pga07": 2383473.5}, "bbox": [-70.222, -31.1505, -70.222, -31.1505]}, {"type": "Feature", "id": "vw_lem.fid--ce7fb1e_1a08fbfc439_-732", "geometry": {"type": "Point", "coordinates": [-70.2627, -31.211]}, "geometry_name": "geom", "properties": {"lem_id": 80, "expte_siged": "1124-000020-2016-EXP", "coord_norte_pga07": 6546913.6, "coord_este_pga07": 2379665.2}, "bbox": [-70.2627, -31.211, -70.2627, -31.211]}, {"type": "Feature", "id": "vw_lem.fid--ce7fb1e_1a08fbfc439_-731", "geometry": {"type": "Point", "coordinates": [-68.7447, -30.6598]}, "geometry_name": "geom", "properties": {"lem_id": 81, "expte_siged": "1124-000312-2015-HIST", "coord_norte_pga07": 6608679, "coord_este_pga07": 2524471}, "bbox": [-68.7447, -30.6598, -68.7447, -30.6598]}, {"type": "Feature", "id": "vw_lem.fid--ce7fb1e_1a08fbfc439_-730", "geometry": {"type": "Point", "coordinates": [-69.6029, -31.8442]}, "geometry_name": "geom", "properties": {"lem_id": 82, "expte_siged": "1124-000294-2015-EXP", "coord_norte_pga07": 6477227.6, "coord_este_pga07": 2442936.6}, "bbox": [-69.6029, -31.8442, -69.6029, -31.8442]}, {"type": "Feature", "id": "vw_lem.fid--ce7fb1e_1a08fbfc439_-72f", "geometry": {"type": "Point", "coordinates": [-67.6108, -30.5952]}, "geometry_name": "geom", "properties": {"lem_id": 84, "expte_siged": "1124-000219-2009-EXP", "coord_norte_pga07": 6615050, "coord_este_pga07": 2633238}, "bbox": [-67.6108, -30.5952, -67.6108, -30.5952]}, {"type": "Feature", "id": "vw_lem.fid--ce7fb1e_1a08fbfc439_-72e", "geometry": {"type": "Point", "coordinates": [-67.622, -30.5889]}, "geometry_name": "geom", "properties": {"lem_id": 85, "expte_siged": "1124-000298-2012-EXP", "coord_norte_pga07": 6615754.3, "coord_este_pga07": 2632172.7}, "bbox": [-67.622, -30.5889, -67.622, -30.5889]}, {"type": "Feature", "id": "vw_lem.fid--ce7fb1e_1a08fbfc439_-72d", "geometry": {"type": "Point", "coordinates": [-68.5487, -30.1378]}, "geometry_name": "geom", "properties": {"lem_id": 86, "expte_siged": "1124-000647-2012-EXP", "coord_norte_pga07": 6666491.9, "coord_este_pga07": 2543479.7}, "bbox": [-68.5487, -30.1378, -68.5487, -30.1378]}, {"type": "Feature", "id": "vw_lem.fid--ce7fb1e_1a08fbfc439_-72c", "geometry": {"type": "Point", "coordinates": [-69.9147, -29.612]}, "geometry_name": "geom", "properties": {"lem_id": 87, "expte_siged": "1124-194210-1983-EXP", "coord_norte_pga07": 6724512.9, "coord_este_pga07": 2411398.7}, "bbox": [-69.9147, -29.612, -69.9147, -29.612]}, {"type": "Feature", "id": "vw_lem.fid--ce7fb1e_1a08fbfc439_-72b", "geometry": {"type": "Point", "coordinates": [-69.0811, -30.0068]}, "geometry_name": "geom", "properties": {"lem_id": 88, "expte_siged": "1124-305875-1988-EXP", "coord_norte_pga07": 6681094, "coord_este_pga07": 2492177}, "bbox": [-69.0811, -30.0068, -69.0811, -30.0068]}, {"type": "Feature", "id": "vw_lem.fid--ce7fb1e_1a08fbfc439_-72a", "geometry": {"type": "Point", "coordinates": [-69.0821, -30.0271]}, "geometry_name": "geom", "properties": {"lem_id": 89, "expte_siged": "1124-295389-1990-EXP", "coord_norte_pga07": 6678850, "coord_este_pga07": 2492083}, "bbox": [-69.0821, -30.0271, -69.0821, -30.0271]}, {"type": "Feature", "id": "vw_lem.fid--ce7fb1e_1a08fbfc439_-729", "geometry": {"type": "Point", "coordinates": [-69.0774, -29.9878]}, "geometry_name": "geom", "properties": {"lem_id": 90, "expte_siged": "1124-000446-1996-EXP", "coord_norte_pga07": 6683205, "coord_este_pga07": 2492534}, "bbox": [-69.0774, -29.9878, -69.0774, -29.9878]}, {"type": "Feature", "id": "vw_lem.fid--ce7fb1e_1a08fbfc439_-728", "geometry": {"type": "Point", "coordinates": [-67.7372, -30.4834]}, "geometry_name": "geom", "properties": {"lem_id": 91, "expte_siged": "1124-000333-2013-EXP", "coord_norte_pga07": 6627586.6, "coord_este_pga07": 2621253.5}, "bbox": [-67.7372, -30.4834, -67.7372, -30.4834]}, {"type": "Feature", "id": "vw_lem.fid--ce7fb1e_1a08fbfc439_-727", "geometry": {"type": "Point", "coordinates": [-67.4018, -31.4079]}, "geometry_name": "geom", "properties": {"lem_id": 92, "expte_siged": "1124-000081-2010-EXP", "coord_norte_pga07": 6524660.6, "coord_este_pga07": 2651992.9}, "bbox": [-67.4018, -31.4079, -67.4018, -31.4079]}, {"type": "Feature", "id": "vw_lem.fid--ce7fb1e_1a08fbfc439_-726", "geometry": {"type": "Point", "coordinates": [-70.1388, -30.7136]}, "geometry_name": "geom", "properties": {"lem_id": 93, "expte_siged": "1100-000991-2020-HIST", "coord_norte_pga07": 6602193, "coord_este_pga07": 2390911}, "bbox": [-70.1388, -30.7136, -70.1388, -30.7136]}, {"type": "Feature", "id": "vw_lem.fid--ce7fb1e_1a08fbfc439_-725", "geometry": {"type": "Point", "coordinates": [-70.4821, -31.4802]}, "geometry_name": "geom", "properties": {"lem_id": 94, "expte_siged": "1124-338646-1992-EXP", "coord_norte_pga07": 6516793.4, "coord_este_pga07": 2359161.1}, "bbox": [-70.4821, -31.4802, -70.4821, -31.4802]}, {"type": "Feature", "id": "vw_lem.fid--ce7fb1e_1a08fbfc439_-724", "geometry": {"type": "Point", "coordinates": [-70.4527, -31.7751]}, "geometry_name": "geom", "properties": {"lem_id": 95, "expte_siged": "1124-000962-1996-EXP", "coord_norte_pga07": 6484127.8, "coord_este_pga07": 2362392.2}, "bbox": [-70.4527, -31.7751, -70.4527, -31.7751]}, {"type": "Feature", "id": "vw_lem.fid--ce7fb1e_1a08fbfc439_-723", "geometry": {"type": "Point", "coordinates": [-70.4968, -31.4416]}, "geometry_name": "geom", "properties": {"lem_id": 96, "expte_siged": "1124-000490-1999-EXP", "coord_norte_pga07": 6521059.4, "coord_este_pga07": 2357705.1}, "bbox": [-70.4968, -31.4416, -70.4968, -31.4416]}, {"type": "Feature", "id": "vw_lem.fid--ce7fb1e_1a08fbfc439_-722", "geometry": {"type": "Point", "coordinates": [-70.4639, -31.5381]}, "geometry_name": "geom", "properties": {"lem_id": 97, "expte_siged": "1124-001118-1996-EXP", "coord_norte_pga07": 6510405.4, "coord_este_pga07": 2360975.1}, "bbox": [-70.4639, -31.5381, -70.4639, -31.5381]}, {"type": "Feature", "id": "vw_lem.fid--ce7fb1e_1a08fbfc439_-721", "geometry": {"type": "Point", "coordinates": [-70.2382, -32.0933]}, "geometry_name": "geom", "properties": {"lem_id": 98, "expte_siged": "1124-001139-1996-EXP", "coord_norte_pga07": 6449101, "coord_este_pga07": 2383115}, "bbox": [-70.2382, -32.0933, -70.2382, -32.0933]}, {"type": "Feature", "id": "vw_lem.fid--ce7fb1e_1a08fbfc439_-720", "geometry": {"type": "Point", "coordinates": [-70.2981, -31.6862]}, "geometry_name": "geom", "properties": {"lem_id": 99, "expte_siged": "425-000160-2002-EXP", "coord_norte_pga07": 6494175.5, "coord_este_pga07": 2376921.1}, "bbox": [-70.2981, -31.6862, -70.2981, -31.6862]}, {"type": "Feature", "id": "vw_lem.fid--ce7fb1e_1a08fbfc439_-71f", "geometry": {"type": "Point", "coordinates": [-70.3802, -31.3909]}, "geometry_name": "geom", "properties": {"lem_id": 100, "expte_siged": "425-000161-2002-EXP", "coord_norte_pga07": 6526828.3, "coord_este_pga07": 2368720.1}, "bbox": [-70.3802, -31.3909, -70.3802, -31.3909]}, {"type": "Feature", "id": "vw_lem.fid--ce7fb1e_1a08fbfc439_-71e", "geometry": {"type": "Point", "coordinates": [-70.2423, -31.1469]}, "geometry_name": "geom", "properties": {"lem_id": 101, "expte_siged": "1124-001707-1995-EXP", "coord_norte_pga07": 6554043.2, "coord_este_pga07": 2381531.1}, "bbox": [-70.2423, -31.1469, -70.2423, -31.1469]}, {"type": "Feature", "id": "vw_lem.fid--ce7fb1e_1a08fbfc439_-71d", "geometry": {"type": "Point", "coordinates": [-70.2201, -31.1142]}, "geometry_name": "geom", "properties": {"lem_id": 102, "expte_siged": "520-000279-1998-EXP", "coord_norte_pga07": 6557693.2, "coord_este_pga07": 2383611}, "bbox": [-70.2201, -31.1142, -70.2201, -31.1142]}, {"type": "Feature", "id": "vw_lem.fid--ce7fb1e_1a08fbfc439_-71c", "geometry": {"type": "Point", "coordinates": [-70.1929, -30.6987]}, "geometry_name": "geom", "properties": {"lem_id": 103, "expte_siged": "1124-001186-1996-EXP", "coord_norte_pga07": 6603793, "coord_este_pga07": 2385711}, "bbox": [-70.1929, -30.6987, -70.1929, -30.6987]}, {"type": "Feature", "id": "vw_lem.fid--ce7fb1e_1a08fbfc439_-71b", "geometry": {"type": "Point", "coordinates": [-70.1446, -30.4697]}, "geometry_name": "geom", "properties": {"lem_id": 104, "expte_siged": "1124-000396-1995-EXP", "coord_norte_pga07": 6629228.9, "coord_este_pga07": 2390084}, "bbox": [-70.1446, -30.4697, -70.1446, -30.4697]}, {"type": "Feature", "id": "vw_lem.fid--ce7fb1e_1a08fbfc439_-71a", "geometry": {"type": "Point", "coordinates": [-70.2725, -31.1119]}, "geometry_name": "geom", "properties": {"lem_id": 105, "expte_siged": "520-000280-1998-EXP", "coord_norte_pga07": 6557893.2, "coord_este_pga07": 2378611.1}, "bbox": [-70.2725, -31.1119, -70.2725, -31.1119]}, {"type": "Feature", "id": "vw_lem.fid--ce7fb1e_1a08fbfc439_-719", "geometry": {"type": "Point", "coordinates": [-70.1898, -31.0806]}, "geometry_name": "geom", "properties": {"lem_id": 106, "expte_siged": "520-000496-1999-EXP", "coord_norte_pga07": 6561443.2, "coord_este_pga07": 2386461}, "bbox": [-70.1898, -31.0806, -70.1898, -31.0806]}, {"type": "Feature", "id": "vw_lem.fid--ce7fb1e_1a08fbfc439_-718", "geometry": {"type": "Point", "coordinates": [-69.976, -31.2233]}, "geometry_name": "geom", "properties": {"lem_id": 107, "expte_siged": "414-000101-2004-EXP", "coord_norte_pga07": 6545824.2, "coord_este_pga07": 2407005.9}, "bbox": [-69.976, -31.2233, -69.976, -31.2233]}, {"type": "Feature", "id": "vw_lem.fid--ce7fb1e_1a08fbfc439_-717", "geometry": {"type": "Point", "coordinates": [-70.1318, -31.7043]}, "geometry_name": "geom", "properties": {"lem_id": 108, "expte_siged": "1100-001639-2020-HIST", "coord_norte_pga07": 6492343.5, "coord_este_pga07": 2392711}, "bbox": [-70.1318, -31.7043, -70.1318, -31.7043]}, {"type": "Feature", "id": "vw_lem.fid--ce7fb1e_1a08fbfc439_-716", "geometry": {"type": "Point", "coordinates": [-70.0784, -31.7858]}, "geometry_name": "geom", "properties": {"lem_id": 109, "expte_siged": "425-000157-2002-EXP", "coord_norte_pga07": 6483359.5, "coord_este_pga07": 2397860}, "bbox": [-70.0784, -31.7858, -70.0784, -31.7858]}, {"type": "Feature", "id": "vw_lem.fid--ce7fb1e_1a08fbfc439_-715", "geometry": {"type": "Point", "coordinates": [-70.0607, -31.7481]}, "geometry_name": "geom", "properties": {"lem_id": 110, "expte_siged": "425-000158-2002-EXP", "coord_norte_pga07": 6487557.5, "coord_este_pga07": 2399498}, "bbox": [-70.0607, -31.7481, -70.0607, -31.7481]}, {"type": "Feature", "id": "vw_lem.fid--ce7fb1e_1a08fbfc439_-714", "geometry": {"type": "Point", "coordinates": [-69.9212, -32.3117]}, "geometry_name": "geom", "properties": {"lem_id": 111, "expte_siged": "425-000156-2002-EXP", "coord_norte_pga07": 6425178.7, "coord_este_pga07": 2413243.9}, "bbox": [-69.9212, -32.3117, -69.9212, -32.3117]}, {"type": "Feature", "id": "vw_lem.fid--ce7fb1e_1a08fbfc439_-713", "geometry": {"type": "Point", "coordinates": [-70.0424, -31.9159]}, "geometry_name": "geom", "properties": {"lem_id": 113, "expte_siged": "1100-003409-2020-HIST", "coord_norte_pga07": 6468965.6, "coord_este_pga07": 2401411}, "bbox": [-70.0424, -31.9159, -70.0424, -31.9159]}, {"type": "Feature", "id": "vw_lem.fid--ce7fb1e_1a08fbfc439_-712", "geometry": {"type": "Point", "coordinates": [-70.0896, -32.3318]}, "geometry_name": "geom", "properties": {"lem_id": 114, "expte_siged": "520-000092-1997-EXP", "coord_norte_pga07": 6422793.7, "coord_este_pga07": 2397411}, "bbox": [-70.0896, -32.3318, -70.0896, -32.3318]}, {"type": "Feature", "id": "vw_lem.fid--ce7fb1e_1a08fbfc439_-711", "geometry": {"type": "Point", "coordinates": [-70.0523, -31.5826]}, "geometry_name": "geom", "properties": {"lem_id": 115, "expte_siged": "520-000358-1997-EXP", "coord_norte_pga07": 6505913.4, "coord_este_pga07": 2400111}, "bbox": [-70.0523, -31.5826, -70.0523, -31.5826]}, {"type": "Feature", "id": "vw_lem.fid--ce7fb1e_1a08fbfc439_-710", "geometry": {"type": "Point", "coordinates": [-69.7431, -31.288]}, "geometry_name": "geom", "properties": {"lem_id": 116, "expte_siged": "1124-425165-2002-EXP", "coord_norte_pga07": 6538826.3, "coord_este_pga07": 2429244.9}, "bbox": [-69.7431, -31.288, -69.7431, -31.288]}, {"type": "Feature", "id": "vw_lem.fid--ce7fb1e_1a08fbfc439_-70f", "geometry": {"type": "Point", "coordinates": [-69.611, -31.9982]}, "geometry_name": "geom", "properties": {"lem_id": 117, "expte_siged": "1124-546700-1994-EXP", "coord_norte_pga07": 6460143.6, "coord_este_pga07": 2442260.8}, "bbox": [-69.611, -31.9982, -69.611, -31.9982]}, {"type": "Feature", "id": "vw_lem.fid--ce7fb1e_1a08fbfc439_-70e", "geometry": {"type": "Point", "coordinates": [-69.9754, -31.1715]}, "geometry_name": "geom", "properties": {"lem_id": 118, "expte_siged": "414-000100-2004-EXP", "coord_norte_pga07": 6551571.2, "coord_este_pga07": 2407005.9}, "bbox": [-69.9754, -31.1715, -69.9754, -31.1715]}, {"type": "Feature", "id": "vw_lem.fid--ce7fb1e_1a08fbfc439_-70d", "geometry": {"type": "Point", "coordinates": [-69.9322, -30.7509]}, "geometry_name": "geom", "properties": {"lem_id": 119, "expte_siged": "1124-000077-1997-EXP", "coord_norte_pga07": 6598234, "coord_este_pga07": 2410733.9}, "bbox": [-69.9322, -30.7509, -69.9322, -30.7509]}, {"type": "Feature", "id": "vw_lem.fid--ce7fb1e_1a08fbfc439_-70c", "geometry": {"type": "Point", "coordinates": [-70.016, -30.9558]}, "geometry_name": "geom", "properties": {"lem_id": 120, "expte_siged": "425-000166-2002-EXP", "coord_norte_pga07": 6575448.1, "coord_este_pga07": 2402916}, "bbox": [-70.016, -30.9558, -70.016, -30.9558]}, {"type": "Feature", "id": "vw_lem.fid--ce7fb1e_1a08fbfc439_-70b", "geometry": {"type": "Point", "coordinates": [-69.8793, -30.7061]}, "geometry_name": "geom", "properties": {"lem_id": 121, "expte_siged": "425-000153-2002-EXP", "coord_norte_pga07": 6603248, "coord_este_pga07": 2415760.9}, "bbox": [-69.8793, -30.7061, -69.8793, -30.7061]}, {"type": "Feature", "id": "vw_lem.fid--ce7fb1e_1a08fbfc439_-70a", "geometry": {"type": "Point", "coordinates": [-69.9374, -30.9307]}, "geometry_name": "geom", "properties": {"lem_id": 122, "expte_siged": "1124-000954-1997-EXP", "coord_norte_pga07": 6578293.1, "coord_este_pga07": 2410410.9}, "bbox": [-69.9374, -30.9307, -69.9374, -30.9307]}, {"type": "Feature", "id": "vw_lem.fid--ce7fb1e_1a08fbfc439_-709", "geometry": {"type": "Point", "coordinates": [-69.8153, -31.1525]}, "geometry_name": "geom", "properties": {"lem_id": 125, "expte_siged": "425-000125-2003-EXP", "coord_norte_pga07": 6553802.2, "coord_este_pga07": 2422254.9}, "bbox": [-69.8153, -31.1525, -69.8153, -31.1525]}, {"type": "Feature", "id": "vw_lem.fid--ce7fb1e_1a08fbfc439_-708", "geometry": {"type": "Point", "coordinates": [-69.705, -31.1273]}, "geometry_name": "geom", "properties": {"lem_id": 126, "expte_siged": "520-000122-1997-EXP", "coord_norte_pga07": 6556662.3, "coord_este_pga07": 2432755.2}, "bbox": [-69.705, -31.1273, -69.705, -31.1273]}, {"type": "Feature", "id": "vw_lem.fid--ce7fb1e_1a08fbfc439_-707", "geometry": {"type": "Point", "coordinates": [-69.853, -30.2957]}, "geometry_name": "geom", "properties": {"lem_id": 127, "expte_siged": "425-000152-2002-EXP", "coord_norte_pga07": 6648767.8, "coord_este_pga07": 2417940.9}, "bbox": [-69.853, -30.2957, -69.853, -30.2957]}, {"type": "Feature", "id": "vw_lem.fid--ce7fb1e_1a08fbfc439_-706", "geometry": {"type": "Point", "coordinates": [-69.7981, -30.0238]}, "geometry_name": "geom", "properties": {"lem_id": 128, "expte_siged": "1124-001390-1995-EXP", "coord_norte_pga07": 6678942.7, "coord_este_pga07": 2423010.9}, "bbox": [-69.7981, -30.0238, -69.7981, -30.0238]}, {"type": "Feature", "id": "vw_lem.fid--ce7fb1e_1a08fbfc439_-705", "geometry": {"type": "Point", "coordinates": [-69.7998, -30.1041]}, "geometry_name": "geom", "properties": {"lem_id": 129, "expte_siged": "1124-001388-1995-EXP", "coord_norte_pga07": 6670037.7, "coord_este_pga07": 2422906.9}, "bbox": [-69.7998, -30.1041, -69.7998, -30.1041]}, {"type": "Feature", "id": "vw_lem.fid--ce7fb1e_1a08fbfc439_-704", "geometry": {"type": "Point", "coordinates": [-69.8049, -30.9683]}, "geometry_name": "geom", "properties": {"lem_id": 130, "expte_siged": "1124-000163-1995-EXP", "coord_norte_pga07": 6574228.1, "coord_este_pga07": 2423105.9}, "bbox": [-69.8049, -30.9683, -69.8049, -30.9683]}, {"type": "Feature", "id": "vw_lem.fid--ce7fb1e_1a08fbfc439_-703", "geometry": {"type": "Point", "coordinates": [-69.7851, -30.9572]}, "geometry_name": "geom", "properties": {"lem_id": 131, "expte_siged": "1124-000164-1995-EXP", "coord_norte_pga07": 6575473.1, "coord_este_pga07": 2424981.9}, "bbox": [-69.7851, -30.9572, -69.7851, -30.9572]}, {"type": "Feature", "id": "vw_lem.fid--ce7fb1e_1a08fbfc439_-702", "geometry": {"type": "Point", "coordinates": [-69.7157, -30.6669]}, "geometry_name": "geom", "properties": {"lem_id": 132, "expte_siged": "1124-000219-1996-EXP", "coord_norte_pga07": 6607703, "coord_este_pga07": 2431410.9}, "bbox": [-69.7157, -30.6669, -69.7157, -30.6669]}, {"type": "Feature", "id": "vw_lem.fid--ce7fb1e_1a08fbfc439_-701", "geometry": {"type": "Point", "coordinates": [-69.663, -31.1949]}, "geometry_name": "geom", "properties": {"lem_id": 134, "expte_siged": "520-000438-1998-EXP", "coord_norte_pga07": 6549193.2, "coord_este_pga07": 2436810.8}, "bbox": [-69.663, -31.1949, -69.663, -31.1949]}, {"type": "Feature", "id": "vw_lem.fid--ce7fb1e_1a08fbfc439_-700", "geometry": {"type": "Point", "coordinates": [-69.6874, -30.5148]}, "geometry_name": "geom", "properties": {"lem_id": 135, "expte_siged": "1124-182090-1991-EXP", "coord_norte_pga07": 6624580.9, "coord_este_pga07": 2434023.8}, "bbox": [-69.6874, -30.5148, -69.6874, -30.5148]}, {"type": "Feature", "id": "vw_lem.fid--ce7fb1e_1a08fbfc439_-6ff", "geometry": {"type": "Point", "coordinates": [-69.366, -31.4764]}, "geometry_name": "geom", "properties": {"lem_id": 136, "expte_siged": "1124-001205-1995-EXP", "coord_norte_pga07": 6518107.4, "coord_este_pga07": 2465215.7}, "bbox": [-69.366, -31.4764, -69.366, -31.4764]}, {"type": "Feature", "id": "vw_lem.fid--ce7fb1e_1a08fbfc439_-6fe", "geometry": {"type": "Point", "coordinates": [-69.3296, -31.3328]}, "geometry_name": "geom", "properties": {"lem_id": 137, "expte_siged": "1124-000408-1996-EXP", "coord_norte_pga07": 6534044.3, "coord_este_pga07": 2468634.7}, "bbox": [-69.3296, -31.3328, -69.3296, -31.3328]}, {"type": "Feature", "id": "vw_lem.fid--ce7fb1e_1a08fbfc439_-6fd", "geometry": {"type": "Point", "coordinates": [-69.5369, -30.0197]}, "geometry_name": "geom", "properties": {"lem_id": 138, "expte_siged": "1124-000590-1995-EXP", "coord_norte_pga07": 6679542.7, "coord_este_pga07": 2448210.8}, "bbox": [-69.5369, -30.0197, -69.5369, -30.0197]}, {"type": "Feature", "id": "vw_lem.fid--ce7fb1e_1a08fbfc439_-6fc", "geometry": {"type": "Point", "coordinates": [-69.111, -30.0096]}, "geometry_name": "geom", "properties": {"lem_id": 139, "expte_siged": "520-000254-1998-EXP", "coord_norte_pga07": 6680779.1, "coord_este_pga07": 2489295.3}, "bbox": [-69.111, -30.0096, -69.111, -30.0096]}, {"type": "Feature", "id": "vw_lem.fid--ce7fb1e_1a08fbfc439_-6fb", "geometry": {"type": "Point", "coordinates": [-68.7687, -32.0254]}, "geometry_name": "geom", "properties": {"lem_id": 140, "expte_siged": "1124-545098-1994-EXP", "coord_norte_pga07": 6457269.6, "coord_este_pga07": 2521849.5}, "bbox": [-68.7687, -32.0254, -68.7687, -32.0254]}, {"type": "Feature", "id": "vw_lem.fid--ce7fb1e_1a08fbfc439_-6fa", "geometry": {"type": "Point", "coordinates": [-68.7204, -31.8494]}, "geometry_name": "geom", "properties": {"lem_id": 141, "expte_siged": "1124-001044-1997-EXP", "coord_norte_pga07": 6476775.5, "coord_este_pga07": 2526465.5}, "bbox": [-68.7204, -31.8494, -68.7204, -31.8494]}, {"type": "Feature", "id": "vw_lem.fid--ce7fb1e_1a08fbfc439_-6f9", "geometry": {"type": "Point", "coordinates": [-67.3747, -31.4414]}, "geometry_name": "geom", "properties": {"lem_id": 142, "expte_siged": "1124-000528-1995-EXP", "coord_norte_pga07": 6520912.7, "coord_este_pga07": 2654516.4}, "bbox": [-67.3747, -31.4414, -67.3747, -31.4414]}, {"type": "Feature", "id": "vw_lem.fid--ce7fb1e_1a08fbfc439_-6f8", "geometry": {"type": "Point", "coordinates": [-67.6219, -30.636]}, "geometry_name": "geom", "properties": {"lem_id": 143, "expte_siged": "1124-001506-1995-EXP", "coord_norte_pga07": 6610540, "coord_este_pga07": 2632114}, "bbox": [-67.6219, -30.636, -67.6219, -30.636]}, {"type": "Feature", "id": "vw_lem.fid--ce7fb1e_1a08fbfc439_-6f7", "geometry": {"type": "Point", "coordinates": [-67.6695, -30.5606]}, "geometry_name": "geom", "properties": {"lem_id": 144, "expte_siged": "1124-338702-1992-EXP", "coord_norte_pga07": 6618952.9, "coord_este_pga07": 2627650}, "bbox": [-67.6695, -30.5606, -67.6695, -30.5606]}, {"type": "Feature", "id": "vw_lem.fid--ce7fb1e_1a08fbfc439_-6f6", "geometry": {"type": "Point", "coordinates": [-67.614, -30.6369]}, "geometry_name": "geom", "properties": {"lem_id": 145, "expte_siged": "1124-001505-1995-EXP", "coord_norte_pga07": 6610422, "coord_este_pga07": 2632874}, "bbox": [-67.614, -30.6369, -67.614, -30.6369]}, {"type": "Feature", "id": "vw_lem.fid--ce7fb1e_1a08fbfc439_-6f5", "geometry": {"type": "Point", "coordinates": [-67.6038, -30.6321]}, "geometry_name": "geom", "properties": {"lem_id": 146, "expte_siged": "1124-195013-1982-EXP", "coord_norte_pga07": 6610950, "coord_este_pga07": 2633860}, "bbox": [-67.6038, -30.6321, -67.6038, -30.6321]}, {"type": "Feature", "id": "vw_lem.fid--ce7fb1e_1a08fbfc439_-6f4", "geometry": {"type": "Point", "coordinates": [-69.8962, -29.3953]}, "geometry_name": "geom", "properties": {"lem_id": 147, "expte_siged": "1124-296608-1990-EXP", "coord_norte_pga07": 6748547.4, "coord_este_pga07": 2413004}, "bbox": [-69.8962, -29.3953, -69.8962, -29.3953]}, {"type": "Feature", "id": "vw_lem.fid--ce7fb1e_1a08fbfc439_-6f3", "geometry": {"type": "Point", "coordinates": [-69.9154, -29.4101]}, "geometry_name": "geom", "properties": {"lem_id": 148, "expte_siged": "1124-000675-1995-EXP", "coord_norte_pga07": 6746892.4, "coord_este_pga07": 2411161}, "bbox": [-69.9154, -29.4101, -69.9154, -29.4101]}, {"type": "Feature", "id": "vw_lem.fid--ce7fb1e_1a08fbfc439_-6f2", "geometry": {"type": "Point", "coordinates": [-69.9211, -29.3166]}, "geometry_name": "geom", "properties": {"lem_id": 149, "expte_siged": "425-000036-2002-EXP", "coord_norte_pga07": 6757248.3, "coord_este_pga07": 2410521}, "bbox": [-69.9211, -29.3166, -69.9211, -29.3166]}, {"type": "Feature", "id": "vw_lem.fid--ce7fb1e_1a08fbfc439_-6f1", "geometry": {"type": "Point", "coordinates": [-69.9074, -29.6709]}, "geometry_name": "geom", "properties": {"lem_id": 150, "expte_siged": "1124-338078-1993-EXP", "coord_norte_pga07": 6717986.5, "coord_este_pga07": 2412163}, "bbox": [-69.9074, -29.6709, -69.9074, -29.6709]}, {"type": "Feature", "id": "vw_lem.fid--ce7fb1e_1a08fbfc439_-6f0", "geometry": {"type": "Point", "coordinates": [-69.8607, -29.2244]}, "geometry_name": "geom", "properties": {"lem_id": 151, "expte_siged": "1124-000027-1996-EXP", "coord_norte_pga07": 6767520.2, "coord_este_pga07": 2416317.4}, "bbox": [-69.8607, -29.2244, -69.8607, -29.2244]}, {"type": "Feature", "id": "vw_lem.fid--ce7fb1e_1a08fbfc439_-6ef", "geometry": {"type": "Point", "coordinates": [-69.9852, -29.2847]}, "geometry_name": "geom", "properties": {"lem_id": 152, "expte_siged": "1124-000353-1995-EXP", "coord_norte_pga07": 6760742.3, "coord_este_pga07": 2404261}, "bbox": [-69.9852, -29.2847, -69.9852, -29.2847]}, {"type": "Feature", "id": "vw_lem.fid--ce7fb1e_1a08fbfc439_-6ee", "geometry": {"type": "Point", "coordinates": [-69.881, -29.1907]}, "geometry_name": "geom", "properties": {"lem_id": 153, "expte_siged": "1124-000154-1995-EXP", "coord_norte_pga07": 6771242.3, "coord_este_pga07": 2414311}, "bbox": [-69.881, -29.1907, -69.881, -29.1907]}, {"type": "Feature", "id": "vw_lem.fid--ce7fb1e_1a08fbfc439_-6ed", "geometry": {"type": "Point", "coordinates": [-69.8736, -29.1684]}, "geometry_name": "geom", "properties": {"lem_id": 154, "expte_siged": "1124-000248-1996-EXP", "coord_norte_pga07": 6773717.3, "coord_este_pga07": 2415010.9}, "bbox": [-69.8736, -29.1684, -69.8736, -29.1684]}, {"type": "Feature", "id": "vw_lem.fid--ce7fb1e_1a08fbfc439_-6ec", "geometry": {"type": "Point", "coordinates": [-69.8528, -29.1692]}, "geometry_name": "geom", "properties": {"lem_id": 155, "expte_siged": "1124-000249-1996-EXP", "coord_norte_pga07": 6773642.3, "coord_este_pga07": 2417035.9}, "bbox": [-69.8528, -29.1692, -69.8528, -29.1692]}, {"type": "Feature", "id": "vw_lem.fid--ce7fb1e_1a08fbfc439_-6eb", "geometry": {"type": "Point", "coordinates": [-69.9018, -29.427]}, "geometry_name": "geom", "properties": {"lem_id": 156, "expte_siged": "1124-000676-1995-EXP", "coord_norte_pga07": 6745026.4, "coord_este_pga07": 2412488}, "bbox": [-69.9018, -29.427, -69.9018, -29.427]}, {"type": "Feature", "id": "vw_lem.fid--ce7fb1e_1a08fbfc439_-6ea", "geometry": {"type": "Point", "coordinates": [-69.9419, -29.326]}, "geometry_name": "geom", "properties": {"lem_id": 157, "expte_siged": "1124-001176-1996-EXP", "coord_norte_pga07": 6756192.4, "coord_este_pga07": 2408511}, "bbox": [-69.9419, -29.326, -69.9419, -29.326]}, {"type": "Feature", "id": "vw_lem.fid--ce7fb1e_1a08fbfc439_-6e9", "geometry": {"type": "Point", "coordinates": [-69.9337, -29.5119]}, "geometry_name": "geom", "properties": {"lem_id": 158, "expte_siged": "1124-296506-1989-EXP", "coord_norte_pga07": 6735592.4, "coord_este_pga07": 2409471}, "bbox": [-69.9337, -29.5119, -69.9337, -29.5119]}, {"type": "Feature", "id": "vw_lem.fid--ce7fb1e_1a08fbfc439_-6e8", "geometry": {"type": "Point", "coordinates": [-70.0071, -29.3128]}, "geometry_name": "geom", "properties": {"lem_id": 159, "expte_siged": "1124-338333-1993-EXP", "coord_norte_pga07": 6757608.3, "coord_este_pga07": 2402162}, "bbox": [-70.0071, -29.3128, -70.0071, -29.3128]}, {"type": "Feature", "id": "vw_lem.fid--ce7fb1e_1a08fbfc439_-6e7", "geometry": {"type": "Point", "coordinates": [-70.0134, -29.3202]}, "geometry_name": "geom", "properties": {"lem_id": 160, "expte_siged": "1124-338334-1993-EXP", "coord_norte_pga07": 6756776.3, "coord_este_pga07": 2401554}, "bbox": [-70.0134, -29.3202, -70.0134, -29.3202]}, {"type": "Feature", "id": "vw_lem.fid--ce7fb1e_1a08fbfc439_-6e6", "geometry": {"type": "Point", "coordinates": [-70.0015, -29.3392]}, "geometry_name": "geom", "properties": {"lem_id": 162, "expte_siged": "1124-338336-1993-EXP", "coord_norte_pga07": 6754686.4, "coord_este_pga07": 2402737}, "bbox": [-70.0015, -29.3392, -70.0015, -29.3392]}, {"type": "Feature", "id": "vw_lem.fid--ce7fb1e_1a08fbfc439_-6e5", "geometry": {"type": "Point", "coordinates": [-70.0164, -29.3292]}, "geometry_name": "geom", "properties": {"lem_id": 163, "expte_siged": "1124-338338-1993-EXP", "coord_norte_pga07": 6755779.4, "coord_este_pga07": 2401280}, "bbox": [-70.0164, -29.3292, -70.0164, -29.3292]}, {"type": "Feature", "id": "vw_lem.fid--ce7fb1e_1a08fbfc439_-6e4", "geometry": {"type": "Point", "coordinates": [-69.921, -29.52]}, "geometry_name": "geom", "properties": {"lem_id": 164, "expte_siged": "1124-338888-1992-EXP", "coord_norte_pga07": 6734702.4, "coord_este_pga07": 2410711}, "bbox": [-69.921, -29.52, -69.921, -29.52]}, {"type": "Feature", "id": "vw_lem.fid--ce7fb1e_1a08fbfc439_-6e3", "geometry": {"type": "Point", "coordinates": [-69.8976, -29.4463]}, "geometry_name": "geom", "properties": {"lem_id": 165, "expte_siged": "1124-000677-1995-EXP", "coord_norte_pga07": 6742894.4, "coord_este_pga07": 2412911}, "bbox": [-69.8976, -29.4463, -69.8976, -29.4463]}, {"type": "Feature", "id": "vw_lem.fid--ce7fb1e_1a08fbfc439_-6e2", "geometry": {"type": "Point", "coordinates": [-69.6198, -29.9846]}, "geometry_name": "geom", "properties": {"lem_id": 166, "expte_siged": "425-000174-2003-EXP", "coord_norte_pga07": 6683392.7, "coord_este_pga07": 2440183.8}, "bbox": [-69.6198, -29.9846, -69.6198, -29.9846]}, {"type": "Feature", "id": "vw_lem.fid--ce7fb1e_1a08fbfc439_-6e1", "geometry": {"type": "Point", "coordinates": [-69.8435, -29.2167]}, "geometry_name": "geom", "properties": {"lem_id": 167, "expte_siged": "425-000317-2002-EXP", "coord_norte_pga07": 6768383.3, "coord_este_pga07": 2417978.9}, "bbox": [-69.8435, -29.2167, -69.8435, -29.2167]}, {"type": "Feature", "id": "vw_lem.fid--ce7fb1e_1a08fbfc439_-6e0", "geometry": {"type": "Point", "coordinates": [-69.8151, -29.758]}, "geometry_name": "geom", "properties": {"lem_id": 168, "expte_siged": "1124-242984-1987-EXP", "coord_norte_pga07": 6708396.6, "coord_este_pga07": 2421160.9}, "bbox": [-69.8151, -29.758, -69.8151, -29.758]}, {"type": "Feature", "id": "vw_lem.fid--ce7fb1e_1a08fbfc439_-6df", "geometry": {"type": "Point", "coordinates": [-69.9904, -29.3397]}, "geometry_name": "geom", "properties": {"lem_id": 161, "expte_siged": "1124-338335-1993-EXP", "coord_norte_pga07": 6754640.88, "coord_este_pga07": 2403808.76}, "bbox": [-69.9904, -29.3397, -69.9904, -29.3397]}, {"type": "Feature", "id": "vw_lem.fid--ce7fb1e_1a08fbfc439_-6de", "geometry": {"type": "Point", "coordinates": [-69.7287, -29.6072]}, "geometry_name": "geom", "properties": {"lem_id": 170, "expte_siged": "1124-546715-1994-EXP", "coord_norte_pga07": 6725172.5, "coord_este_pga07": 2429410.9}, "bbox": [-69.7287, -29.6072, -69.7287, -29.6072]}, {"type": "Feature", "id": "vw_lem.fid--ce7fb1e_1a08fbfc439_-6dd", "geometry": {"type": "Point", "coordinates": [-69.8006, -29.217]}, "geometry_name": "geom", "properties": {"lem_id": 171, "expte_siged": "1124-000101-1996-EXP", "coord_norte_pga07": 6768374.3, "coord_este_pga07": 2422151.9}, "bbox": [-69.8006, -29.217, -69.8006, -29.217]}, {"type": "Feature", "id": "vw_lem.fid--ce7fb1e_1a08fbfc439_-6dc", "geometry": {"type": "Point", "coordinates": [-69.7847, -29.3072]}, "geometry_name": "geom", "properties": {"lem_id": 172, "expte_siged": "1124-001110-1996-EXP", "coord_norte_pga07": 6758392.3, "coord_este_pga07": 2423760.9}, "bbox": [-69.7847, -29.3072, -69.7847, -29.3072]}, {"type": "Feature", "id": "vw_lem.fid--ce7fb1e_1a08fbfc439_-6db", "geometry": {"type": "Point", "coordinates": [-69.8054, -29.2556]}, "geometry_name": "geom", "properties": {"lem_id": 173, "expte_siged": "1124-001182-1996-EXP", "coord_norte_pga07": 6764092.3, "coord_este_pga07": 2421710.9}, "bbox": [-69.8054, -29.2556, -69.8054, -29.2556]}, {"type": "Feature", "id": "vw_lem.fid--ce7fb1e_1a08fbfc439_-6da", "geometry": {"type": "Point", "coordinates": [-69.7943, -29.2792]}, "geometry_name": "geom", "properties": {"lem_id": 174, "expte_siged": "1100-005237-2020-HIST", "coord_norte_pga07": 6761492.3, "coord_este_pga07": 2422810.9}, "bbox": [-69.7943, -29.2792, -69.7943, -29.2792]}, {"type": "Feature", "id": "vw_lem.fid--ce7fb1e_1a08fbfc439_-6d9", "geometry": {"type": "Point", "coordinates": [-69.6551, -29.2375]}, "geometry_name": "geom", "properties": {"lem_id": 175, "expte_siged": "1124-001193-1996-EXP", "coord_norte_pga07": 6766192.3, "coord_este_pga07": 2436310.9}, "bbox": [-69.6551, -29.2375, -69.6551, -29.2375]}, {"type": "Feature", "id": "vw_lem.fid--ce7fb1e_1a08fbfc439_-6d8", "geometry": {"type": "Point", "coordinates": [-69.6267, -29.2918]}, "geometry_name": "geom", "properties": {"lem_id": 176, "expte_siged": "1124-001194-1996-EXP", "coord_norte_pga07": 6760192.3, "coord_este_pga07": 2439110.8}, "bbox": [-69.6267, -29.2918, -69.6267, -29.2918]}, {"type": "Feature", "id": "vw_lem.fid--ce7fb1e_1a08fbfc439_-6d7", "geometry": {"type": "Point", "coordinates": [-69.7317, -29.3012]}, "geometry_name": "geom", "properties": {"lem_id": 177, "expte_siged": "1124-001196-1996-EXP", "coord_norte_pga07": 6759092.3, "coord_este_pga07": 2428910.9}, "bbox": [-69.7317, -29.3012, -69.7317, -29.3012]}, {"type": "Feature", "id": "vw_lem.fid--ce7fb1e_1a08fbfc439_-6d6", "geometry": {"type": "Point", "coordinates": [-69.8123, -29.4667]}, "geometry_name": "geom", "properties": {"lem_id": 178, "expte_siged": "1124-001201-1996-EXP", "coord_norte_pga07": 6740692.4, "coord_este_pga07": 2421210.9}, "bbox": [-69.8123, -29.4667, -69.8123, -29.4667]}, {"type": "Feature", "id": "vw_lem.fid--ce7fb1e_1a08fbfc439_-6d5", "geometry": {"type": "Point", "coordinates": [-69.7575, -29.8486]}, "geometry_name": "geom", "properties": {"lem_id": 179, "expte_siged": "1124-001374-1995-EXP", "coord_norte_pga07": 6698392.6, "coord_este_pga07": 2426800.9}, "bbox": [-69.7575, -29.8486, -69.7575, -29.8486]}, {"type": "Feature", "id": "vw_lem.fid--ce7fb1e_1a08fbfc439_-6d4", "geometry": {"type": "Point", "coordinates": [-69.7586, -29.5261]}, "geometry_name": "geom", "properties": {"lem_id": 180, "expte_siged": "1124-001381-1995-EXP", "coord_norte_pga07": 6734142.4, "coord_este_pga07": 2426460.9}, "bbox": [-69.7586, -29.5261, -69.7586, -29.5261]}, {"type": "Feature", "id": "vw_lem.fid--ce7fb1e_1a08fbfc439_-6d3", "geometry": {"type": "Point", "coordinates": [-69.7113, -29.836]}, "geometry_name": "geom", "properties": {"lem_id": 181, "expte_siged": "1124-339034-1992-EXP", "coord_norte_pga07": 6699821.6, "coord_este_pga07": 2431256.9}, "bbox": [-69.7113, -29.836, -69.7113, -29.836]}, {"type": "Feature", "id": "vw_lem.fid--ce7fb1e_1a08fbfc439_-6d2", "geometry": {"type": "Point", "coordinates": [-69.7623, -29.5691]}, "geometry_name": "geom", "properties": {"lem_id": 182, "expte_siged": "1124-546714-1994-EXP", "coord_norte_pga07": 6729372.5, "coord_este_pga07": 2426130.9}, "bbox": [-69.7623, -29.5691, -69.7623, -29.5691]}, {"type": "Feature", "id": "vw_lem.fid--ce7fb1e_1a08fbfc439_-6d1", "geometry": {"type": "Point", "coordinates": [-69.8356, -29.5514]}, "geometry_name": "geom", "properties": {"lem_id": 183, "expte_siged": "1124-001150-1996-EXP", "coord_norte_pga07": 6731292.5, "coord_este_pga07": 2419010.9}, "bbox": [-69.8356, -29.5514, -69.8356, -29.5514]}, {"type": "Feature", "id": "vw_lem.fid--ce7fb1e_1a08fbfc439_-6d0", "geometry": {"type": "Point", "coordinates": [-69.8365, -29.1472]}, "geometry_name": "geom", "properties": {"lem_id": 184, "expte_siged": "1124-001474-1995-EXP", "coord_norte_pga07": 6776092.3, "coord_este_pga07": 2418610.9}, "bbox": [-69.8365, -29.1472, -69.8365, -29.1472]}, {"type": "Feature", "id": "vw_lem.fid--ce7fb1e_1a08fbfc439_-6cf", "geometry": {"type": "Point", "coordinates": [-69.8365, -29.4007]}, "geometry_name": "geom", "properties": {"lem_id": 185, "expte_siged": "1124-338816-1992-EXP", "coord_norte_pga07": 6747992.4, "coord_este_pga07": 2418810.9}, "bbox": [-69.8365, -29.4007, -69.8365, -29.4007]}, {"type": "Feature", "id": "vw_lem.fid--ce7fb1e_1a08fbfc439_-6ce", "geometry": {"type": "Point", "coordinates": [-69.5867, -28.5184]}, "geometry_name": "geom", "properties": {"lem_id": 186, "expte_siged": "1124-414145-2004-EXP", "coord_norte_pga07": 6845927.9, "coord_este_pga07": 2442566.8}, "bbox": [-69.5867, -28.5184, -69.5867, -28.5184]}, {"type": "Feature", "id": "vw_lem.fid--ce7fb1e_1a08fbfc439_-6cd", "geometry": {"type": "Point", "coordinates": [-69.6668, -28.7623]}, "geometry_name": "geom", "properties": {"lem_id": 187, "expte_siged": "1124-414131-2004-EXP", "coord_norte_pga07": 6818862.1, "coord_este_pga07": 2434880.9}, "bbox": [-69.6668, -28.7623, -69.6668, -28.7623]}, {"type": "Feature", "id": "vw_lem.fid--ce7fb1e_1a08fbfc439_-6cc", "geometry": {"type": "Point", "coordinates": [-69.6181, -28.4885]}, "geometry_name": "geom", "properties": {"lem_id": 188, "expte_siged": "425-000247-2000-EXP", "coord_norte_pga07": 6849235.9, "coord_este_pga07": 2439477.8}, "bbox": [-69.6181, -28.4885, -69.6181, -28.4885]}, {"type": "Feature", "id": "vw_lem.fid--ce7fb1e_1a08fbfc439_-6cb", "geometry": {"type": "Point", "coordinates": [-69.6507, -28.5134]}, "geometry_name": "geom", "properties": {"lem_id": 189, "expte_siged": "520-000100-1998-EXP", "coord_norte_pga07": 6846458.7, "coord_este_pga07": 2436300.1}, "bbox": [-69.6507, -28.5134, -69.6507, -28.5134]}, {"type": "Feature", "id": "vw_lem.fid--ce7fb1e_1a08fbfc439_-6ca", "geometry": {"type": "Point", "coordinates": [-69.5884, -28.5271]}, "geometry_name": "geom", "properties": {"lem_id": 190, "expte_siged": "1124-000029-2009-EXP", "coord_norte_pga07": 6844970.6, "coord_este_pga07": 2442408.2}, "bbox": [-69.5884, -28.5271, -69.5884, -28.5271]}, {"type": "Feature", "id": "vw_lem.fid--ce7fb1e_1a08fbfc439_-6c9", "geometry": {"type": "Point", "coordinates": [-69.6617, -28.5667]}, "geometry_name": "geom", "properties": {"lem_id": 191, "expte_siged": "1100-520274-1997-EXP", "coord_norte_pga07": 6840542, "coord_este_pga07": 2435260.9}, "bbox": [-69.6617, -28.5667, -69.6617, -28.5667]}, {"type": "Feature", "id": "vw_lem.fid--ce7fb1e_1a08fbfc439_-6c8", "geometry": {"type": "Point", "coordinates": [-69.6058, -28.6665]}, "geometry_name": "geom", "properties": {"lem_id": 192, "expte_siged": "1124-000512-1995-EXP", "coord_norte_pga07": 6829512, "coord_este_pga07": 2440786.8}, "bbox": [-69.6058, -28.6665, -69.6058, -28.6665]}, {"type": "Feature", "id": "vw_lem.fid--ce7fb1e_1a08fbfc439_-6c7", "geometry": {"type": "Point", "coordinates": [-69.5287, -29.8416]}, "geometry_name": "geom", "properties": {"lem_id": 193, "expte_siged": "1124-338141-1993-EXP", "coord_norte_pga07": 6699292.6, "coord_este_pga07": 2448910.8}, "bbox": [-69.5287, -29.8416, -69.5287, -29.8416]}, {"type": "Feature", "id": "vw_lem.fid--ce7fb1e_1a08fbfc439_-6c6", "geometry": {"type": "Point", "coordinates": [-69.5194, -29.8453]}, "geometry_name": "geom", "properties": {"lem_id": 194, "expte_siged": "1124-338711-1993-EXP", "coord_norte_pga07": 6698892.6, "coord_este_pga07": 2449810.8}, "bbox": [-69.5194, -29.8453, -69.5194, -29.8453]}, {"type": "Feature", "id": "vw_lem.fid--ce7fb1e_1a08fbfc439_-6c5", "geometry": {"type": "Point", "coordinates": [-69.1094, -29.6847]}, "geometry_name": "geom", "properties": {"lem_id": 195, "expte_siged": "425-000128-2003-EXP", "coord_norte_pga07": 6716792.5, "coord_este_pga07": 2489410.6}, "bbox": [-69.1094, -29.6847, -69.1094, -29.6847]}, {"type": "Feature", "id": "vw_lem.fid--ce7fb1e_1a08fbfc439_-6c4", "geometry": {"type": "Point", "coordinates": [-69.1123, -29.818]}, "geometry_name": "geom", "properties": {"lem_id": 196, "expte_siged": "1124-001246-1995-EXP", "coord_norte_pga07": 6702020.6, "coord_este_pga07": 2489142.6}, "bbox": [-69.1123, -29.818, -69.1123, -29.818]}, {"type": "Feature", "id": "vw_lem.fid--ce7fb1e_1a08fbfc439_-6c3", "geometry": {"type": "Point", "coordinates": [-68.7523, -29.6819]}, "geometry_name": "geom", "properties": {"lem_id": 197, "expte_siged": "1124-001117-1995-EXP", "coord_norte_pga07": 6717088.5, "coord_este_pga07": 2523975.5}, "bbox": [-68.7523, -29.6819, -68.7523, -29.6819]}, {"type": "Feature", "id": "vw_lem.fid--ce7fb1e_1a08fbfc439_-6c2", "geometry": {"type": "Point", "coordinates": [-68.753, -29.7035]}, "geometry_name": "geom", "properties": {"lem_id": 198, "expte_siged": "1124-001118-1995-EXP", "coord_norte_pga07": 6714697.5, "coord_este_pga07": 2523902.5}, "bbox": [-68.753, -29.7035, -68.753, -29.7035]}, {"type": "Feature", "id": "vw_lem.fid--ce7fb1e_1a08fbfc439_-6c1", "geometry": {"type": "Point", "coordinates": [-68.7473, -29.7333]}, "geometry_name": "geom", "properties": {"lem_id": 199, "expte_siged": "1124-001119-1995-EXP", "coord_norte_pga07": 6711391.5, "coord_este_pga07": 2524446.5}, "bbox": [-68.7473, -29.7333, -68.7473, -29.7333]}, {"type": "Feature", "id": "vw_lem.fid--ce7fb1e_1a08fbfc439_-6c0", "geometry": {"type": "Point", "coordinates": [-68.7052, -29.7566]}, "geometry_name": "geom", "properties": {"lem_id": 200, "expte_siged": "1124-000453-1999-EXP", "coord_norte_pga07": 6708792.6, "coord_este_pga07": 2528510.4}, "bbox": [-68.7052, -29.7566, -68.7052, -29.7566]}, {"type": "Feature", "id": "vw_lem.fid--ce7fb1e_1a08fbfc439_-6bf", "geometry": {"type": "Point", "coordinates": [-68.7077, -29.69]}, "geometry_name": "geom", "properties": {"lem_id": 201, "expte_siged": "1124-001114-1995-EXP", "coord_norte_pga07": 6716183.5, "coord_este_pga07": 2528291.4}, "bbox": [-68.7077, -29.69, -68.7077, -29.69]}, {"type": "Feature", "id": "vw_lem.fid--ce7fb1e_1a08fbfc439_-6be", "geometry": {"type": "Point", "coordinates": [-68.7202, -29.6633]}, "geometry_name": "geom", "properties": {"lem_id": 202, "expte_siged": "1124-001116-1995-EXP", "coord_norte_pga07": 6719138.5, "coord_este_pga07": 2527089.5}, "bbox": [-68.7202, -29.6633, -68.7202, -29.6633]}, {"type": "Feature", "id": "vw_lem.fid--ce7fb1e_1a08fbfc439_-6bd", "geometry": {"type": "Point", "coordinates": [-68.6359, -29.8913]}, "geometry_name": "geom", "properties": {"lem_id": 203, "expte_siged": "1124-001120-1996-EXP", "coord_norte_pga07": 6693841.6, "coord_este_pga07": 2535167.4}, "bbox": [-68.6359, -29.8913, -68.6359, -29.8913]}, {"type": "Feature", "id": "vw_lem.fid--ce7fb1e_1a08fbfc439_-6bc", "geometry": {"type": "Point", "coordinates": [-69.9938, -30.6618]}, "geometry_name": "geom", "properties": {"lem_id": 204, "expte_siged": "425-000155-2002-EXP", "coord_norte_pga07": 6608062, "coord_este_pga07": 2404750}, "bbox": [-69.9938, -30.6618, -69.9938, -30.6618]}, {"type": "Feature", "id": "vw_lem.fid--ce7fb1e_1a08fbfc439_-6bb", "geometry": {"type": "Point", "coordinates": [-69.9902, -32.2019]}, "geometry_name": "geom", "properties": {"lem_id": 205, "expte_siged": "1124-001163-1996-EXP", "coord_norte_pga07": 6437289.3, "coord_este_pga07": 2406634.9}, "bbox": [-69.9902, -32.2019, -69.9902, -32.2019]}, {"type": "Feature", "id": "vw_lem.fid--ce7fb1e_1a08fbfc439_-6ba", "geometry": {"type": "Point", "coordinates": [-69.42, -31.6696]}, "geometry_name": "geom", "properties": {"lem_id": 206, "expte_siged": "414-000266-2004-EXP", "coord_norte_pga07": 6496668.5, "coord_este_pga07": 2460170.5}, "bbox": [-69.42, -31.6696, -69.42, -31.6696]}, {"type": "Feature", "id": "vw_lem.fid--ce7fb1e_1a08fbfc439_-6b9", "geometry": {"type": "Point", "coordinates": [-69.3743, -31.6473]}, "geometry_name": "geom", "properties": {"lem_id": 207, "expte_siged": "414-000346-2004-EXP", "coord_norte_pga07": 6499158, "coord_este_pga07": 2464499.4}, "bbox": [-69.3743, -31.6473, -69.3743, -31.6473]}, {"type": "Feature", "id": "vw_lem.fid--ce7fb1e_1a08fbfc439_-6b8", "geometry": {"type": "Point", "coordinates": [-69.5278, -32.0344]}, "geometry_name": "geom", "properties": {"lem_id": 208, "expte_siged": "414-000416-2004-EXP", "coord_norte_pga07": 6456178.8, "coord_este_pga07": 2450140}, "bbox": [-69.5278, -32.0344, -69.5278, -32.0344]}, {"type": "Feature", "id": "vw_lem.fid--ce7fb1e_1a08fbfc439_-6b7", "geometry": {"type": "Point", "coordinates": [-69.753, -32.2859]}, "geometry_name": "geom", "properties": {"lem_id": 210, "expte_siged": "414-000421-2004-EXP", "coord_norte_pga07": 6428163.7, "coord_este_pga07": 2429070.8}, "bbox": [-69.753, -32.2859, -69.753, -32.2859]}, {"type": "Feature", "id": "vw_lem.fid--ce7fb1e_1a08fbfc439_-6b6", "geometry": {"type": "Point", "coordinates": [-69.812, -31.751]}, "geometry_name": "geom", "properties": {"lem_id": 211, "expte_siged": "1124-414420-2004-EXP", "coord_norte_pga07": 6487433.5, "coord_este_pga07": 2423060.9}, "bbox": [-69.812, -31.751, -69.812, -31.751]}, {"type": "Feature", "id": "vw_lem.fid--ce7fb1e_1a08fbfc439_-6b5", "geometry": {"type": "Point", "coordinates": [-70.3742, -31.7864]}, "geometry_name": "geom", "properties": {"lem_id": 212, "expte_siged": "414-000170-2004-EXP", "coord_norte_pga07": 6482979.5, "coord_este_pga07": 2369840.2}, "bbox": [-70.3742, -31.7864, -70.3742, -31.7864]}, {"type": "Feature", "id": "vw_lem.fid--ce7fb1e_1a08fbfc439_-6b4", "geometry": {"type": "Point", "coordinates": [-69.2691, -30.1809]}, "geometry_name": "geom", "properties": {"lem_id": 213, "expte_siged": "1100-004121-2020-HIST", "coord_norte_pga07": 6661765.8, "coord_este_pga07": 2474079.7}, "bbox": [-69.2691, -30.1809, -69.2691, -30.1809]}, {"type": "Feature", "id": "vw_lem.fid--ce7fb1e_1a08fbfc439_-6b3", "geometry": {"type": "Point", "coordinates": [-69.567, -30.7133]}, "geometry_name": "geom", "properties": {"lem_id": 214, "expte_siged": "1100-000824-2020-HIST", "coord_norte_pga07": 6602637, "coord_este_pga07": 2445688.8}, "bbox": [-69.567, -30.7133, -69.567, -30.7133]}, {"type": "Feature", "id": "vw_lem.fid--ce7fb1e_1a08fbfc439_-6b2", "geometry": {"type": "Point", "coordinates": [-69.4337, -31.6774]}, "geometry_name": "geom", "properties": {"lem_id": 215, "expte_siged": "414-000783-2005-EXP", "coord_norte_pga07": 6495797.1, "coord_este_pga07": 2458877.3}, "bbox": [-69.4337, -31.6774, -69.4337, -31.6774]}, {"type": "Feature", "id": "vw_lem.fid--ce7fb1e_1a08fbfc439_-6b1", "geometry": {"type": "Point", "coordinates": [-69.9632, -29.3396]}, "geometry_name": "geom", "properties": {"lem_id": 216, "expte_siged": "520-000061-1997-EXP", "coord_norte_pga07": 6754666.3, "coord_este_pga07": 2406450.6}, "bbox": [-69.9632, -29.3396, -69.9632, -29.3396]}, {"type": "Feature", "id": "vw_lem.fid--ce7fb1e_1a08fbfc439_-6b0", "geometry": {"type": "Point", "coordinates": [-70.2402, -31.0561]}, "geometry_name": "geom", "properties": {"lem_id": 217, "expte_siged": "1124-000153-1996-EXP", "coord_norte_pga07": 6564113.2, "coord_este_pga07": 2381625.1}, "bbox": [-70.2402, -31.0561, -70.2402, -31.0561]}, {"type": "Feature", "id": "vw_lem.fid--ce7fb1e_1a08fbfc439_-6af", "geometry": {"type": "Point", "coordinates": [-69.2721, -31.3713]}, "geometry_name": "geom", "properties": {"lem_id": 218, "expte_siged": "414-001136-2005-EXP", "coord_norte_pga07": 6529793.3, "coord_este_pga07": 2474110.7}, "bbox": [-69.2721, -31.3713, -69.2721, -31.3713]}, {"type": "Feature", "id": "vw_lem.fid--ce7fb1e_1a08fbfc439_-6ae", "geometry": {"type": "Point", "coordinates": [-70.535, -31.4553]}, "geometry_name": "geom", "properties": {"lem_id": 219, "expte_siged": "1124-001597-1995-EXP", "coord_norte_pga07": 6519491.4, "coord_este_pga07": 2354095.2}, "bbox": [-70.535, -31.4553, -70.535, -31.4553]}, {"type": "Feature", "id": "vw_lem.fid--ce7fb1e_1a08fbfc439_-6ad", "geometry": {"type": "Point", "coordinates": [-69.4424, -30.4229]}, "geometry_name": "geom", "properties": {"lem_id": 220, "expte_siged": "1124-546174-1994-EXP", "coord_norte_pga07": 6634882.9, "coord_este_pga07": 2457496.7}, "bbox": [-69.4424, -30.4229, -69.4424, -30.4229]}, {"type": "Feature", "id": "vw_lem.fid--ce7fb1e_1a08fbfc439_-6ac", "geometry": {"type": "Point", "coordinates": [-70.2076, -31.0613]}, "geometry_name": "geom", "properties": {"lem_id": 221, "expte_siged": "414-001324-2005-EXP", "coord_norte_pga07": 6563568.2, "coord_este_pga07": 2384734}, "bbox": [-70.2076, -31.0613, -70.2076, -31.0613]}, {"type": "Feature", "id": "vw_lem.fid--ce7fb1e_1a08fbfc439_-6ab", "geometry": {"type": "Point", "coordinates": [-68.4423, -31.3078]}, "geometry_name": "geom", "properties": {"lem_id": 222, "expte_siged": "1124-296318-1990-EXP", "coord_norte_pga07": 6536735.5, "coord_este_pga07": 2553090.4}, "bbox": [-68.4423, -31.3078, -68.4423, -31.3078]}, {"type": "Feature", "id": "vw_lem.fid--ce7fb1e_1a08fbfc439_-6aa", "geometry": {"type": "Point", "coordinates": [-69.7809, -32.4324]}, "geometry_name": "geom", "properties": {"lem_id": 223, "expte_siged": "414-001415-2005-EXP", "coord_norte_pga07": 6411893.8, "coord_este_pga07": 2426560.9}, "bbox": [-69.7809, -32.4324, -69.7809, -32.4324]}, {"type": "Feature", "id": "vw_lem.fid--ce7fb1e_1a08fbfc439_-6a9", "geometry": {"type": "Point", "coordinates": [-69.6494, -31.2999]}, "geometry_name": "geom", "properties": {"lem_id": 224, "expte_siged": "414-000031-2006-EXP", "coord_norte_pga07": 6537561.3, "coord_este_pga07": 2438176.8}, "bbox": [-69.6494, -31.2999, -69.6494, -31.2999]}, {"type": "Feature", "id": "vw_lem.fid--ce7fb1e_1a08fbfc439_-6a8", "geometry": {"type": "Point", "coordinates": [-70.1034, -31.9846]}, "geometry_name": "geom", "properties": {"lem_id": 225, "expte_siged": "1100-004089-2020-HIST", "coord_norte_pga07": 6461293.6, "coord_este_pga07": 2395711}, "bbox": [-70.1034, -31.9846, -70.1034, -31.9846]}, {"type": "Feature", "id": "vw_lem.fid--ce7fb1e_1a08fbfc439_-6a7", "geometry": {"type": "Point", "coordinates": [-68.9567, -30.7782]}, "geometry_name": "geom", "properties": {"lem_id": 226, "expte_siged": "1124-545605-1994-EXP", "coord_norte_pga07": 6595576, "coord_este_pga07": 2504147.6}, "bbox": [-68.9567, -30.7782, -68.9567, -30.7782]}, {"type": "Feature", "id": "vw_lem.fid--ce7fb1e_1a08fbfc439_-6a6", "geometry": {"type": "Point", "coordinates": [-69.3943, -31.4974]}, "geometry_name": "geom", "properties": {"lem_id": 227, "expte_siged": "414-000090-2006-EXP", "coord_norte_pga07": 6515775.4, "coord_este_pga07": 2462534.7}, "bbox": [-69.3943, -31.4974, -69.3943, -31.4974]}, {"type": "Feature", "id": "vw_lem.fid--ce7fb1e_1a08fbfc439_-6a5", "geometry": {"type": "Point", "coordinates": [-67.5972, -30.6409]}, "geometry_name": "geom", "properties": {"lem_id": 228, "expte_siged": "414-001163-2005-EXP", "coord_norte_pga07": 6609969, "coord_este_pga07": 2634475}, "bbox": [-67.5972, -30.6409, -67.5972, -30.6409]}, {"type": "Feature", "id": "vw_lem.fid--ce7fb1e_1a08fbfc439_-6a4", "geometry": {"type": "Point", "coordinates": [-69.7347, -29.1397]}, "geometry_name": "geom", "properties": {"lem_id": 229, "expte_siged": "520-000462-1999-EXP", "coord_norte_pga07": 6776992.3, "coord_este_pga07": 2428510.9}, "bbox": [-69.7347, -29.1397, -69.7347, -29.1397]}, {"type": "Feature", "id": "vw_lem.fid--ce7fb1e_1a08fbfc439_-6a3", "geometry": {"type": "Point", "coordinates": [-69.4479, -28.8141]}, "geometry_name": "geom", "properties": {"lem_id": 230, "expte_siged": "1124-000197-1995-EXP", "coord_norte_pga07": 6813214.1, "coord_este_pga07": 2456278.8}, "bbox": [-69.4479, -28.8141, -69.4479, -28.8141]}, {"type": "Feature", "id": "vw_lem.fid--ce7fb1e_1a08fbfc439_-6a2", "geometry": {"type": "Point", "coordinates": [-68.7168, -29.7676]}, "geometry_name": "geom", "properties": {"lem_id": 231, "expte_siged": "414-001297-2005-EXP", "coord_norte_pga07": 6707577.6, "coord_este_pga07": 2527389.5}, "bbox": [-68.7168, -29.7676, -68.7168, -29.7676]}, {"type": "Feature", "id": "vw_lem.fid--ce7fb1e_1a08fbfc439_-6a1", "geometry": {"type": "Point", "coordinates": [-68.724, -31.9545]}, "geometry_name": "geom", "properties": {"lem_id": 232, "expte_siged": "1124-001524-1995-EXP", "coord_norte_pga07": 6465123.6, "coord_este_pga07": 2526090.5}, "bbox": [-68.724, -31.9545, -68.724, -31.9545]}, {"type": "Feature", "id": "vw_lem.fid--ce7fb1e_1a08fbfc439_-6a0", "geometry": {"type": "Point", "coordinates": [-69.4837, -32.0155]}, "geometry_name": "geom", "properties": {"lem_id": 233, "expte_siged": "1124-000528-1996-EXP", "coord_norte_pga07": 6458287.6, "coord_este_pga07": 2454297.8}, "bbox": [-69.4837, -32.0155, -69.4837, -32.0155]}, {"type": "Feature", "id": "vw_lem.fid--ce7fb1e_1a08fbfc439_-69f", "geometry": {"type": "Point", "coordinates": [-67.6262, -30.6692]}, "geometry_name": "geom", "properties": {"lem_id": 234, "expte_siged": "1124-000128-2006-EXP", "coord_norte_pga07": 6606859, "coord_este_pga07": 2631657.4}, "bbox": [-67.6262, -30.6692, -67.6262, -30.6692]}, {"type": "Feature", "id": "vw_lem.fid--ce7fb1e_1a08fbfc439_-69e", "geometry": {"type": "Point", "coordinates": [-70.4803, -31.4657]}, "geometry_name": "geom", "properties": {"lem_id": 235, "expte_siged": "1124-001042-1996-EXP", "coord_norte_pga07": 6518405.4, "coord_este_pga07": 2359311.1}, "bbox": [-70.4803, -31.4657, -70.4803, -31.4657]}, {"type": "Feature", "id": "vw_lem.fid--ce7fb1e_1a08fbfc439_-69d", "geometry": {"type": "Point", "coordinates": [-70.2351, -31.0976]}, "geometry_name": "geom", "properties": {"lem_id": 236, "expte_siged": "1124-000154-1996-EXP", "coord_norte_pga07": 6559513.2, "coord_este_pga07": 2382161.1}, "bbox": [-70.2351, -31.0976, -70.2351, -31.0976]}, {"type": "Feature", "id": "vw_lem.fid--ce7fb1e_1a08fbfc439_-69c", "geometry": {"type": "Point", "coordinates": [-67.6201, -30.6327]}, "geometry_name": "geom", "properties": {"lem_id": 237, "expte_siged": "520-000306-1998-EXP", "coord_norte_pga07": 6610896, "coord_este_pga07": 2632290}, "bbox": [-67.6201, -30.6327, -67.6201, -30.6327]}, {"type": "Feature", "id": "vw_lem.fid--ce7fb1e_1a08fbfc439_-69b", "geometry": {"type": "Point", "coordinates": [-70.0212, -32.391]}, "geometry_name": "geom", "properties": {"lem_id": 238, "expte_siged": "1124-000953-1996-EXP", "coord_norte_pga07": 6416293.8, "coord_este_pga07": 2403910.9}, "bbox": [-70.0212, -32.391, -70.0212, -32.391]}, {"type": "Feature", "id": "vw_lem.fid--ce7fb1e_1a08fbfc439_-69a", "geometry": {"type": "Point", "coordinates": [-70.021, -32.373]}, "geometry_name": "geom", "properties": {"lem_id": 239, "expte_siged": "1124-000954-1996-EXP", "coord_norte_pga07": 6418293.8, "coord_este_pga07": 2403910.9}, "bbox": [-70.021, -32.373, -70.021, -32.373]}, {"type": "Feature", "id": "vw_lem.fid--ce7fb1e_1a08fbfc439_-699", "geometry": {"type": "Point", "coordinates": [-69.6931, -30.2738]}, "geometry_name": "geom", "properties": {"lem_id": 240, "expte_siged": "1124-546637-1994-EXP", "coord_norte_pga07": 6651292.8, "coord_este_pga07": 2433310.9}, "bbox": [-69.6931, -30.2738, -69.6931, -30.2738]}, {"type": "Feature", "id": "vw_lem.fid--ce7fb1e_1a08fbfc439_-698", "geometry": {"type": "Point", "coordinates": [-69.837, -29.3093]}, "geometry_name": "geom", "properties": {"lem_id": 241, "expte_siged": "1124-338940-1992-EXP", "coord_norte_pga07": 6758124.3, "coord_este_pga07": 2418688.9}, "bbox": [-69.837, -29.3093, -69.837, -29.3093]}, {"type": "Feature", "id": "vw_lem.fid--ce7fb1e_1a08fbfc439_-697", "geometry": {"type": "Point", "coordinates": [-69.8677, -29.291]}, "geometry_name": "geom", "properties": {"lem_id": 242, "expte_siged": "1124-338932-1992-EXP", "coord_norte_pga07": 6760124.3, "coord_este_pga07": 2415688.9}, "bbox": [-69.8677, -29.291, -69.8677, -29.291]}, {"type": "Feature", "id": "vw_lem.fid--ce7fb1e_1a08fbfc439_-696", "geometry": {"type": "Point", "coordinates": [-70.5319, -31.3364]}, "geometry_name": "geom", "properties": {"lem_id": 243, "expte_siged": "1124-338672-1992-EXP", "coord_norte_pga07": 6532678.3, "coord_este_pga07": 2354200.2}, "bbox": [-70.5319, -31.3364, -70.5319, -31.3364]}, {"type": "Feature", "id": "vw_lem.fid--ce7fb1e_1a08fbfc439_-695", "geometry": {"type": "Point", "coordinates": [-69.574, -32.105]}, "geometry_name": "geom", "properties": {"lem_id": 244, "expte_siged": "1124-546704-1994-EXP", "coord_norte_pga07": 6448321.6, "coord_este_pga07": 2445818.8}, "bbox": [-69.574, -32.105, -69.574, -32.105]}, {"type": "Feature", "id": "vw_lem.fid--ce7fb1e_1a08fbfc439_-694", "geometry": {"type": "Point", "coordinates": [-69.5547, -32.1218]}, "geometry_name": "geom", "properties": {"lem_id": 245, "expte_siged": "414-000359-2004-EXP", "coord_norte_pga07": 6446473.6, "coord_este_pga07": 2447650.8}, "bbox": [-69.5547, -32.1218, -69.5547, -32.1218]}, {"type": "Feature", "id": "vw_lem.fid--ce7fb1e_1a08fbfc439_-693", "geometry": {"type": "Point", "coordinates": [-70.2531, -31.046]}, "geometry_name": "geom", "properties": {"lem_id": 246, "expte_siged": "1124-000668-2007-EXP", "coord_norte_pga07": 6565219.1, "coord_este_pga07": 2380379.7}, "bbox": [-70.2531, -31.046, -70.2531, -31.046]}, {"type": "Feature", "id": "vw_lem.fid--ce7fb1e_1a08fbfc439_-692", "geometry": {"type": "Point", "coordinates": [-70.2282, -32.1321]}, "geometry_name": "geom", "properties": {"lem_id": 247, "expte_siged": "1124-000802-1996-EXP", "coord_norte_pga07": 6444803.7, "coord_este_pga07": 2384105}, "bbox": [-70.2282, -32.1321, -70.2282, -32.1321]}, {"type": "Feature", "id": "vw_lem.fid--ce7fb1e_1a08fbfc439_-691", "geometry": {"type": "Point", "coordinates": [-70.2255, -31.0594]}, "geometry_name": "geom", "properties": {"lem_id": 248, "expte_siged": "1124-000121-2006-EXP", "coord_norte_pga07": 6563765.2, "coord_este_pga07": 2383031}, "bbox": [-70.2255, -31.0594, -70.2255, -31.0594]}, {"type": "Feature", "id": "vw_lem.fid--ce7fb1e_1a08fbfc439_-690", "geometry": {"type": "Point", "coordinates": [-69.49, -30.5381]}, "geometry_name": "geom", "properties": {"lem_id": 249, "expte_siged": "1124-243114-1987-EXP", "coord_norte_pga07": 6622098.2, "coord_este_pga07": 2452981}, "bbox": [-69.49, -30.5381, -69.49, -30.5381]}, {"type": "Feature", "id": "vw_lem.fid--ce7fb1e_1a08fbfc439_-68f", "geometry": {"type": "Point", "coordinates": [-68.7398, -29.7508]}, "geometry_name": "geom", "properties": {"lem_id": 250, "expte_siged": "414-000708-2004-EXP", "coord_norte_pga07": 6709442.5, "coord_este_pga07": 2525169.5}, "bbox": [-68.7398, -29.7508, -68.7398, -29.7508]}, {"type": "Feature", "id": "vw_lem.fid--ce7fb1e_1a08fbfc439_-68e", "geometry": {"type": "Point", "coordinates": [-70.2084, -30.5821]}, "geometry_name": "geom", "properties": {"lem_id": 251, "expte_siged": "1124-000591-2008-EXP", "coord_norte_pga07": 6616702.8, "coord_este_pga07": 2384089.8}, "bbox": [-70.2084, -30.5821, -70.2084, -30.5821]}, {"type": "Feature", "id": "vw_lem.fid--ce7fb1e_1a08fbfc439_-68d", "geometry": {"type": "Point", "coordinates": [-70.2087, -30.5759]}, "geometry_name": "geom", "properties": {"lem_id": 252, "expte_siged": "1124-001655-1995-EXP", "coord_norte_pga07": 6617381.6, "coord_este_pga07": 2384047.4}, "bbox": [-70.2087, -30.5759, -70.2087, -30.5759]}, {"type": "Feature", "id": "vw_lem.fid--ce7fb1e_1a08fbfc439_-68c", "geometry": {"type": "Point", "coordinates": [-69.1255, -31.36]}, "geometry_name": "geom", "properties": {"lem_id": 253, "expte_siged": "414-000932-2005-EXP", "coord_norte_pga07": 6531070.3, "coord_este_pga07": 2488060.6}, "bbox": [-69.1255, -31.36, -69.1255, -31.36]}, {"type": "Feature", "id": "vw_lem.fid--ce7fb1e_1a08fbfc439_-68b", "geometry": {"type": "Point", "coordinates": [-69.7954, -29.6772]}, "geometry_name": "geom", "properties": {"lem_id": 254, "expte_siged": "1124-000163-2007-EXP", "coord_norte_pga07": 6717374.5, "coord_este_pga07": 2423007.9}, "bbox": [-69.7954, -29.6772, -69.7954, -29.6772]}, {"type": "Feature", "id": "vw_lem.fid--ce7fb1e_1a08fbfc439_-68a", "geometry": {"type": "Point", "coordinates": [-68.9055, -29.803]}, "geometry_name": "geom", "properties": {"lem_id": 257, "expte_siged": "1124-000333-2008-EXP", "coord_norte_pga07": 6703681.6, "coord_este_pga07": 2509137.5}, "bbox": [-68.9055, -29.803, -68.9055, -29.803]}, {"type": "Feature", "id": "vw_lem.fid--ce7fb1e_1a08fbfc439_-689", "geometry": {"type": "Point", "coordinates": [-70.1262, -31.1489]}, "geometry_name": "geom", "properties": {"lem_id": 258, "expte_siged": "1124-000119-2009-EXP", "coord_norte_pga07": 6553932.2, "coord_este_pga07": 2392608}, "bbox": [-70.1262, -31.1489, -70.1262, -31.1489]}, {"type": "Feature", "id": "vw_lem.fid--ce7fb1e_1a08fbfc439_-688", "geometry": {"type": "Point", "coordinates": [-70.1225, -31.0656]}, "geometry_name": "geom", "properties": {"lem_id": 259, "expte_siged": "1124-000495-2009-EXP", "coord_norte_pga07": 6563181.2, "coord_este_pga07": 2392866}, "bbox": [-70.1225, -31.0656, -70.1225, -31.0656]}, {"type": "Feature", "id": "vw_lem.fid--ce7fb1e_1a08fbfc439_-687", "geometry": {"type": "Point", "coordinates": [-70.2054, -31.0249]}, "geometry_name": "geom", "properties": {"lem_id": 260, "expte_siged": "1124-000168-2010-EXP", "coord_norte_pga07": 6567610.2, "coord_este_pga07": 2384903}, "bbox": [-70.2054, -31.0249, -70.2054, -31.0249]}, {"type": "Feature", "id": "vw_lem.fid--ce7fb1e_1a08fbfc439_-686", "geometry": {"type": "Point", "coordinates": [-69.0916, -30.3291]}, "geometry_name": "geom", "properties": {"lem_id": 261, "expte_siged": "1124-000144-2007-EXP", "coord_norte_pga07": 6645366.8, "coord_este_pga07": 2491193.6}, "bbox": [-69.0916, -30.3291, -69.0916, -30.3291]}, {"type": "Feature", "id": "vw_lem.fid--ce7fb1e_1a08fbfc439_-685", "geometry": {"type": "Point", "coordinates": [-69.8102, -29.3368]}, "geometry_name": "geom", "properties": {"lem_id": 262, "expte_siged": "1124-001207-1996-EXP", "coord_norte_pga07": 6755092.4, "coord_este_pga07": 2421310.9}, "bbox": [-69.8102, -29.3368, -69.8102, -29.3368]}, {"type": "Feature", "id": "vw_lem.fid--ce7fb1e_1a08fbfc439_-684", "geometry": {"type": "Point", "coordinates": [-69.5578, -30.554]}, "geometry_name": "geom", "properties": {"lem_id": 263, "expte_siged": "1124-000252-2009-EXP", "coord_norte_pga07": 6620304.9, "coord_este_pga07": 2446476.8}, "bbox": [-69.5578, -30.554, -69.5578, -30.554]}, {"type": "Feature", "id": "vw_lem.fid--ce7fb1e_1a08fbfc439_-683", "geometry": {"type": "Point", "coordinates": [-69.5659, -30.5441]}, "geometry_name": "geom", "properties": {"lem_id": 264, "expte_siged": "1124-545798-1994-EXP", "coord_norte_pga07": 6621402.9, "coord_este_pga07": 2445700.8}, "bbox": [-69.5659, -30.5441, -69.5659, -30.5441]}, {"type": "Feature", "id": "vw_lem.fid--ce7fb1e_1a08fbfc439_-682", "geometry": {"type": "Point", "coordinates": [-69.9282, -29.6615]}, "geometry_name": "geom", "properties": {"lem_id": 265, "expte_siged": "1124-338077-1993-EXP", "coord_norte_pga07": 6719017.5, "coord_este_pga07": 2410136}, "bbox": [-69.9282, -29.6615, -69.9282, -29.6615]}, {"type": "Feature", "id": "vw_lem.fid--ce7fb1e_1a08fbfc439_-681", "geometry": {"type": "Point", "coordinates": [-69.4426, -29.8477]}, "geometry_name": "geom", "properties": {"lem_id": 266, "expte_siged": "1124-546450-1994-EXP", "coord_norte_pga07": 6698650.1, "coord_este_pga07": 2457229.3}, "bbox": [-69.4426, -29.8477, -69.4426, -29.8477]}, {"type": "Feature", "id": "vw_lem.fid--ce7fb1e_1a08fbfc439_-680", "geometry": {"type": "Point", "coordinates": [-68.739, -31.9878]}, "geometry_name": "geom", "properties": {"lem_id": 267, "expte_siged": "1124-545099-1994-EXP", "coord_norte_pga07": 6461439.6, "coord_este_pga07": 2524666.5}, "bbox": [-68.739, -31.9878, -68.739, -31.9878]}, {"type": "Feature", "id": "vw_lem.fid--ce7fb1e_1a08fbfc439_-67f", "geometry": {"type": "Point", "coordinates": [-70.204, -30.6692]}, "geometry_name": "geom", "properties": {"lem_id": 268, "expte_siged": "1124-001188-1996-EXP", "coord_norte_pga07": 6607043, "coord_este_pga07": 2384611.1}, "bbox": [-70.204, -30.6692, -70.204, -30.6692]}, {"type": "Feature", "id": "vw_lem.fid--ce7fb1e_1a08fbfc439_-67e", "geometry": {"type": "Point", "coordinates": [-69.8843, -30.4411]}, "geometry_name": "geom", "properties": {"lem_id": 269, "expte_siged": "1124-545926-1994-EXP", "coord_norte_pga07": 6632625.5, "coord_este_pga07": 2415056}, "bbox": [-69.8843, -30.4411, -69.8843, -30.4411]}, {"type": "Feature", "id": "vw_lem.fid--ce7fb1e_1a08fbfc439_-67d", "geometry": {"type": "Point", "coordinates": [-69.3789, -31.5393]}, "geometry_name": "geom", "properties": {"lem_id": 270, "expte_siged": "1100-546197-1994-EXP", "coord_norte_pga07": 6511137.4, "coord_este_pga07": 2464015.7}, "bbox": [-69.3789, -31.5393, -69.3789, -31.5393]}, {"type": "Feature", "id": "vw_lem.fid--ce7fb1e_1a08fbfc439_-67c", "geometry": {"type": "Point", "coordinates": [-68.6477, -29.7488]}, "geometry_name": "geom", "properties": {"lem_id": 271, "expte_siged": "1124-000588-2010-EXP", "coord_norte_pga07": 6709641.5, "coord_este_pga07": 2534077.4}, "bbox": [-68.6477, -29.7488, -68.6477, -29.7488]}, {"type": "Feature", "id": "vw_lem.fid--ce7fb1e_1a08fbfc439_-67b", "geometry": {"type": "Point", "coordinates": [-68.7066, -29.7256]}, "geometry_name": "geom", "properties": {"lem_id": 272, "expte_siged": "1124-001115-1995-EXP", "coord_norte_pga07": 6712237.1, "coord_este_pga07": 2528382.6}, "bbox": [-68.7066, -29.7256, -68.7066, -29.7256]}, {"type": "Feature", "id": "vw_lem.fid--ce7fb1e_1a08fbfc439_-67a", "geometry": {"type": "Point", "coordinates": [-67.4997, -30.8207]}, "geometry_name": "geom", "properties": {"lem_id": 273, "expte_siged": "1124-000598-2010-EXP", "coord_norte_pga07": 6589902.1, "coord_este_pga07": 2643558.8}, "bbox": [-67.4997, -30.8207, -67.4997, -30.8207]}, {"type": "Feature", "id": "vw_lem.fid--ce7fb1e_1a08fbfc439_-679", "geometry": {"type": "Point", "coordinates": [-69.5955, -28.6575]}, "geometry_name": "geom", "properties": {"lem_id": 274, "expte_siged": "1124-000511-1995-EXP", "coord_norte_pga07": 6830512, "coord_este_pga07": 2441787.8}, "bbox": [-69.5955, -28.6575, -69.5955, -28.6575]}, {"type": "Feature", "id": "vw_lem.fid--ce7fb1e_1a08fbfc439_-678", "geometry": {"type": "Point", "coordinates": [-67.3669, -31.248]}, "geometry_name": "geom", "properties": {"lem_id": 275, "expte_siged": "1124-000094-2009-EXP", "coord_norte_pga07": 6542349, "coord_este_pga07": 2655567.8}, "bbox": [-67.3669, -31.248, -67.3669, -31.248]}, {"type": "Feature", "id": "vw_lem.fid--ce7fb1e_1a08fbfc439_-677", "geometry": {"type": "Point", "coordinates": [-67.342, -31.259]}, "geometry_name": "geom", "properties": {"lem_id": 276, "expte_siged": "1124-000643-2010-EXP", "coord_norte_pga07": 6541090.3, "coord_este_pga07": 2657922.9}, "bbox": [-67.342, -31.259, -67.342, -31.259]}, {"type": "Feature", "id": "vw_lem.fid--ce7fb1e_1a08fbfc439_-676", "geometry": {"type": "Point", "coordinates": [-70.2278, -31.7444]}, "geometry_name": "geom", "properties": {"lem_id": 277, "expte_siged": "1124-000043-2009-EXP", "coord_norte_pga07": 6487793.5, "coord_este_pga07": 2383661}, "bbox": [-70.2278, -31.7444, -70.2278, -31.7444]}, {"type": "Feature", "id": "vw_lem.fid--ce7fb1e_1a08fbfc439_-675", "geometry": {"type": "Point", "coordinates": [-67.3351, -31.2709]}, "geometry_name": "geom", "properties": {"lem_id": 278, "expte_siged": "1124-000454-2009-EXP", "coord_norte_pga07": 6539757.3, "coord_este_pga07": 2658561.9}, "bbox": [-67.3351, -31.2709, -67.3351, -31.2709]}, {"type": "Feature", "id": "vw_lem.fid--ce7fb1e_1a08fbfc439_-674", "geometry": {"type": "Point", "coordinates": [-67.3615, -31.2479]}, "geometry_name": "geom", "properties": {"lem_id": 279, "expte_siged": "1124-000493-2007-EXP", "coord_norte_pga07": 6542346.5, "coord_este_pga07": 2656090}, "bbox": [-67.3615, -31.2479, -67.3615, -31.2479]}, {"type": "Feature", "id": "vw_lem.fid--ce7fb1e_1a08fbfc439_-673", "geometry": {"type": "Point", "coordinates": [-69.9146, -32.5028]}, "geometry_name": "geom", "properties": {"lem_id": 280, "expte_siged": "1124-000066-2011-EXP", "coord_norte_pga07": 6403986.7, "coord_este_pga07": 2414051.2}, "bbox": [-69.9146, -32.5028, -69.9146, -32.5028]}, {"type": "Feature", "id": "vw_lem.fid--ce7fb1e_1a08fbfc439_-672", "geometry": {"type": "Point", "coordinates": [-70.2411, -30.7891]}, "geometry_name": "geom", "properties": {"lem_id": 281, "expte_siged": "414-000099-2006-EXP", "coord_norte_pga07": 6593715.1, "coord_este_pga07": 2381207.1}, "bbox": [-70.2411, -30.7891, -70.2411, -30.7891]}, {"type": "Feature", "id": "vw_lem.fid--ce7fb1e_1a08fbfc439_-671", "geometry": {"type": "Point", "coordinates": [-70.2642, -30.7824]}, "geometry_name": "geom", "properties": {"lem_id": 282, "expte_siged": "1124-000100-2006-EXP", "coord_norte_pga07": 6594437, "coord_este_pga07": 2378985.1}, "bbox": [-70.2642, -30.7824, -70.2642, -30.7824]}, {"type": "Feature", "id": "vw_lem.fid--ce7fb1e_1a08fbfc439_-670", "geometry": {"type": "Point", "coordinates": [-68.8114, -29.8937]}, "geometry_name": "geom", "properties": {"lem_id": 283, "expte_siged": "520-000417-1997-EXP", "coord_norte_pga07": 6693622.6, "coord_este_pga07": 2518220.5}, "bbox": [-68.8114, -29.8937, -68.8114, -29.8937]}, {"type": "Feature", "id": "vw_lem.fid--ce7fb1e_1a08fbfc439_-66f", "geometry": {"type": "Point", "coordinates": [-69.1092, -30.0415]}, "geometry_name": "geom", "properties": {"lem_id": 284, "expte_siged": "1124-000437-1996-EXP", "coord_norte_pga07": 6677242.7, "coord_este_pga07": 2489470.6}, "bbox": [-69.1092, -30.0415, -69.1092, -30.0415]}, {"type": "Feature", "id": "vw_lem.fid--ce7fb1e_1a08fbfc439_-66e", "geometry": {"type": "Point", "coordinates": [-69.0966, -30.0871]}, "geometry_name": "geom", "properties": {"lem_id": 285, "expte_siged": "1124-000309-2010-EXP", "coord_norte_pga07": 6672190.7, "coord_este_pga07": 2490687.6}, "bbox": [-69.0966, -30.0871, -69.0966, -30.0871]}, {"type": "Feature", "id": "vw_lem.fid--ce7fb1e_1a08fbfc439_-66d", "geometry": {"type": "Point", "coordinates": [-69.8779, -29.7861]}, "geometry_name": "geom", "properties": {"lem_id": 286, "expte_siged": "1124-296700-1989-EXP", "coord_norte_pga07": 6705242.6, "coord_este_pga07": 2415110.9}, "bbox": [-69.8779, -29.7861, -69.8779, -29.7861]}, {"type": "Feature", "id": "vw_lem.fid--ce7fb1e_1a08fbfc439_-66c", "geometry": {"type": "Point", "coordinates": [-70.3343, -32.0661]}, "geometry_name": "geom", "properties": {"lem_id": 287, "expte_siged": "1124-001572-1995-EXP", "coord_norte_pga07": 6452005.7, "coord_este_pga07": 2374001}, "bbox": [-70.3343, -32.0661, -70.3343, -32.0661]}, {"type": "Feature", "id": "vw_lem.fid--ce7fb1e_1a08fbfc439_-66b", "geometry": {"type": "Point", "coordinates": [-70.3343, -32.0994]}, "geometry_name": "geom", "properties": {"lem_id": 288, "expte_siged": "1124-001574-1995-EXP", "coord_norte_pga07": 6448309, "coord_este_pga07": 2374046.7}, "bbox": [-70.3343, -32.0994, -70.3343, -32.0994]}, {"type": "Feature", "id": "vw_lem.fid--ce7fb1e_1a08fbfc439_-66a", "geometry": {"type": "Point", "coordinates": [-67.4204, -31.3544]}, "geometry_name": "geom", "properties": {"lem_id": 289, "expte_siged": "1124-000052-2010-EXP", "coord_norte_pga07": 6530614.3, "coord_este_pga07": 2650309}, "bbox": [-67.4204, -31.3544, -67.4204, -31.3544]}, {"type": "Feature", "id": "vw_lem.fid--ce7fb1e_1a08fbfc439_-669", "geometry": {"type": "Point", "coordinates": [-69.6772, -31.274]}, "geometry_name": "geom", "properties": {"lem_id": 290, "expte_siged": "414-000117-2004-EXP", "coord_norte_pga07": 6540414.7, "coord_este_pga07": 2435513.9}, "bbox": [-69.6772, -31.274, -69.6772, -31.274]}, {"type": "Feature", "id": "vw_lem.fid--ce7fb1e_1a08fbfc439_-668", "geometry": {"type": "Point", "coordinates": [-69.718, -30.2655]}, "geometry_name": "geom", "properties": {"lem_id": 291, "expte_siged": "1124-305577-1988-EXP", "coord_norte_pga07": 6652204.8, "coord_este_pga07": 2430910.9}, "bbox": [-69.718, -30.2655, -69.718, -30.2655]}, {"type": "Feature", "id": "vw_lem.fid--ce7fb1e_1a08fbfc439_-667", "geometry": {"type": "Point", "coordinates": [-69.7167, -30.2722]}, "geometry_name": "geom", "properties": {"lem_id": 292, "expte_siged": "1124-305578-1988-EXP", "coord_norte_pga07": 6651463.9, "coord_este_pga07": 2431031.9}, "bbox": [-69.7167, -30.2722, -69.7167, -30.2722]}, {"type": "Feature", "id": "vw_lem.fid--ce7fb1e_1a08fbfc439_-666", "geometry": {"type": "Point", "coordinates": [-70.2183, -31.0542]}, "geometry_name": "geom", "properties": {"lem_id": 293, "expte_siged": "1124-000155-1996-EXP", "coord_norte_pga07": 6564343.2, "coord_este_pga07": 2383711}, "bbox": [-70.2183, -31.0542, -70.2183, -31.0542]}, {"type": "Feature", "id": "vw_lem.fid--ce7fb1e_1a08fbfc439_-665", "geometry": {"type": "Point", "coordinates": [-70.3328, -31.085]}, "geometry_name": "geom", "properties": {"lem_id": 294, "expte_siged": "1124-000644-1996-EXP", "coord_norte_pga07": 6560805.3, "coord_este_pga07": 2372818.5}, "bbox": [-70.3328, -31.085, -70.3328, -31.085]}, {"type": "Feature", "id": "vw_lem.fid--ce7fb1e_1a08fbfc439_-664", "geometry": {"type": "Point", "coordinates": [-70.2556, -30.7003]}, "geometry_name": "geom", "properties": {"lem_id": 296, "expte_siged": "1124-001357-1995-EXP", "coord_norte_pga07": 6603543, "coord_este_pga07": 2379711.1}, "bbox": [-70.2556, -30.7003, -70.2556, -30.7003]}, {"type": "Feature", "id": "vw_lem.fid--ce7fb1e_1a08fbfc439_-663", "geometry": {"type": "Point", "coordinates": [-70.0602, -30.8784]}, "geometry_name": "geom", "properties": {"lem_id": 297, "expte_siged": "1124-545068-1994-EXP", "coord_norte_pga07": 6583993.1, "coord_este_pga07": 2398611}, "bbox": [-70.0602, -30.8784, -70.0602, -30.8784]}, {"type": "Feature", "id": "vw_lem.fid--ce7fb1e_1a08fbfc439_-662", "geometry": {"type": "Point", "coordinates": [-69.925, -31.0626]}, "geometry_name": "geom", "properties": {"lem_id": 298, "expte_siged": "520-000001-1997-EXP", "coord_norte_pga07": 6563684.2, "coord_este_pga07": 2411710.9}, "bbox": [-69.925, -31.0626, -69.925, -31.0626]}, {"type": "Feature", "id": "vw_lem.fid--ce7fb1e_1a08fbfc439_-661", "geometry": {"type": "Point", "coordinates": [-70.1645, -30.5023]}, "geometry_name": "geom", "properties": {"lem_id": 300, "expte_siged": "1124-001360-1995-EXP", "coord_norte_pga07": 6625592.9, "coord_este_pga07": 2388211}, "bbox": [-70.1645, -30.5023, -70.1645, -30.5023]}, {"type": "Feature", "id": "vw_lem.fid--ce7fb1e_1a08fbfc439_-660", "geometry": {"type": "Point", "coordinates": [-70.1822, -30.5953]}, "geometry_name": "geom", "properties": {"lem_id": 301, "expte_siged": "1124-000004-1996-EXP", "coord_norte_pga07": 6615259, "coord_este_pga07": 2386617.3}, "bbox": [-70.1822, -30.5953, -70.1822, -30.5953]}, {"type": "Feature", "id": "vw_lem.fid--ce7fb1e_1a08fbfc439_-65f", "geometry": {"type": "Point", "coordinates": [-70.2034, -30.5961]}, "geometry_name": "geom", "properties": {"lem_id": 302, "expte_siged": "1124-000003-1996-EXP", "coord_norte_pga07": 6615148.1, "coord_este_pga07": 2384581.3}, "bbox": [-70.2034, -30.5961, -70.2034, -30.5961]}, {"type": "Feature", "id": "vw_lem.fid--ce7fb1e_1a08fbfc439_-65e", "geometry": {"type": "Point", "coordinates": [-69.5753, -31.1745]}, "geometry_name": "geom", "properties": {"lem_id": 303, "expte_siged": "1124-338271-1993-EXP", "coord_norte_pga07": 6551506.5, "coord_este_pga07": 2445157.6}, "bbox": [-69.5753, -31.1745, -69.5753, -31.1745]}, {"type": "Feature", "id": "vw_lem.fid--ce7fb1e_1a08fbfc439_-65d", "geometry": {"type": "Point", "coordinates": [-69.7056, -30.8668]}, "geometry_name": "geom", "properties": {"lem_id": 304, "expte_siged": "1124-000145-1995-EXP", "coord_norte_pga07": 6585549.1, "coord_este_pga07": 2432522.3}, "bbox": [-69.7056, -30.8668, -69.7056, -30.8668]}, {"type": "Feature", "id": "vw_lem.fid--ce7fb1e_1a08fbfc439_-65c", "geometry": {"type": "Point", "coordinates": [-68.6861, -32.2147]}, "geometry_name": "geom", "properties": {"lem_id": 305, "expte_siged": "1124-194056-1982-EXP", "coord_norte_pga07": 6436256.3, "coord_este_pga07": 2529588.7}, "bbox": [-68.6861, -32.2147, -68.6861, -32.2147]}, {"type": "Feature", "id": "vw_lem.fid--ce7fb1e_1a08fbfc439_-65b", "geometry": {"type": "Point", "coordinates": [-68.4897, -30.8853]}, "geometry_name": "geom", "properties": {"lem_id": 306, "expte_siged": "1124-295451-1989-EXP", "coord_norte_pga07": 6583599.1, "coord_este_pga07": 2548796.1}, "bbox": [-68.4897, -30.8853, -68.4897, -30.8853]}, {"type": "Feature", "id": "vw_lem.fid--ce7fb1e_1a08fbfc439_-65a", "geometry": {"type": "Point", "coordinates": [-68.4952, -30.856]}, "geometry_name": "geom", "properties": {"lem_id": 307, "expte_siged": "520-000030-1998-EXP", "coord_norte_pga07": 6586841.2, "coord_este_pga07": 2548280.5}, "bbox": [-68.4952, -30.856, -68.4952, -30.856]}, {"type": "Feature", "id": "vw_lem.fid--ce7fb1e_1a08fbfc439_-659", "geometry": {"type": "Point", "coordinates": [-68.5039, -30.8725]}, "geometry_name": "geom", "properties": {"lem_id": 308, "expte_siged": "1124-307021-1988-EXP", "coord_norte_pga07": 6585020, "coord_este_pga07": 2547442}, "bbox": [-68.5039, -30.8725, -68.5039, -30.8725]}, {"type": "Feature", "id": "vw_lem.fid--ce7fb1e_1a08fbfc439_-658", "geometry": {"type": "Point", "coordinates": [-68.5037, -30.8738]}, "geometry_name": "geom", "properties": {"lem_id": 309, "expte_siged": "1124-295452-1989-EXP", "coord_norte_pga07": 6584873.2, "coord_este_pga07": 2547461.9}, "bbox": [-68.5037, -30.8738, -68.5037, -30.8738]}, {"type": "Feature", "id": "vw_lem.fid--ce7fb1e_1a08fbfc439_-657", "geometry": {"type": "Point", "coordinates": [-68.5046, -30.8753]}, "geometry_name": "geom", "properties": {"lem_id": 310, "expte_siged": "1124-307022-1988-EXP", "coord_norte_pga07": 6584709.7, "coord_este_pga07": 2547371.5}, "bbox": [-68.5046, -30.8753, -68.5046, -30.8753]}, {"type": "Feature", "id": "vw_lem.fid--ce7fb1e_1a08fbfc439_-656", "geometry": {"type": "Point", "coordinates": [-68.5061, -30.8757]}, "geometry_name": "geom", "properties": {"lem_id": 311, "expte_siged": "1124-306648-1988-EXP", "coord_norte_pga07": 6584665.6, "coord_este_pga07": 2547229.7}, "bbox": [-68.5061, -30.8757, -68.5061, -30.8757]}, {"type": "Feature", "id": "vw_lem.fid--ce7fb1e_1a08fbfc439_-655", "geometry": {"type": "Point", "coordinates": [-67.618, -30.5883]}, "geometry_name": "geom", "properties": {"lem_id": 312, "expte_siged": "1124-243902-1987-EXP", "coord_norte_pga07": 6615825.8, "coord_este_pga07": 2632554.3}, "bbox": [-67.618, -30.5883, -67.618, -30.5883]}, {"type": "Feature", "id": "vw_lem.fid--ce7fb1e_1a08fbfc439_-654", "geometry": {"type": "Point", "coordinates": [-67.6172, -30.6271]}, "geometry_name": "geom", "properties": {"lem_id": 313, "expte_siged": "1124-000925-1995-EXP", "coord_norte_pga07": 6611517.6, "coord_este_pga07": 2632579}, "bbox": [-67.6172, -30.6271, -67.6172, -30.6271]}, {"type": "Feature", "id": "vw_lem.fid--ce7fb1e_1a08fbfc439_-653", "geometry": {"type": "Point", "coordinates": [-67.6011, -30.6269]}, "geometry_name": "geom", "properties": {"lem_id": 314, "expte_siged": "1124-295357-1990-EXP", "coord_norte_pga07": 6611524, "coord_este_pga07": 2634126.5}, "bbox": [-67.6011, -30.6269, -67.6011, -30.6269]}, {"type": "Feature", "id": "vw_lem.fid--ce7fb1e_1a08fbfc439_-652", "geometry": {"type": "Point", "coordinates": [-67.6141, -30.6255]}, "geometry_name": "geom", "properties": {"lem_id": 315, "expte_siged": "1124-000926-1995-EXP", "coord_norte_pga07": 6611694, "coord_este_pga07": 2632876.5}, "bbox": [-67.6141, -30.6255, -67.6141, -30.6255]}, {"type": "Feature", "id": "vw_lem.fid--ce7fb1e_1a08fbfc439_-651", "geometry": {"type": "Point", "coordinates": [-69.6975, -30.5109]}, "geometry_name": "geom", "properties": {"lem_id": 316, "expte_siged": "1124-181931-1991-EXP", "coord_norte_pga07": 6625004.9, "coord_este_pga07": 2433043.3}, "bbox": [-69.6975, -30.5109, -69.6975, -30.5109]}, {"type": "Feature", "id": "vw_lem.fid--ce7fb1e_1a08fbfc439_-650", "geometry": {"type": "Point", "coordinates": [-68.5042, -30.8695]}, "geometry_name": "geom", "properties": {"lem_id": 317, "expte_siged": "1124-307020-1988-EXP", "coord_norte_pga07": 6585357, "coord_este_pga07": 2547416.7}, "bbox": [-68.5042, -30.8695, -68.5042, -30.8695]}, {"type": "Feature", "id": "vw_lem.fid--ce7fb1e_1a08fbfc439_-64f", "geometry": {"type": "Point", "coordinates": [-68.5047, -30.8678]}, "geometry_name": "geom", "properties": {"lem_id": 318, "expte_siged": "1124-295032-1990-EXP", "coord_norte_pga07": 6585538.3, "coord_este_pga07": 2547364.3}, "bbox": [-68.5047, -30.8678, -68.5047, -30.8678]}, {"type": "Feature", "id": "vw_lem.fid--ce7fb1e_1a08fbfc439_-64e", "geometry": {"type": "Point", "coordinates": [-68.5031, -30.8684]}, "geometry_name": "geom", "properties": {"lem_id": 319, "expte_siged": "1124-295453-1989-EXP", "coord_norte_pga07": 6585470, "coord_este_pga07": 2547522.7}, "bbox": [-68.5031, -30.8684, -68.5031, -30.8684]}, {"type": "Feature", "id": "vw_lem.fid--ce7fb1e_1a08fbfc439_-64d", "geometry": {"type": "Point", "coordinates": [-68.5028, -30.8671]}, "geometry_name": "geom", "properties": {"lem_id": 320, "expte_siged": "1124-307023-1988-EXP", "coord_norte_pga07": 6585616.4, "coord_este_pga07": 2547555.1}, "bbox": [-68.5028, -30.8671, -68.5028, -30.8671]}, {"type": "Feature", "id": "vw_lem.fid--ce7fb1e_1a08fbfc439_-64c", "geometry": {"type": "Point", "coordinates": [-68.4854, -30.8996]}, "geometry_name": "geom", "properties": {"lem_id": 321, "expte_siged": "1124-296615-1989-EXP", "coord_norte_pga07": 6582008.8, "coord_este_pga07": 2549194.2}, "bbox": [-68.4854, -30.8996, -68.4854, -30.8996]}, {"type": "Feature", "id": "vw_lem.fid--ce7fb1e_1a08fbfc439_-64b", "geometry": {"type": "Point", "coordinates": [-69.2609, -31.2678]}, "geometry_name": "geom", "properties": {"lem_id": 322, "expte_siged": "1124-181676-1991-EXP", "coord_norte_pga07": 6541269.7, "coord_este_pga07": 2475153.8}, "bbox": [-69.2609, -31.2678, -69.2609, -31.2678]}, {"type": "Feature", "id": "vw_lem.fid--ce7fb1e_1a08fbfc439_-64a", "geometry": {"type": "Point", "coordinates": [-69.7437, -30.1598]}, "geometry_name": "geom", "properties": {"lem_id": 323, "expte_siged": "1124-270341-1986-EXP", "coord_norte_pga07": 6663907, "coord_este_pga07": 2428353}, "bbox": [-69.7437, -30.1598, -69.7437, -30.1598]}, {"type": "Feature", "id": "vw_lem.fid--ce7fb1e_1a08fbfc439_-649", "geometry": {"type": "Point", "coordinates": [-69.8694, -29.8224]}, "geometry_name": "geom", "properties": {"lem_id": 324, "expte_siged": "1124-296466-1990-EXP", "coord_norte_pga07": 6701217.6, "coord_este_pga07": 2415961.9}, "bbox": [-69.8694, -29.8224, -69.8694, -29.8224]}, {"type": "Feature", "id": "vw_lem.fid--ce7fb1e_1a08fbfc439_-648", "geometry": {"type": "Point", "coordinates": [-69.7967, -30.1416]}, "geometry_name": "geom", "properties": {"lem_id": 325, "expte_siged": "1124-001387-1995-EXP", "coord_norte_pga07": 6665885.9, "coord_este_pga07": 2423240.6}, "bbox": [-69.7967, -30.1416, -69.7967, -30.1416]}, {"type": "Feature", "id": "vw_lem.fid--ce7fb1e_1a08fbfc439_-647", "geometry": {"type": "Point", "coordinates": [-69.7837, -30.6909]}, "geometry_name": "geom", "properties": {"lem_id": 326, "expte_siged": "1124-001783-1995-EXP", "coord_norte_pga07": 6604993, "coord_este_pga07": 2424910.9}, "bbox": [-69.7837, -30.6909, -69.7837, -30.6909]}, {"type": "Feature", "id": "vw_lem.fid--ce7fb1e_1a08fbfc439_-646", "geometry": {"type": "Point", "coordinates": [-69.8593, -30.3911]}, "geometry_name": "geom", "properties": {"lem_id": 327, "expte_siged": "1124-545925-1994-EXP", "coord_norte_pga07": 6638187.4, "coord_este_pga07": 2417415.6}, "bbox": [-69.8593, -30.3911, -69.8593, -30.3911]}, {"type": "Feature", "id": "vw_lem.fid--ce7fb1e_1a08fbfc439_-645", "geometry": {"type": "Point", "coordinates": [-70.3488, -31.7595]}, "geometry_name": "geom", "properties": {"lem_id": 328, "expte_siged": "1124-000096-2008-EXP", "coord_norte_pga07": 6485993.5, "coord_este_pga07": 2372211.1}, "bbox": [-70.3488, -31.7595, -70.3488, -31.7595]}, {"type": "Feature", "id": "vw_lem.fid--ce7fb1e_1a08fbfc439_-644", "geometry": {"type": "Point", "coordinates": [-70.317, -31.7508]}, "geometry_name": "geom", "properties": {"lem_id": 329, "expte_siged": "1124-000097-2008-EXP", "coord_norte_pga07": 6486993.5, "coord_este_pga07": 2375211.1}, "bbox": [-70.317, -31.7508, -70.317, -31.7508]}, {"type": "Feature", "id": "vw_lem.fid--ce7fb1e_1a08fbfc439_-643", "geometry": {"type": "Point", "coordinates": [-70.3504, -31.7946]}, "geometry_name": "geom", "properties": {"lem_id": 330, "expte_siged": "1124-000133-2008-EXP", "coord_norte_pga07": 6482093.5, "coord_este_pga07": 2372111.1}, "bbox": [-70.3504, -31.7946, -70.3504, -31.7946]}, {"type": "Feature", "id": "vw_lem.fid--ce7fb1e_1a08fbfc439_-642", "geometry": {"type": "Point", "coordinates": [-70.3065, -31.7924]}, "geometry_name": "geom", "properties": {"lem_id": 331, "expte_siged": "1124-000134-2008-EXP", "coord_norte_pga07": 6482393.5, "coord_este_pga07": 2376261.1}, "bbox": [-70.3065, -31.7924, -70.3065, -31.7924]}, {"type": "Feature", "id": "vw_lem.fid--ce7fb1e_1a08fbfc439_-641", "geometry": {"type": "Point", "coordinates": [-70.3387, -31.7208]}, "geometry_name": "geom", "properties": {"lem_id": 332, "expte_siged": "1124-000135-2008-EXP", "coord_norte_pga07": 6490293.5, "coord_este_pga07": 2373111.1}, "bbox": [-70.3387, -31.7208, -70.3387, -31.7208]}, {"type": "Feature", "id": "vw_lem.fid--ce7fb1e_1a08fbfc439_-640", "geometry": {"type": "Point", "coordinates": [-70.2955, -31.7221]}, "geometry_name": "geom", "properties": {"lem_id": 333, "expte_siged": "1124-000136-2008-EXP", "coord_norte_pga07": 6490193.5, "coord_este_pga07": 2377211.1}, "bbox": [-70.2955, -31.7221, -70.2955, -31.7221]}, {"type": "Feature", "id": "vw_lem.fid--ce7fb1e_1a08fbfc439_-63f", "geometry": {"type": "Point", "coordinates": [-69.7926, -31.1803]}, "geometry_name": "geom", "properties": {"lem_id": 334, "expte_siged": "1124-000328-2010-EXP", "coord_norte_pga07": 6550733.2, "coord_este_pga07": 2424445.9}, "bbox": [-69.7926, -31.1803, -69.7926, -31.1803]}, {"type": "Feature", "id": "vw_lem.fid--ce7fb1e_1a08fbfc439_-63e", "geometry": {"type": "Point", "coordinates": [-67.619, -30.6145]}, "geometry_name": "geom", "properties": {"lem_id": 335, "expte_siged": "1124-545734-1994-EXP", "coord_norte_pga07": 6612916.1, "coord_este_pga07": 2632423.8}, "bbox": [-67.619, -30.6145, -67.619, -30.6145]}, {"type": "Feature", "id": "vw_lem.fid--ce7fb1e_1a08fbfc439_-63d", "geometry": {"type": "Point", "coordinates": [-69.5463, -31.0194]}, "geometry_name": "geom", "properties": {"lem_id": 336, "expte_siged": "1124-181845-1991-EXP", "coord_norte_pga07": 6568708.5, "coord_este_pga07": 2447833.2}, "bbox": [-69.5463, -31.0194, -69.5463, -31.0194]}, {"type": "Feature", "id": "vw_lem.fid--ce7fb1e_1a08fbfc439_-63c", "geometry": {"type": "Point", "coordinates": [-70.3914, -31.7148]}, "geometry_name": "geom", "properties": {"lem_id": 337, "expte_siged": "1124-000138-2008-EXP", "coord_norte_pga07": 6490893.5, "coord_este_pga07": 2368111.1}, "bbox": [-70.3914, -31.7148, -70.3914, -31.7148]}, {"type": "Feature", "id": "vw_lem.fid--ce7fb1e_1a08fbfc439_-63b", "geometry": {"type": "Point", "coordinates": [-70.1084, -30.7896]}, "geometry_name": "geom", "properties": {"lem_id": 338, "expte_siged": "1124-000392-2011-EXP", "coord_norte_pga07": 6593793, "coord_este_pga07": 2393911}, "bbox": [-70.1084, -30.7896, -70.1084, -30.7896]}, {"type": "Feature", "id": "vw_lem.fid--ce7fb1e_1a08fbfc439_-63a", "geometry": {"type": "Point", "coordinates": [-70.1577, -30.4727]}, "geometry_name": "geom", "properties": {"lem_id": 339, "expte_siged": "1124-001361-1995-EXP", "coord_norte_pga07": 6628878, "coord_este_pga07": 2388829.4}, "bbox": [-70.1577, -30.4727, -70.1577, -30.4727]}, {"type": "Feature", "id": "vw_lem.fid--ce7fb1e_1a08fbfc439_-639", "geometry": {"type": "Point", "coordinates": [-69.7242, -30.3625]}, "geometry_name": "geom", "properties": {"lem_id": 340, "expte_siged": "1124-000242-1996-EXP", "coord_norte_pga07": 6641442.8, "coord_este_pga07": 2430380.9}, "bbox": [-69.7242, -30.3625, -69.7242, -30.3625]}, {"type": "Feature", "id": "vw_lem.fid--ce7fb1e_1a08fbfc439_-638", "geometry": {"type": "Point", "coordinates": [-67.6765, -30.6019]}, "geometry_name": "geom", "properties": {"lem_id": 341, "expte_siged": "1124-296938-1989-EXP", "coord_norte_pga07": 6614383.6, "coord_este_pga07": 2626927.6}, "bbox": [-67.6765, -30.6019, -67.6765, -30.6019]}, {"type": "Feature", "id": "vw_lem.fid--ce7fb1e_1a08fbfc439_-637", "geometry": {"type": "Point", "coordinates": [-67.6772, -30.6031]}, "geometry_name": "geom", "properties": {"lem_id": 342, "expte_siged": "1100-000509-2020-HIST", "coord_norte_pga07": 6614248.3, "coord_este_pga07": 2626857}, "bbox": [-67.6772, -30.6031, -67.6772, -30.6031]}, {"type": "Feature", "id": "vw_lem.fid--ce7fb1e_1a08fbfc439_-636", "geometry": {"type": "Point", "coordinates": [-69.6926, -29.3827]}, "geometry_name": "geom", "properties": {"lem_id": 343, "expte_siged": "1124-545512-1994-EXP", "coord_norte_pga07": 6750077.4, "coord_este_pga07": 2432762.9}, "bbox": [-69.6926, -29.3827, -69.6926, -29.3827]}, {"type": "Feature", "id": "vw_lem.fid--ce7fb1e_1a08fbfc439_-635", "geometry": {"type": "Point", "coordinates": [-70.1918, -32.0455]}, "geometry_name": "geom", "properties": {"lem_id": 344, "expte_siged": "1100-004107-2020-HIST", "coord_norte_pga07": 6454443.6, "coord_este_pga07": 2387436}, "bbox": [-70.1918, -32.0455, -70.1918, -32.0455]}, {"type": "Feature", "id": "vw_lem.fid--ce7fb1e_1a08fbfc439_-634", "geometry": {"type": "Point", "coordinates": [-68.4448, -31.1279]}, "geometry_name": "geom", "properties": {"lem_id": 345, "expte_siged": "1124-000467-2011-EXP", "coord_norte_pga07": 6556674.2, "coord_este_pga07": 2552949.4}, "bbox": [-68.4448, -31.1279, -68.4448, -31.1279]}, {"type": "Feature", "id": "vw_lem.fid--ce7fb1e_1a08fbfc439_-633", "geometry": {"type": "Point", "coordinates": [-70.4163, -31.6946]}, "geometry_name": "geom", "properties": {"lem_id": 346, "expte_siged": "1124-000373-1996-EXP", "coord_norte_pga07": 6493102.5, "coord_este_pga07": 2365719.1}, "bbox": [-70.4163, -31.6946, -70.4163, -31.6946]}, {"type": "Feature", "id": "vw_lem.fid--ce7fb1e_1a08fbfc439_-632", "geometry": {"type": "Point", "coordinates": [-70.3952, -31.6949]}, "geometry_name": "geom", "properties": {"lem_id": 347, "expte_siged": "1124-000375-1996-EXP", "coord_norte_pga07": 6493102.5, "coord_este_pga07": 2367719.1}, "bbox": [-70.3952, -31.6949, -70.3952, -31.6949]}, {"type": "Feature", "id": "vw_lem.fid--ce7fb1e_1a08fbfc439_-631", "geometry": {"type": "Point", "coordinates": [-70.3847, -31.695]}, "geometry_name": "geom", "properties": {"lem_id": 348, "expte_siged": "1124-000376-1996-EXP", "coord_norte_pga07": 6493102.5, "coord_este_pga07": 2368719.1}, "bbox": [-70.3847, -31.695, -70.3847, -31.695]}, {"type": "Feature", "id": "vw_lem.fid--ce7fb1e_1a08fbfc439_-630", "geometry": {"type": "Point", "coordinates": [-69.3876, -29.8463]}, "geometry_name": "geom", "properties": {"lem_id": 349, "expte_siged": "1124-546478-1994-EXP", "coord_norte_pga07": 6698823.2, "coord_este_pga07": 2462543.8}, "bbox": [-69.3876, -29.8463, -69.3876, -29.8463]}, {"type": "Feature", "id": "vw_lem.fid--ce7fb1e_1a08fbfc439_-62f", "geometry": {"type": "Point", "coordinates": [-69.571, -30.1476]}, "geometry_name": "geom", "properties": {"lem_id": 350, "expte_siged": "1124-000361-2011-EXP", "coord_norte_pga07": 6665352.7, "coord_este_pga07": 2444989.8}, "bbox": [-69.571, -30.1476, -69.571, -30.1476]}, {"type": "Feature", "id": "vw_lem.fid--ce7fb1e_1a08fbfc439_-62e", "geometry": {"type": "Point", "coordinates": [-70.2018, -31.045]}, "geometry_name": "geom", "properties": {"lem_id": 351, "expte_siged": "1124-000473-2008-EXP", "coord_norte_pga07": 6565380.2, "coord_este_pga07": 2385276}, "bbox": [-70.2018, -31.045, -70.2018, -31.045]}, {"type": "Feature", "id": "vw_lem.fid--ce7fb1e_1a08fbfc439_-62d", "geometry": {"type": "Point", "coordinates": [-69.8265, -30.6995]}, "geometry_name": "geom", "properties": {"lem_id": 352, "expte_siged": "1124-000461-1995-EXP", "coord_norte_pga07": 6604015.9, "coord_este_pga07": 2420819.7}, "bbox": [-69.8265, -30.6995, -69.8265, -30.6995]}, {"type": "Feature", "id": "vw_lem.fid--ce7fb1e_1a08fbfc439_-62c", "geometry": {"type": "Point", "coordinates": [-70.4656, -31.769]}, "geometry_name": "geom", "properties": {"lem_id": 353, "expte_siged": "1124-000139-2008-EXP", "coord_norte_pga07": 6484787, "coord_este_pga07": 2361157.8}, "bbox": [-70.4656, -31.769, -70.4656, -31.769]}, {"type": "Feature", "id": "vw_lem.fid--ce7fb1e_1a08fbfc439_-62b", "geometry": {"type": "Point", "coordinates": [-69.565, -30.505]}, "geometry_name": "geom", "properties": {"lem_id": 354, "expte_siged": "1124-000022-2014-EXP", "coord_norte_pga07": 6625731, "coord_este_pga07": 2445765}, "bbox": [-69.565, -30.505, -69.565, -30.505]}, {"type": "Feature", "id": "vw_lem.fid--ce7fb1e_1a08fbfc439_-62a", "geometry": {"type": "Point", "coordinates": [-70.5097, -31.2368]}, "geometry_name": "geom", "properties": {"lem_id": 355, "expte_siged": "1124-000034-2014-EXP", "coord_norte_pga07": 6543750, "coord_este_pga07": 2356170}, "bbox": [-70.5097, -31.2368, -70.5097, -31.2368]}, {"type": "Feature", "id": "vw_lem.fid--ce7fb1e_1a08fbfc439_-629", "geometry": {"type": "Point", "coordinates": [-70.5465, -31.5121]}, "geometry_name": "geom", "properties": {"lem_id": 356, "expte_siged": "1124-000168-2013-EXP", "coord_norte_pga07": 6513171.1, "coord_este_pga07": 2353088.5}, "bbox": [-70.5465, -31.5121, -70.5465, -31.5121]}, {"type": "Feature", "id": "vw_lem.fid--ce7fb1e_1a08fbfc439_-628", "geometry": {"type": "Point", "coordinates": [-70.4528, -31.4628]}, "geometry_name": "geom", "properties": {"lem_id": 357, "expte_siged": "1124-000169-2013-EXP", "coord_norte_pga07": 6518765.5, "coord_este_pga07": 2361915.4}, "bbox": [-70.4528, -31.4628, -70.4528, -31.4628]}, {"type": "Feature", "id": "vw_lem.fid--ce7fb1e_1a08fbfc439_-627", "geometry": {"type": "Point", "coordinates": [-70.3907, -31.4507]}, "geometry_name": "geom", "properties": {"lem_id": 358, "expte_siged": "1124-000083-2013-EXP", "coord_norte_pga07": 6520186, "coord_este_pga07": 2367804}, "bbox": [-70.3907, -31.4507, -70.3907, -31.4507]}, {"type": "Feature", "id": "vw_lem.fid--ce7fb1e_1a08fbfc439_-626", "geometry": {"type": "Point", "coordinates": [-70.5406, -31.4481]}, "geometry_name": "geom", "properties": {"lem_id": 359, "expte_siged": "1124-000050-2014-EXP", "coord_norte_pga07": 6520276, "coord_este_pga07": 2353555}, "bbox": [-70.5406, -31.4481, -70.5406, -31.4481]}, {"type": "Feature", "id": "vw_lem.fid--ce7fb1e_1a08fbfc439_-625", "geometry": {"type": "Point", "coordinates": [-70.313, -31.8197]}, "geometry_name": "geom", "properties": {"lem_id": 360, "expte_siged": "1124-000006-2010-EXP", "coord_norte_pga07": 6479357, "coord_este_pga07": 2375681.9}, "bbox": [-70.313, -31.8197, -70.313, -31.8197]}, {"type": "Feature", "id": "vw_lem.fid--ce7fb1e_1a08fbfc439_-624", "geometry": {"type": "Point", "coordinates": [-70.331, -31.832]}, "geometry_name": "geom", "properties": {"lem_id": 361, "expte_siged": "1124-000005-2010-EXP", "coord_norte_pga07": 6477967.3, "coord_este_pga07": 2373995.7}, "bbox": [-70.331, -31.832, -70.331, -31.832]}, {"type": "Feature", "id": "vw_lem.fid--ce7fb1e_1a08fbfc439_-623", "geometry": {"type": "Point", "coordinates": [-70.4526, -31.6623]}, "geometry_name": "geom", "properties": {"lem_id": 362, "expte_siged": "1124-000253-2013-EXP", "coord_norte_pga07": 6496637.5, "coord_este_pga07": 2362228.7}, "bbox": [-70.4526, -31.6623, -70.4526, -31.6623]}, {"type": "Feature", "id": "vw_lem.fid--ce7fb1e_1a08fbfc439_-622", "geometry": {"type": "Point", "coordinates": [-70.4425, -31.6878]}, "geometry_name": "geom", "properties": {"lem_id": 363, "expte_siged": "1124-000255-2013-EXP", "coord_norte_pga07": 6493824.5, "coord_este_pga07": 2363231.1}, "bbox": [-70.4425, -31.6878, -70.4425, -31.6878]}, {"type": "Feature", "id": "vw_lem.fid--ce7fb1e_1a08fbfc439_-621", "geometry": {"type": "Point", "coordinates": [-70.2496, -32.2508]}, "geometry_name": "geom", "properties": {"lem_id": 364, "expte_siged": "1124-000130-2011-EXP", "coord_norte_pga07": 6431621.7, "coord_este_pga07": 2382243}, "bbox": [-70.2496, -32.2508, -70.2496, -32.2508]}, {"type": "Feature", "id": "vw_lem.fid--ce7fb1e_1a08fbfc439_-620", "geometry": {"type": "Point", "coordinates": [-70.5059, -31.5387]}, "geometry_name": "geom", "properties": {"lem_id": 365, "expte_siged": "1124-000087-2014-EXP", "coord_norte_pga07": 6510283, "coord_este_pga07": 2356983}, "bbox": [-70.5059, -31.5387, -70.5059, -31.5387]}, {"type": "Feature", "id": "vw_lem.fid--ce7fb1e_1a08fbfc439_-61f", "geometry": {"type": "Point", "coordinates": [-70.2467, -32.2615]}, "geometry_name": "geom", "properties": {"lem_id": 366, "expte_siged": "1124-000495-2013-EXP", "coord_norte_pga07": 6430438, "coord_este_pga07": 2382528}, "bbox": [-70.2467, -32.2615, -70.2467, -32.2615]}, {"type": "Feature", "id": "vw_lem.fid--ce7fb1e_1a08fbfc439_-61e", "geometry": {"type": "Point", "coordinates": [-70.3103, -32.2517]}, "geometry_name": "geom", "properties": {"lem_id": 367, "expte_siged": "1124-000497-2013-EXP", "coord_norte_pga07": 6431449, "coord_este_pga07": 2376518}, "bbox": [-70.3103, -32.2517, -70.3103, -32.2517]}, {"type": "Feature", "id": "vw_lem.fid--ce7fb1e_1a08fbfc439_-61d", "geometry": {"type": "Point", "coordinates": [-70.3999, -31.8581]}, "geometry_name": "geom", "properties": {"lem_id": 368, "expte_siged": "1124-000252-2013-EXP", "coord_norte_pga07": 6474993, "coord_este_pga07": 2367506}, "bbox": [-70.3999, -31.8581, -70.3999, -31.8581]}, {"type": "Feature", "id": "vw_lem.fid--ce7fb1e_1a08fbfc439_-61c", "geometry": {"type": "Point", "coordinates": [-69.0727, -30.015]}, "geometry_name": "geom", "properties": {"lem_id": 369, "expte_siged": "1124-000373-2010-EXP", "coord_norte_pga07": 6680192, "coord_este_pga07": 2492985}, "bbox": [-69.0727, -30.015, -69.0727, -30.015]}, {"type": "Feature", "id": "vw_lem.fid--ce7fb1e_1a08fbfc439_-61b", "geometry": {"type": "Point", "coordinates": [-70.1733, -30.7067]}, "geometry_name": "geom", "properties": {"lem_id": 370, "expte_siged": "1124-000480-2013-EXP", "coord_norte_pga07": 6602916, "coord_este_pga07": 2387603}, "bbox": [-70.1733, -30.7067, -70.1733, -30.7067]}, {"type": "Feature", "id": "vw_lem.fid--ce7fb1e_1a08fbfc439_-61a", "geometry": {"type": "Point", "coordinates": [-67.7076, -30.3143]}, "geometry_name": "geom", "properties": {"lem_id": 371, "expte_siged": "1124-000021-2009-EXP", "coord_norte_pga07": 6646299.8, "coord_este_pga07": 2624306}, "bbox": [-67.7076, -30.3143, -67.7076, -30.3143]}, {"type": "Feature", "id": "vw_lem.fid--ce7fb1e_1a08fbfc439_-619", "geometry": {"type": "Point", "coordinates": [-67.8456, -30.2529]}, "geometry_name": "geom", "properties": {"lem_id": 372, "expte_siged": "1124-000628-2012-EXP", "coord_norte_pga07": 6653250, "coord_este_pga07": 2611100}, "bbox": [-67.8456, -30.2529, -67.8456, -30.2529]}, {"type": "Feature", "id": "vw_lem.fid--ce7fb1e_1a08fbfc439_-618", "geometry": {"type": "Point", "coordinates": [-69.614, -32.0411]}, "geometry_name": "geom", "properties": {"lem_id": 373, "expte_siged": "1124-546702-1994-EXP", "coord_norte_pga07": 6455393.6, "coord_este_pga07": 2442010.8}, "bbox": [-69.614, -32.0411, -69.614, -32.0411]}, {"type": "Feature", "id": "vw_lem.fid--ce7fb1e_1a08fbfc439_-617", "geometry": {"type": "Point", "coordinates": [-69.6127, -30.1856]}, "geometry_name": "geom", "properties": {"lem_id": 374, "expte_siged": "1124-000332-2012-EXP", "coord_norte_pga07": 6661115.7, "coord_este_pga07": 2440993.8}, "bbox": [-69.6127, -30.1856, -69.6127, -30.1856]}, {"type": "Feature", "id": "vw_lem.fid--ce7fb1e_1a08fbfc439_-616", "geometry": {"type": "Point", "coordinates": [-69.6366, -30.1212]}, "geometry_name": "geom", "properties": {"lem_id": 375, "expte_siged": "1124-000351-2011-EXP", "coord_norte_pga07": 6668242.5, "coord_este_pga07": 2438648.9}, "bbox": [-69.6366, -30.1212, -69.6366, -30.1212]}, {"type": "Feature", "id": "vw_lem.fid--ce7fb1e_1a08fbfc439_-615", "geometry": {"type": "Point", "coordinates": [-70.3741, -31.6951]}, "geometry_name": "geom", "properties": {"lem_id": 376, "expte_siged": "1124-000377-1996-EXP", "coord_norte_pga07": 6493102.5, "coord_este_pga07": 2369719.1}, "bbox": [-70.3741, -31.6951, -70.3741, -31.6951]}, {"type": "Feature", "id": "vw_lem.fid--ce7fb1e_1a08fbfc439_-614", "geometry": {"type": "Point", "coordinates": [-70.4058, -31.6947]}, "geometry_name": "geom", "properties": {"lem_id": 377, "expte_siged": "1124-000374-1996-EXP", "coord_norte_pga07": 6493102.5, "coord_este_pga07": 2366719.1}, "bbox": [-70.4058, -31.6947, -70.4058, -31.6947]}, {"type": "Feature", "id": "vw_lem.fid--ce7fb1e_1a08fbfc439_-613", "geometry": {"type": "Point", "coordinates": [-70.0209, -30.5862]}, "geometry_name": "geom", "properties": {"lem_id": 378, "expte_siged": "1124-000010-1996-EXP", "coord_norte_pga07": 6616424, "coord_este_pga07": 2402075}, "bbox": [-70.0209, -30.5862, -70.0209, -30.5862]}, {"type": "Feature", "id": "vw_lem.fid--ce7fb1e_1a08fbfc439_-612", "geometry": {"type": "Point", "coordinates": [-69.6292, -30.9747]}, "geometry_name": "geom", "properties": {"lem_id": 379, "expte_siged": "1124-001460-1995-EXP", "coord_norte_pga07": 6573624.1, "coord_este_pga07": 2439895.5}, "bbox": [-69.6292, -30.9747, -69.6292, -30.9747]}, {"type": "Feature", "id": "vw_lem.fid--ce7fb1e_1a08fbfc439_-611", "geometry": {"type": "Point", "coordinates": [-69.5999, -30.8836]}, "geometry_name": "geom", "properties": {"lem_id": 380, "expte_siged": "1124-296651-2020-EXP", "coord_norte_pga07": 6583737.1, "coord_este_pga07": 2442634.8}, "bbox": [-69.5999, -30.8836, -69.5999, -30.8836]}, {"type": "Feature", "id": "vw_lem.fid--ce7fb1e_1a08fbfc439_-610", "geometry": {"type": "Point", "coordinates": [-69.6197, -29.6544]}, "geometry_name": "geom", "properties": {"lem_id": 381, "expte_siged": "414-000118-2004-EXP", "coord_norte_pga07": 6720000, "coord_este_pga07": 2440000}, "bbox": [-69.6197, -29.6544, -69.6197, -29.6544]}, {"type": "Feature", "id": "vw_lem.fid--ce7fb1e_1a08fbfc439_-60f", "geometry": {"type": "Point", "coordinates": [-69.8311, -31.1742]}, "geometry_name": "geom", "properties": {"lem_id": 382, "expte_siged": "1124-000329-2010-EXP", "coord_norte_pga07": 6551378.2, "coord_este_pga07": 2420769.9}, "bbox": [-69.8311, -31.1742, -69.8311, -31.1742]}, {"type": "Feature", "id": "vw_lem.fid--ce7fb1e_1a08fbfc439_-60e", "geometry": {"type": "Point", "coordinates": [-69.8622, -31.1979]}, "geometry_name": "geom", "properties": {"lem_id": 383, "expte_siged": "1124-000330-2010-EXP", "coord_norte_pga07": 6548728.2, "coord_este_pga07": 2417820.9}, "bbox": [-69.8622, -31.1979, -69.8622, -31.1979]}, {"type": "Feature", "id": "vw_lem.fid--ce7fb1e_1a08fbfc439_-60d", "geometry": {"type": "Point", "coordinates": [-67.6353, -30.5701]}, "geometry_name": "geom", "properties": {"lem_id": 384, "expte_siged": "1124-000131-2007-EXP", "coord_norte_pga07": 6617856.9, "coord_este_pga07": 2630920.9}, "bbox": [-67.6353, -30.5701, -67.6353, -30.5701]}, {"type": "Feature", "id": "vw_lem.fid--ce7fb1e_1a08fbfc439_-60c", "geometry": {"type": "Point", "coordinates": [-70.4337, -31.7216]}, "geometry_name": "geom", "properties": {"lem_id": 385, "expte_siged": "1124-000137-2008-EXP", "coord_norte_pga07": 6490093.5, "coord_este_pga07": 2364111.1}, "bbox": [-70.4337, -31.7216, -70.4337, -31.7216]}, {"type": "Feature", "id": "vw_lem.fid--ce7fb1e_1a08fbfc439_-60b", "geometry": {"type": "Point", "coordinates": [-69.9288, -31.5063]}, "geometry_name": "geom", "properties": {"lem_id": 386, "expte_siged": "1124-000666-2007-EXP", "coord_norte_pga07": 6514486.5, "coord_este_pga07": 2411770.3}, "bbox": [-69.9288, -31.5063, -69.9288, -31.5063]}, {"type": "Feature", "id": "vw_lem.fid--ce7fb1e_1a08fbfc439_-60a", "geometry": {"type": "Point", "coordinates": [-69.0256, -29.7755]}, "geometry_name": "geom", "properties": {"lem_id": 387, "expte_siged": "1124-000655-2007-EXP", "coord_norte_pga07": 6706737.6, "coord_este_pga07": 2497519.6}, "bbox": [-69.0256, -29.7755, -69.0256, -29.7755]}, {"type": "Feature", "id": "vw_lem.fid--ce7fb1e_1a08fbfc439_-609", "geometry": {"type": "Point", "coordinates": [-69.4529, -28.7615]}, "geometry_name": "geom", "properties": {"lem_id": 388, "expte_siged": "1124-000184-1995-EXP", "coord_norte_pga07": 6819042.1, "coord_este_pga07": 2455770.8}, "bbox": [-69.4529, -28.7615, -69.4529, -28.7615]}, {"type": "Feature", "id": "vw_lem.fid--ce7fb1e_1a08fbfc439_-608", "geometry": {"type": "Point", "coordinates": [-69.7664, -30.1746]}, "geometry_name": "geom", "properties": {"lem_id": 389, "expte_siged": "1124-270807-1986-EXP", "coord_norte_pga07": 6662251, "coord_este_pga07": 2426182}, "bbox": [-69.7664, -30.1746, -69.7664, -30.1746]}, {"type": "Feature", "id": "vw_lem.fid--ce7fb1e_1a08fbfc439_-607", "geometry": {"type": "Point", "coordinates": [-69.7538, -30.1618]}, "geometry_name": "geom", "properties": {"lem_id": 390, "expte_siged": "1124-258956-1985-EXP", "coord_norte_pga07": 6663674, "coord_este_pga07": 2427386}, "bbox": [-69.7538, -30.1618, -69.7538, -30.1618]}, {"type": "Feature", "id": "vw_lem.fid--ce7fb1e_1a08fbfc439_-606", "geometry": {"type": "Point", "coordinates": [-70.2012, -30.6959]}, "geometry_name": "geom", "properties": {"lem_id": 391, "expte_siged": "1124-000979-1996-EXP", "coord_norte_pga07": 6604093, "coord_este_pga07": 2384911}, "bbox": [-70.2012, -30.6959, -70.2012, -30.6959]}, {"type": "Feature", "id": "vw_lem.fid--ce7fb1e_1a08fbfc439_-605", "geometry": {"type": "Point", "coordinates": [-70.2064, -30.69]}, "geometry_name": "geom", "properties": {"lem_id": 392, "expte_siged": "1124-001189-1996-EXP", "coord_norte_pga07": 6604743, "coord_este_pga07": 2384411.1}, "bbox": [-70.2064, -30.69, -70.2064, -30.69]}, {"type": "Feature", "id": "vw_lem.fid--ce7fb1e_1a08fbfc439_-604", "geometry": {"type": "Point", "coordinates": [-69.7267, -30.8852]}, "geometry_name": "geom", "properties": {"lem_id": 393, "expte_siged": "1124-000146-1995-EXP", "coord_norte_pga07": 6583488.5, "coord_este_pga07": 2430513.3}, "bbox": [-69.7267, -30.8852, -69.7267, -30.8852]}, {"type": "Feature", "id": "vw_lem.fid--ce7fb1e_1a08fbfc439_-603", "geometry": {"type": "Point", "coordinates": [-67.3962, -31.4509]}, "geometry_name": "geom", "properties": {"lem_id": 394, "expte_siged": "1100-004506-2020-HIST", "coord_norte_pga07": 6519887.8, "coord_este_pga07": 2652449}, "bbox": [-67.3962, -31.4509, -67.3962, -31.4509]}, {"type": "Feature", "id": "vw_lem.fid--ce7fb1e_1a08fbfc439_-602", "geometry": {"type": "Point", "coordinates": [-69.2882, -29.7371]}, "geometry_name": "geom", "properties": {"lem_id": 395, "expte_siged": "1124-001139-1995-EXP", "coord_norte_pga07": 6710955.5, "coord_este_pga07": 2472121.7}, "bbox": [-69.2882, -29.7371, -69.2882, -29.7371]}, {"type": "Feature", "id": "vw_lem.fid--ce7fb1e_1a08fbfc439_-601", "geometry": {"type": "Point", "coordinates": [-69.5992, -29.8785]}, "geometry_name": "geom", "properties": {"lem_id": 396, "expte_siged": "1124-001476-2005-EXP", "coord_norte_pga07": 6695167, "coord_este_pga07": 2442118.7}, "bbox": [-69.5992, -29.8785, -69.5992, -29.8785]}, {"type": "Feature", "id": "vw_lem.fid--ce7fb1e_1a08fbfc439_-600", "geometry": {"type": "Point", "coordinates": [-69.8547, -31.0486]}, "geometry_name": "geom", "properties": {"lem_id": 397, "expte_siged": "1124-258289-1985-HIST", "coord_norte_pga07": 6565293, "coord_este_pga07": 2418410}, "bbox": [-69.8547, -31.0486, -69.8547, -31.0486]}, {"type": "Feature", "id": "vw_lem.fid--ce7fb1e_1a08fbfc439_-5ff", "geometry": {"type": "Point", "coordinates": [-70.2498, -30.6604]}, "geometry_name": "geom", "properties": {"lem_id": 398, "expte_siged": "1124-001187-1996-EXP", "coord_norte_pga07": 6607973, "coord_este_pga07": 2380211.1}, "bbox": [-70.2498, -30.6604, -70.2498, -30.6604]}, {"type": "Feature", "id": "vw_lem.fid--ce7fb1e_1a08fbfc439_-5fe", "geometry": {"type": "Point", "coordinates": [-68.8365, -29.9116]}, "geometry_name": "geom", "properties": {"lem_id": 399, "expte_siged": "1124-181741-1991-EXP", "coord_norte_pga07": 6691643.5, "coord_este_pga07": 2515788.3}, "bbox": [-68.8365, -29.9116, -68.8365, -29.9116]}, {"type": "Feature", "id": "vw_lem.fid--ce7fb1e_1a08fbfc439_-5fd", "geometry": {"type": "Point", "coordinates": [-69.5738, -28.7292]}, "geometry_name": "geom", "properties": {"lem_id": 400, "expte_siged": "414-000048-2004-EXP", "coord_norte_pga07": 6822576, "coord_este_pga07": 2443944.8}, "bbox": [-69.5738, -28.7292, -69.5738, -28.7292]}, {"type": "Feature", "id": "vw_lem.fid--ce7fb1e_1a08fbfc439_-5fc", "geometry": {"type": "Point", "coordinates": [-69.6824, -31.2708]}, "geometry_name": "geom", "properties": {"lem_id": 401, "expte_siged": "520-000426-1999-EXP", "coord_norte_pga07": 6540769.8, "coord_este_pga07": 2435013.8}, "bbox": [-69.6824, -31.2708, -69.6824, -31.2708]}, {"type": "Feature", "id": "vw_lem.fid--ce7fb1e_1a08fbfc439_-5fb", "geometry": {"type": "Point", "coordinates": [-69.5851, -29.5899]}, "geometry_name": "geom", "properties": {"lem_id": 402, "expte_siged": "1124-000375-2006-EXP", "coord_norte_pga07": 6727173.4, "coord_este_pga07": 2443311.7}, "bbox": [-69.5851, -29.5899, -69.5851, -29.5899]}, {"type": "Feature", "id": "vw_lem.fid--ce7fb1e_1a08fbfc439_-5fa", "geometry": {"type": "Point", "coordinates": [-69.7524, -30.0155]}, "geometry_name": "geom", "properties": {"lem_id": 403, "expte_siged": "1124-546719-1994-EXP", "coord_norte_pga07": 6679892.7, "coord_este_pga07": 2427410.9}, "bbox": [-69.7524, -30.0155, -69.7524, -30.0155]}, {"type": "Feature", "id": "vw_lem.fid--ce7fb1e_1a08fbfc439_-5f9", "geometry": {"type": "Point", "coordinates": [-69.8658, -29.7871]}, "geometry_name": "geom", "properties": {"lem_id": 404, "expte_siged": "1124-296701-1989-EXP", "coord_norte_pga07": 6705142.6, "coord_este_pga07": 2416285.9}, "bbox": [-69.8658, -29.7871, -69.8658, -29.7871]}, {"type": "Feature", "id": "vw_lem.fid--ce7fb1e_1a08fbfc439_-5f8", "geometry": {"type": "Point", "coordinates": [-69.8787, -29.8465]}, "geometry_name": "geom", "properties": {"lem_id": 405, "expte_siged": "1124-296475-1990-EXP", "coord_norte_pga07": 6698542.6, "coord_este_pga07": 2415080.9}, "bbox": [-69.8787, -29.8465, -69.8787, -29.8465]}, {"type": "Feature", "id": "vw_lem.fid--ce7fb1e_1a08fbfc439_-5f7", "geometry": {"type": "Point", "coordinates": [-69.8685, -29.847]}, "geometry_name": "geom", "properties": {"lem_id": 406, "expte_siged": "1124-296474-1990-EXP", "coord_norte_pga07": 6698492.6, "coord_este_pga07": 2416067.9}, "bbox": [-69.8685, -29.847, -69.8685, -29.847]}, {"type": "Feature", "id": "vw_lem.fid--ce7fb1e_1a08fbfc439_-5f6", "geometry": {"type": "Point", "coordinates": [-69.8839, -29.816]}, "geometry_name": "geom", "properties": {"lem_id": 407, "expte_siged": "1124-296704-1989-EXP", "coord_norte_pga07": 6701917.6, "coord_este_pga07": 2414560.9}, "bbox": [-69.8839, -29.816, -69.8839, -29.816]}, {"type": "Feature", "id": "vw_lem.fid--ce7fb1e_1a08fbfc439_-5f5", "geometry": {"type": "Point", "coordinates": [-69.8744, -29.7987]}, "geometry_name": "geom", "properties": {"lem_id": 408, "expte_siged": "1124-296703-1989-EXP", "coord_norte_pga07": 6703842.6, "coord_este_pga07": 2415460.9}, "bbox": [-69.8744, -29.7987, -69.8744, -29.7987]}, {"type": "Feature", "id": "vw_lem.fid--ce7fb1e_1a08fbfc439_-5f4", "geometry": {"type": "Point", "coordinates": [-69.5197, -30.6732]}, "geometry_name": "geom", "properties": {"lem_id": 409, "expte_siged": "1124-000070-2011-EXP", "coord_norte_pga07": 6607103.9, "coord_este_pga07": 2450192.9}, "bbox": [-69.5197, -30.6732, -69.5197, -30.6732]}, {"type": "Feature", "id": "vw_lem.fid--ce7fb1e_1a08fbfc439_-5f3", "geometry": {"type": "Point", "coordinates": [-69.2619, -28.5968]}, "geometry_name": "geom", "properties": {"lem_id": 410, "expte_siged": "1124-001164-1995-EXP", "coord_norte_pga07": 6837357.4, "coord_este_pga07": 2474385.5}, "bbox": [-69.2619, -28.5968, -69.2619, -28.5968]}, {"type": "Feature", "id": "vw_lem.fid--ce7fb1e_1a08fbfc439_-5f2", "geometry": {"type": "Point", "coordinates": [-69.6626, -30.7583]}, "geometry_name": "geom", "properties": {"lem_id": 411, "expte_siged": "1124-000061-2011-EXP", "coord_norte_pga07": 6597604.8, "coord_este_pga07": 2436558.2}, "bbox": [-69.6626, -30.7583, -69.6626, -30.7583]}, {"type": "Feature", "id": "vw_lem.fid--ce7fb1e_1a08fbfc439_-5f1", "geometry": {"type": "Point", "coordinates": [-69.6121, -30.1471]}, "geometry_name": "geom", "properties": {"lem_id": 412, "expte_siged": "1124-000011-2011-EXP", "coord_norte_pga07": 6665386, "coord_este_pga07": 2441030.9}, "bbox": [-69.6121, -30.1471, -69.6121, -30.1471]}, {"type": "Feature", "id": "vw_lem.fid--ce7fb1e_1a08fbfc439_-5f0", "geometry": {"type": "Point", "coordinates": [-69.5422, -30.6625]}, "geometry_name": "geom", "properties": {"lem_id": 413, "expte_siged": "1124-000067-2011-EXP", "coord_norte_pga07": 6608287, "coord_este_pga07": 2448039.1}, "bbox": [-69.5422, -30.6625, -69.5422, -30.6625]}, {"type": "Feature", "id": "vw_lem.fid--ce7fb1e_1a08fbfc439_-5ef", "geometry": {"type": "Point", "coordinates": [-67.3928, -31.2282]}, "geometry_name": "geom", "properties": {"lem_id": 414, "expte_siged": "1124-000133-2009-EXP", "coord_norte_pga07": 6544576.3, "coord_este_pga07": 2653137.9}, "bbox": [-67.3928, -31.2282, -67.3928, -31.2282]}, {"type": "Feature", "id": "vw_lem.fid--ce7fb1e_1a08fbfc439_-5ee", "geometry": {"type": "Point", "coordinates": [-69.3667, -31.5129]}, "geometry_name": "geom", "properties": {"lem_id": 415, "expte_siged": "1124-546194-1994-EXP", "coord_norte_pga07": 6514063.4, "coord_este_pga07": 2465170.7}, "bbox": [-69.3667, -31.5129, -69.3667, -31.5129]}, {"type": "Feature", "id": "vw_lem.fid--ce7fb1e_1a08fbfc439_-5ed", "geometry": {"type": "Point", "coordinates": [-68.8685, -30.939]}, "geometry_name": "geom", "properties": {"lem_id": 416, "expte_siged": "1124-000701-2010-EXP", "coord_norte_pga07": 6577750.1, "coord_este_pga07": 2512566.7}, "bbox": [-68.8685, -30.939, -68.8685, -30.939]}, {"type": "Feature", "id": "vw_lem.fid--ce7fb1e_1a08fbfc439_-5ec", "geometry": {"type": "Point", "coordinates": [-69.8954, -30.4125]}, "geometry_name": "geom", "properties": {"lem_id": 417, "expte_siged": "1124-545927-1994-EXP", "coord_norte_pga07": 6635779.3, "coord_este_pga07": 2413965.6}, "bbox": [-69.8954, -30.4125, -69.8954, -30.4125]}, {"type": "Feature", "id": "vw_lem.fid--ce7fb1e_1a08fbfc439_-5eb", "geometry": {"type": "Point", "coordinates": [-69.6077, -30.8438]}, "geometry_name": "geom", "properties": {"lem_id": 418, "expte_siged": "1124-545631-1994-EXP", "coord_norte_pga07": 6588145.1, "coord_este_pga07": 2441869.8}, "bbox": [-69.6077, -30.8438, -69.6077, -30.8438]}, {"type": "Feature", "id": "vw_lem.fid--ce7fb1e_1a08fbfc439_-5ea", "geometry": {"type": "Point", "coordinates": [-69.5119, -30.5783]}, "geometry_name": "geom", "properties": {"lem_id": 419, "expte_siged": "1124-000374-2007-EXP", "coord_norte_pga07": 6617631.9, "coord_este_pga07": 2450897.8}, "bbox": [-69.5119, -30.5783, -69.5119, -30.5783]}, {"type": "Feature", "id": "vw_lem.fid--ce7fb1e_1a08fbfc439_-5e9", "geometry": {"type": "Point", "coordinates": [-69.5659, -30.5531]}, "geometry_name": "geom", "properties": {"lem_id": 420, "expte_siged": "1124-545799-1994-EXP", "coord_norte_pga07": 6620402.9, "coord_este_pga07": 2445700.8}, "bbox": [-69.5659, -30.5531, -69.5659, -30.5531]}, {"type": "Feature", "id": "vw_lem.fid--ce7fb1e_1a08fbfc439_-5e8", "geometry": {"type": "Point", "coordinates": [-69.5009, -30.5239]}, "geometry_name": "geom", "properties": {"lem_id": 421, "expte_siged": "1124-000375-2007-EXP", "coord_norte_pga07": 6623669.9, "coord_este_pga07": 2451927.8}, "bbox": [-69.5009, -30.5239, -69.5009, -30.5239]}, {"type": "Feature", "id": "vw_lem.fid--ce7fb1e_1a08fbfc439_-5e7", "geometry": {"type": "Point", "coordinates": [-69.8016, -29.8446]}, "geometry_name": "geom", "properties": {"lem_id": 422, "expte_siged": "1124-296476-1990-EXP", "coord_norte_pga07": 6698812.3, "coord_este_pga07": 2422531.5}, "bbox": [-69.8016, -29.8446, -69.8016, -29.8446]}, {"type": "Feature", "id": "vw_lem.fid--ce7fb1e_1a08fbfc439_-5e6", "geometry": {"type": "Point", "coordinates": [-69.8367, -29.3326]}, "geometry_name": "geom", "properties": {"lem_id": 423, "expte_siged": "1124-000947-1996-EXP", "coord_norte_pga07": 6755542.4, "coord_este_pga07": 2418734.9}, "bbox": [-69.8367, -29.3326, -69.8367, -29.3326]}, {"type": "Feature", "id": "vw_lem.fid--ce7fb1e_1a08fbfc439_-5e5", "geometry": {"type": "Point", "coordinates": [-69.6723, -30.8013]}, "geometry_name": "geom", "properties": {"lem_id": 424, "expte_siged": "1124-000319-2006-EXP", "coord_norte_pga07": 6592822, "coord_este_pga07": 2435654.7}, "bbox": [-69.6723, -30.8013, -69.6723, -30.8013]}, {"type": "Feature", "id": "vw_lem.fid--ce7fb1e_1a08fbfc439_-5e4", "geometry": {"type": "Point", "coordinates": [-69.68, -30.7855]}, "geometry_name": "geom", "properties": {"lem_id": 425, "expte_siged": "1124-000316-2006-EXP", "coord_norte_pga07": 6594573, "coord_este_pga07": 2434909.8}, "bbox": [-69.68, -30.7855, -69.68, -30.7855]}, {"type": "Feature", "id": "vw_lem.fid--ce7fb1e_1a08fbfc439_-5e3", "geometry": {"type": "Point", "coordinates": [-69.679, -30.8016]}, "geometry_name": "geom", "properties": {"lem_id": 426, "expte_siged": "1124-000318-2006-EXP", "coord_norte_pga07": 6592787.4, "coord_este_pga07": 2435016.9}, "bbox": [-69.679, -30.8016, -69.679, -30.8016]}, {"type": "Feature", "id": "vw_lem.fid--ce7fb1e_1a08fbfc439_-5e2", "geometry": {"type": "Point", "coordinates": [-69.6618, -30.793]}, "geometry_name": "geom", "properties": {"lem_id": 427, "expte_siged": "1124-000317-2006-EXP", "coord_norte_pga07": 6593752, "coord_este_pga07": 2436659.5}, "bbox": [-69.6618, -30.793, -69.6618, -30.793]}, {"type": "Feature", "id": "vw_lem.fid--ce7fb1e_1a08fbfc439_-5e1", "geometry": {"type": "Point", "coordinates": [-70.1628, -31.0926]}, "geometry_name": "geom", "properties": {"lem_id": 428, "expte_siged": "1124-000167-2010-EXP", "coord_norte_pga07": 6560147.2, "coord_este_pga07": 2389053}, "bbox": [-70.1628, -31.0926, -70.1628, -31.0926]}, {"type": "Feature", "id": "vw_lem.fid--ce7fb1e_1a08fbfc439_-5e0", "geometry": {"type": "Point", "coordinates": [-70.2869, -31.103]}, "geometry_name": "geom", "properties": {"lem_id": 429, "expte_siged": "1124-000141-2009-EXP", "coord_norte_pga07": 6558862.2, "coord_este_pga07": 2377221.1}, "bbox": [-70.2869, -31.103, -70.2869, -31.103]}, {"type": "Feature", "id": "vw_lem.fid--ce7fb1e_1a08fbfc439_-5df", "geometry": {"type": "Point", "coordinates": [-70.2068, -30.9921]}, "geometry_name": "geom", "properties": {"lem_id": 430, "expte_siged": "1124-000169-2010-EXP", "coord_norte_pga07": 6571243.1, "coord_este_pga07": 2384736}, "bbox": [-70.2068, -30.9921, -70.2068, -30.9921]}, {"type": "Feature", "id": "vw_lem.fid--ce7fb1e_1a08fbfc439_-5de", "geometry": {"type": "Point", "coordinates": [-70.2305, -31.03]}, "geometry_name": "geom", "properties": {"lem_id": 431, "expte_siged": "1124-000108-2010-EXP", "coord_norte_pga07": 6567017.2, "coord_este_pga07": 2382517.1}, "bbox": [-70.2305, -31.03, -70.2305, -31.03]}, {"type": "Feature", "id": "vw_lem.fid--ce7fb1e_1a08fbfc439_-5dd", "geometry": {"type": "Point", "coordinates": [-69.6405, -29.1809]}, "geometry_name": "geom", "properties": {"lem_id": 432, "expte_siged": "1124-000167-2007-EXP", "coord_norte_pga07": 6772475.3, "coord_este_pga07": 2437699.8}, "bbox": [-69.6405, -29.1809, -69.6405, -29.1809]}, {"type": "Feature", "id": "vw_lem.fid--ce7fb1e_1a08fbfc439_-5dc", "geometry": {"type": "Point", "coordinates": [-69.6079, -29.2714]}, "geometry_name": "geom", "properties": {"lem_id": 433, "expte_siged": "1124-000166-2007-EXP", "coord_norte_pga07": 6762461.3, "coord_este_pga07": 2440925.8}, "bbox": [-69.6079, -29.2714, -69.6079, -29.2714]}, {"type": "Feature", "id": "vw_lem.fid--ce7fb1e_1a08fbfc439_-5db", "geometry": {"type": "Point", "coordinates": [-69.6856, -31.1788]}, "geometry_name": "geom", "properties": {"lem_id": 434, "expte_siged": "1124-000189-2007-EXP", "coord_norte_pga07": 6550966.2, "coord_este_pga07": 2434641.8}, "bbox": [-69.6856, -31.1788, -69.6856, -31.1788]}, {"type": "Feature", "id": "vw_lem.fid--ce7fb1e_1a08fbfc439_-5da", "geometry": {"type": "Point", "coordinates": [-69.3957, -31.2949]}, "geometry_name": "geom", "properties": {"lem_id": 435, "expte_siged": "1124-000072-2006-EXP", "coord_norte_pga07": 6538226.3, "coord_este_pga07": 2462326.7}, "bbox": [-69.3957, -31.2949, -69.3957, -31.2949]}, {"type": "Feature", "id": "vw_lem.fid--ce7fb1e_1a08fbfc439_-5d9", "geometry": {"type": "Point", "coordinates": [-70.1447, -30.628]}, "geometry_name": "geom", "properties": {"lem_id": 436, "expte_siged": "1124-000593-2008-EXP", "coord_norte_pga07": 6611671.9, "coord_este_pga07": 2390246.2}, "bbox": [-70.1447, -30.628, -70.1447, -30.628]}, {"type": "Feature", "id": "vw_lem.fid--ce7fb1e_1a08fbfc439_-5d8", "geometry": {"type": "Point", "coordinates": [-70.2673, -31.7441]}, "geometry_name": "geom", "properties": {"lem_id": 437, "expte_siged": "1124-000465-2008-EXP", "coord_norte_pga07": 6487793.5, "coord_este_pga07": 2379911}, "bbox": [-70.2673, -31.7441, -70.2673, -31.7441]}, {"type": "Feature", "id": "vw_lem.fid--ce7fb1e_1a08fbfc439_-5d7", "geometry": {"type": "Point", "coordinates": [-69.5242, -30.5552]}, "geometry_name": "geom", "properties": {"lem_id": 438, "expte_siged": "1124-000167-2006-EXP", "coord_norte_pga07": 6620182.9, "coord_este_pga07": 2449709.8}, "bbox": [-69.5242, -30.5552, -69.5242, -30.5552]}, {"type": "Feature", "id": "vw_lem.fid--ce7fb1e_1a08fbfc439_-5d6", "geometry": {"type": "Point", "coordinates": [-67.587, -30.6561]}, "geometry_name": "geom", "properties": {"lem_id": 439, "expte_siged": "414-001288-2005-EXP", "coord_norte_pga07": 6608263.3, "coord_este_pga07": 2635436}, "bbox": [-67.587, -30.6561, -67.587, -30.6561]}, {"type": "Feature", "id": "vw_lem.fid--ce7fb1e_1a08fbfc439_-5d5", "geometry": {"type": "Point", "coordinates": [-69.3509, -29.8494]}, "geometry_name": "geom", "properties": {"lem_id": 440, "expte_siged": "1124-000263-1996-EXP", "coord_norte_pga07": 6698495.8, "coord_este_pga07": 2466088.3}, "bbox": [-69.3509, -29.8494, -69.3509, -29.8494]}, {"type": "Feature", "id": "vw_lem.fid--ce7fb1e_1a08fbfc439_-5d4", "geometry": {"type": "Point", "coordinates": [-70.5261, -31.4355]}, "geometry_name": "geom", "properties": {"lem_id": 442, "expte_siged": "425-000162-2002-EXP", "coord_norte_pga07": 6521693.4, "coord_este_pga07": 2354911.2}, "bbox": [-70.5261, -31.4355, -70.5261, -31.4355]}, {"type": "Feature", "id": "vw_lem.fid--ce7fb1e_1a08fbfc439_-5d3", "geometry": {"type": "Point", "coordinates": [-69.7833, -30.2562]}, "geometry_name": "geom", "properties": {"lem_id": 443, "expte_siged": "414-000482-2004-EXP", "coord_norte_pga07": 6653195.8, "coord_este_pga07": 2424610.9}, "bbox": [-69.7833, -30.2562, -69.7833, -30.2562]}, {"type": "Feature", "id": "vw_lem.fid--ce7fb1e_1a08fbfc439_-5d2", "geometry": {"type": "Point", "coordinates": [-69.3309, -28.648]}, "geometry_name": "geom", "properties": {"lem_id": 444, "expte_siged": "414-000098-2004-EXP", "coord_norte_pga07": 6831668, "coord_este_pga07": 2467648.7}, "bbox": [-69.3309, -28.648, -69.3309, -28.648]}, {"type": "Feature", "id": "vw_lem.fid--ce7fb1e_1a08fbfc439_-5d1", "geometry": {"type": "Point", "coordinates": [-70.2063, -31.1204]}, "geometry_name": "geom", "properties": {"lem_id": 445, "expte_siged": "1124-000186-2007-EXP", "coord_norte_pga07": 6557014, "coord_este_pga07": 2384935}, "bbox": [-70.2063, -31.1204, -70.2063, -31.1204]}, {"type": "Feature", "id": "vw_lem.fid--ce7fb1e_1a08fbfc439_-5d0", "geometry": {"type": "Point", "coordinates": [-69.9735, -32.4049]}, "geometry_name": "geom", "properties": {"lem_id": 446, "expte_siged": "1124-000952-2020-EXP", "coord_norte_pga07": 6414793.8, "coord_este_pga07": 2408410.9}, "bbox": [-69.9735, -32.4049, -69.9735, -32.4049]}, {"type": "Feature", "id": "vw_lem.fid--ce7fb1e_1a08fbfc439_-5cf", "geometry": {"type": "Point", "coordinates": [-70.0214, -32.4091]}, "geometry_name": "geom", "properties": {"lem_id": 447, "expte_siged": "1124-000956-1996-EXP", "coord_norte_pga07": 6414293.8, "coord_este_pga07": 2403910.9}, "bbox": [-70.0214, -32.4091, -70.0214, -32.4091]}, {"type": "Feature", "id": "vw_lem.fid--ce7fb1e_1a08fbfc439_-5ce", "geometry": {"type": "Point", "coordinates": [-69.9732, -32.3689]}, "geometry_name": "geom", "properties": {"lem_id": 448, "expte_siged": "1124-000955-1996-EXP", "coord_norte_pga07": 6418793.7, "coord_este_pga07": 2408410.9}, "bbox": [-69.9732, -32.3689, -69.9732, -32.3689]}, {"type": "Feature", "id": "vw_lem.fid--ce7fb1e_1a08fbfc439_-5cd", "geometry": {"type": "Point", "coordinates": [-70.5209, -31.3005]}, "geometry_name": "geom", "properties": {"lem_id": 449, "expte_siged": "1124-338677-1992-EXP", "coord_norte_pga07": 6536678.3, "coord_este_pga07": 2355200.2}, "bbox": [-70.5209, -31.3005, -70.5209, -31.3005]}, {"type": "Feature", "id": "vw_lem.fid--ce7fb1e_1a08fbfc439_-5cc", "geometry": {"type": "Point", "coordinates": [-69.8468, -29.2551]}, "geometry_name": "geom", "properties": {"lem_id": 451, "expte_siged": "1124-338924-1992-EXP", "coord_norte_pga07": 6764124.3, "coord_este_pga07": 2417688.9}, "bbox": [-69.8468, -29.2551, -69.8468, -29.2551]}, {"type": "Feature", "id": "vw_lem.fid--ce7fb1e_1a08fbfc439_-5cb", "geometry": {"type": "Point", "coordinates": [-69.666, -30.2668]}, "geometry_name": "geom", "properties": {"lem_id": 452, "expte_siged": "1124-000636-1994-EXP", "coord_norte_pga07": 6652092.8, "coord_este_pga07": 2435910.8}, "bbox": [-69.666, -30.2668, -69.666, -30.2668]}, {"type": "Feature", "id": "vw_lem.fid--ce7fb1e_1a08fbfc439_-5ca", "geometry": {"type": "Point", "coordinates": [-69.876, -30.3411]}, "geometry_name": "geom", "properties": {"lem_id": 453, "expte_siged": "1124-545924-1994-EXP", "coord_norte_pga07": 6643718.5, "coord_este_pga07": 2415770.9}, "bbox": [-69.876, -30.3411, -69.876, -30.3411]}, {"type": "Feature", "id": "vw_lem.fid--ce7fb1e_1a08fbfc439_-5c9", "geometry": {"type": "Point", "coordinates": [-67.3457, -31.4402]}, "geometry_name": "geom", "properties": {"lem_id": 454, "expte_siged": "1124-000320-2006-EXP", "coord_norte_pga07": 6521000.4, "coord_este_pga07": 2657270.9}, "bbox": [-67.3457, -31.4402, -67.3457, -31.4402]}, {"type": "Feature", "id": "vw_lem.fid--ce7fb1e_1a08fbfc439_-5c8", "geometry": {"type": "Point", "coordinates": [-69.5985, -31.8388]}, "geometry_name": "geom", "properties": {"lem_id": 455, "expte_siged": "414-001057-2005-EXP", "coord_norte_pga07": 6477834.4, "coord_este_pga07": 2443346.7}, "bbox": [-69.5985, -31.8388, -69.5985, -31.8388]}, {"type": "Feature", "id": "vw_lem.fid--ce7fb1e_1a08fbfc439_-5c7", "geometry": {"type": "Point", "coordinates": [-67.6601, -30.3999]}, "geometry_name": "geom", "properties": {"lem_id": 456, "expte_siged": "1124-181549-1991-EXP", "coord_norte_pga07": 6636757.9, "coord_este_pga07": 2628769}, "bbox": [-67.6601, -30.3999, -67.6601, -30.3999]}, {"type": "Feature", "id": "vw_lem.fid--ce7fb1e_1a08fbfc439_-5c6", "geometry": {"type": "Point", "coordinates": [-68.7398, -31.9095]}, "geometry_name": "geom", "properties": {"lem_id": 457, "expte_siged": "1124-001525-1995-EXP", "coord_norte_pga07": 6470113.5, "coord_este_pga07": 2524610.5}, "bbox": [-68.7398, -31.9095, -68.7398, -31.9095]}, {"type": "Feature", "id": "vw_lem.fid--ce7fb1e_1a08fbfc439_-5c5", "geometry": {"type": "Point", "coordinates": [-69.796, -32.4008]}, "geometry_name": "geom", "properties": {"lem_id": 458, "expte_siged": "414-001414-2005-EXP", "coord_norte_pga07": 6415393.8, "coord_este_pga07": 2425110.9}, "bbox": [-69.796, -32.4008, -69.796, -32.4008]}, {"type": "Feature", "id": "vw_lem.fid--ce7fb1e_1a08fbfc439_-5c4", "geometry": {"type": "Point", "coordinates": [-68.5903, -29.8268]}, "geometry_name": "geom", "properties": {"lem_id": 459, "expte_siged": "414-001341-2005-EXP", "coord_norte_pga07": 6700985.6, "coord_este_pga07": 2539596.4}, "bbox": [-68.5903, -29.8268, -68.5903, -29.8268]}, {"type": "Feature", "id": "vw_lem.fid--ce7fb1e_1a08fbfc439_-5c3", "geometry": {"type": "Point", "coordinates": [-68.6102, -29.8789]}, "geometry_name": "geom", "properties": {"lem_id": 460, "expte_siged": "414-001315-2005-EXP", "coord_norte_pga07": 6695207.6, "coord_este_pga07": 2537653.4}, "bbox": [-68.6102, -29.8789, -68.6102, -29.8789]}, {"type": "Feature", "id": "vw_lem.fid--ce7fb1e_1a08fbfc439_-5c2", "geometry": {"type": "Point", "coordinates": [-70.2576, -30.7377]}, "geometry_name": "geom", "properties": {"lem_id": 461, "expte_siged": "1124-001356-1995-EXP", "coord_norte_pga07": 6599393, "coord_este_pga07": 2379561.1}, "bbox": [-70.2576, -30.7377, -70.2576, -30.7377]}, {"type": "Feature", "id": "vw_lem.fid--ce7fb1e_1a08fbfc439_-5c1", "geometry": {"type": "Point", "coordinates": [-69.5608, -29.8541]}, "geometry_name": "geom", "properties": {"lem_id": 462, "expte_siged": "1124-338710-1993-EXP", "coord_norte_pga07": 6697892.4, "coord_este_pga07": 2445810.7}, "bbox": [-69.5608, -29.8541, -69.5608, -29.8541]}, {"type": "Feature", "id": "vw_lem.fid--ce7fb1e_1a08fbfc439_-5c0", "geometry": {"type": "Point", "coordinates": [-68.855, -30.9964]}, "geometry_name": "geom", "properties": {"lem_id": 463, "expte_siged": "414-000818-2005-EXP", "coord_norte_pga07": 6571382.7, "coord_este_pga07": 2513848.6}, "bbox": [-68.855, -30.9964, -68.855, -30.9964]}, {"type": "Feature", "id": "vw_lem.fid--ce7fb1e_1a08fbfc439_-5bf", "geometry": {"type": "Point", "coordinates": [-68.6555, -29.7194]}, "geometry_name": "geom", "properties": {"lem_id": 464, "expte_siged": "414-001192-2005-EXP", "coord_norte_pga07": 6712902.5, "coord_este_pga07": 2533330.4}, "bbox": [-68.6555, -29.7194, -68.6555, -29.7194]}, {"type": "Feature", "id": "vw_lem.fid--ce7fb1e_1a08fbfc439_-5be", "geometry": {"type": "Point", "coordinates": [-68.6262, -29.7192]}, "geometry_name": "geom", "properties": {"lem_id": 465, "expte_siged": "414-001193-2005-EXP", "coord_norte_pga07": 6712922.5, "coord_este_pga07": 2536170.4}, "bbox": [-68.6262, -29.7192, -68.6262, -29.7192]}, {"type": "Feature", "id": "vw_lem.fid--ce7fb1e_1a08fbfc439_-5bd", "geometry": {"type": "Point", "coordinates": [-69.4785, -28.766]}, "geometry_name": "geom", "properties": {"lem_id": 466, "expte_siged": "1124-000174-1995-EXP", "coord_norte_pga07": 6818542.1, "coord_este_pga07": 2453270.8}, "bbox": [-69.4785, -28.766, -69.4785, -28.766]}, {"type": "Feature", "id": "vw_lem.fid--ce7fb1e_1a08fbfc439_-5bc", "geometry": {"type": "Point", "coordinates": [-69.8545, -31.1419]}, "geometry_name": "geom", "properties": {"lem_id": 467, "expte_siged": "414-000806-2005-EXP", "coord_norte_pga07": 6554943.2, "coord_este_pga07": 2418510.9}, "bbox": [-69.8545, -31.1419, -69.8545, -31.1419]}, {"type": "Feature", "id": "vw_lem.fid--ce7fb1e_1a08fbfc439_-5bb", "geometry": {"type": "Point", "coordinates": [-70.2241, -30.7678]}, "geometry_name": "geom", "properties": {"lem_id": 468, "expte_siged": "414-000805-2005-EXP", "coord_norte_pga07": 6596093, "coord_este_pga07": 2382811.1}, "bbox": [-70.2241, -30.7678, -70.2241, -30.7678]}, {"type": "Feature", "id": "vw_lem.fid--ce7fb1e_1a08fbfc439_-5ba", "geometry": {"type": "Point", "coordinates": [-70.0044, -31.5834]}, "geometry_name": "geom", "properties": {"lem_id": 469, "expte_siged": "414-000732-2004-EXP", "coord_norte_pga07": 6505873.4, "coord_este_pga07": 2404661}, "bbox": [-70.0044, -31.5834, -70.0044, -31.5834]}, {"type": "Feature", "id": "vw_lem.fid--ce7fb1e_1a08fbfc439_-5b9", "geometry": {"type": "Point", "coordinates": [-69.3954, -29.8133]}, "geometry_name": "geom", "properties": {"lem_id": 470, "expte_siged": "1124-546687-1994-EXP", "coord_norte_pga07": 6702484.6, "coord_este_pga07": 2461778.7}, "bbox": [-69.3954, -29.8133, -69.3954, -29.8133]}, {"type": "Feature", "id": "vw_lem.fid--ce7fb1e_1a08fbfc439_-5b8", "geometry": {"type": "Point", "coordinates": [-69.2605, -31.6021]}, "geometry_name": "geom", "properties": {"lem_id": 471, "expte_siged": "414-000469-2004-EXP", "coord_norte_pga07": 6504201.4, "coord_este_pga07": 2475276.7}, "bbox": [-69.2605, -31.6021, -69.2605, -31.6021]}, {"type": "Feature", "id": "vw_lem.fid--ce7fb1e_1a08fbfc439_-5b7", "geometry": {"type": "Point", "coordinates": [-69.7861, -30.2138]}, "geometry_name": "geom", "properties": {"lem_id": 472, "expte_siged": "1124-000761-1996-EXP", "coord_norte_pga07": 6657892.8, "coord_este_pga07": 2424310.9}, "bbox": [-69.7861, -30.2138, -69.7861, -30.2138]}, {"type": "Feature", "id": "vw_lem.fid--ce7fb1e_1a08fbfc439_-5b6", "geometry": {"type": "Point", "coordinates": [-69.7264, -30.2177]}, "geometry_name": "geom", "properties": {"lem_id": 473, "expte_siged": "1124-000760-1996-EXP", "coord_norte_pga07": 6657492.8, "coord_este_pga07": 2430060.9}, "bbox": [-69.7264, -30.2177, -69.7264, -30.2177]}, {"type": "Feature", "id": "vw_lem.fid--ce7fb1e_1a08fbfc439_-5b5", "geometry": {"type": "Point", "coordinates": [-69.8875, -31.2264]}, "geometry_name": "geom", "properties": {"lem_id": 474, "expte_siged": "414-000484-2004-EXP", "coord_norte_pga07": 6545545.2, "coord_este_pga07": 2415439.9}, "bbox": [-69.8875, -31.2264, -69.8875, -31.2264]}, {"type": "Feature", "id": "vw_lem.fid--ce7fb1e_1a08fbfc439_-5b4", "geometry": {"type": "Point", "coordinates": [-69.7223, -32.2571]}, "geometry_name": "geom", "properties": {"lem_id": 475, "expte_siged": "414-000415-2004-EXP", "coord_norte_pga07": 6431378.5, "coord_este_pga07": 2431936}, "bbox": [-69.7223, -32.2571, -69.7223, -32.2571]}, {"type": "Feature", "id": "vw_lem.fid--ce7fb1e_1a08fbfc439_-5b3", "geometry": {"type": "Point", "coordinates": [-67.6615, -30.576]}, "geometry_name": "geom", "properties": {"lem_id": 476, "expte_siged": "414-000374-2004-EXP", "coord_norte_pga07": 6617236.9, "coord_este_pga07": 2628398}, "bbox": [-67.6615, -30.576, -67.6615, -30.576]}, {"type": "Feature", "id": "vw_lem.fid--ce7fb1e_1a08fbfc439_-5b2", "geometry": {"type": "Point", "coordinates": [-69.7951, -30.8099]}, "geometry_name": "geom", "properties": {"lem_id": 477, "expte_siged": "414-000376-2004-EXP", "coord_norte_pga07": 6591793.1, "coord_este_pga07": 2423910.9}, "bbox": [-69.7951, -30.8099, -69.7951, -30.8099]}, {"type": "Feature", "id": "vw_lem.fid--ce7fb1e_1a08fbfc439_-5b1", "geometry": {"type": "Point", "coordinates": [-69.9314, -32.1245]}, "geometry_name": "geom", "properties": {"lem_id": 479, "expte_siged": "1124-001155-1996-EXP", "coord_norte_pga07": 6445927.3, "coord_este_pga07": 2412107.8}, "bbox": [-69.9314, -32.1245, -69.9314, -32.1245]}, {"type": "Feature", "id": "vw_lem.fid--ce7fb1e_1a08fbfc439_-5b0", "geometry": {"type": "Point", "coordinates": [-69.7086, -32.2353]}, "geometry_name": "geom", "properties": {"lem_id": 481, "expte_siged": "1124-001161-1996-EXP", "coord_norte_pga07": 6433803.7, "coord_este_pga07": 2433210.8}, "bbox": [-69.7086, -32.2353, -69.7086, -32.2353]}, {"type": "Feature", "id": "vw_lem.fid--ce7fb1e_1a08fbfc439_-5af", "geometry": {"type": "Point", "coordinates": [-68.6411, -29.9062]}, "geometry_name": "geom", "properties": {"lem_id": 482, "expte_siged": "425-000185-2001-EXP", "coord_norte_pga07": 6692192.6, "coord_este_pga07": 2534660.4}, "bbox": [-68.6411, -29.9062, -68.6411, -29.9062]}, {"type": "Feature", "id": "vw_lem.fid--ce7fb1e_1a08fbfc439_-5ae", "geometry": {"type": "Point", "coordinates": [-68.6525, -29.6731]}, "geometry_name": "geom", "properties": {"lem_id": 483, "expte_siged": "425-000053-2001-EXP", "coord_norte_pga07": 6718042.5, "coord_este_pga07": 2533640.4}, "bbox": [-68.6525, -29.6731, -68.6525, -29.6731]}, {"type": "Feature", "id": "vw_lem.fid--ce7fb1e_1a08fbfc439_-5ad", "geometry": {"type": "Point", "coordinates": [-68.841, -29.8931]}, "geometry_name": "geom", "properties": {"lem_id": 484, "expte_siged": "520-000418-1997-EXP", "coord_norte_pga07": 6693692.6, "coord_este_pga07": 2515360.5}, "bbox": [-68.841, -29.8931, -68.841, -29.8931]}, {"type": "Feature", "id": "vw_lem.fid--ce7fb1e_1a08fbfc439_-5ac", "geometry": {"type": "Point", "coordinates": [-69.0179, -29.8469]}, "geometry_name": "geom", "properties": {"lem_id": 485, "expte_siged": "1124-546459-1994-EXP", "coord_norte_pga07": 6698821.6, "coord_este_pga07": 2498269.6}, "bbox": [-69.0179, -29.8469, -69.0179, -29.8469]}, {"type": "Feature", "id": "vw_lem.fid--ce7fb1e_1a08fbfc439_-5ab", "geometry": {"type": "Point", "coordinates": [-69.0135, -29.8457]}, "geometry_name": "geom", "properties": {"lem_id": 486, "expte_siged": "1124-546458-1994-EXP", "coord_norte_pga07": 6698951.5, "coord_este_pga07": 2498699.5}, "bbox": [-69.0135, -29.8457, -69.0135, -29.8457]}, {"type": "Feature", "id": "vw_lem.fid--ce7fb1e_1a08fbfc439_-5aa", "geometry": {"type": "Point", "coordinates": [-69.0072, -29.8226]}, "geometry_name": "geom", "properties": {"lem_id": 487, "expte_siged": "1124-545888-1994-EXP", "coord_norte_pga07": 6701521, "coord_este_pga07": 2499300}, "bbox": [-69.0072, -29.8226, -69.0072, -29.8226]}, {"type": "Feature", "id": "vw_lem.fid--ce7fb1e_1a08fbfc439_-5a9", "geometry": {"type": "Point", "coordinates": [-69.2852, -28.6163]}, "geometry_name": "geom", "properties": {"lem_id": 488, "expte_siged": "1124-000264-1995-EXP", "coord_norte_pga07": 6835192, "coord_este_pga07": 2472110.7}, "bbox": [-69.2852, -28.6163, -69.2852, -28.6163]}, {"type": "Feature", "id": "vw_lem.fid--ce7fb1e_1a08fbfc439_-5a8", "geometry": {"type": "Point", "coordinates": [-69.1371, -29.9883]}, "geometry_name": "geom", "properties": {"lem_id": 491, "expte_siged": "1124-000894-1996-EXP", "coord_norte_pga07": 6683140.7, "coord_este_pga07": 2486765.6}, "bbox": [-69.1371, -29.9883, -69.1371, -29.9883]}, {"type": "Feature", "id": "vw_lem.fid--ce7fb1e_1a08fbfc439_-5a7", "geometry": {"type": "Point", "coordinates": [-69.5525, -29.8568]}, "geometry_name": "geom", "properties": {"lem_id": 492, "expte_siged": "1124-338138-1993-EXP", "coord_norte_pga07": 6697592.6, "coord_este_pga07": 2446610.8}, "bbox": [-69.5525, -29.8568, -69.5525, -29.8568]}, {"type": "Feature", "id": "vw_lem.fid--ce7fb1e_1a08fbfc439_-5a6", "geometry": {"type": "Point", "coordinates": [-69.5257, -29.8723]}, "geometry_name": "geom", "properties": {"lem_id": 493, "expte_siged": "1100-001462-2020-HIST", "coord_norte_pga07": 6695892.6, "coord_este_pga07": 2449210.8}, "bbox": [-69.5257, -29.8723, -69.5257, -29.8723]}, {"type": "Feature", "id": "vw_lem.fid--ce7fb1e_1a08fbfc439_-5a5", "geometry": {"type": "Point", "coordinates": [-69.537, -29.856]}, "geometry_name": "geom", "properties": {"lem_id": 494, "expte_siged": "1124-338043-1993-EXP", "coord_norte_pga07": 6697692.6, "coord_este_pga07": 2448110.8}, "bbox": [-69.537, -29.856, -69.537, -29.856]}, {"type": "Feature", "id": "vw_lem.fid--ce7fb1e_1a08fbfc439_-5a4", "geometry": {"type": "Point", "coordinates": [-69.5383, -29.9002]}, "geometry_name": "geom", "properties": {"lem_id": 495, "expte_siged": "1124-000455-1995-EXP", "coord_norte_pga07": 6692792.6, "coord_este_pga07": 2448010.8}, "bbox": [-69.5383, -29.9002, -69.5383, -29.9002]}, {"type": "Feature", "id": "vw_lem.fid--ce7fb1e_1a08fbfc439_-5a3", "geometry": {"type": "Point", "coordinates": [-69.5189, -29.7587]}, "geometry_name": "geom", "properties": {"lem_id": 496, "expte_siged": "1124-000414-1995-EXP", "coord_norte_pga07": 6708492.6, "coord_este_pga07": 2449810.8}, "bbox": [-69.5189, -29.7587, -69.5189, -29.7587]}, {"type": "Feature", "id": "vw_lem.fid--ce7fb1e_1a08fbfc439_-5a2", "geometry": {"type": "Point", "coordinates": [-69.3821, -29.3956]}, "geometry_name": "geom", "properties": {"lem_id": 497, "expte_siged": "1100-002682-2020-HIST", "coord_norte_pga07": 6748792.4, "coord_este_pga07": 2462910.7}, "bbox": [-69.3821, -29.3956, -69.3821, -29.3956]}, {"type": "Feature", "id": "vw_lem.fid--ce7fb1e_1a08fbfc439_-5a1", "geometry": {"type": "Point", "coordinates": [-69.3615, -29.3956]}, "geometry_name": "geom", "properties": {"lem_id": 498, "expte_siged": "1100-003551-2020-HIST", "coord_norte_pga07": 6748792.4, "coord_este_pga07": 2464910.7}, "bbox": [-69.3615, -29.3956, -69.3615, -29.3956]}, {"type": "Feature", "id": "vw_lem.fid--ce7fb1e_1a08fbfc439_-5a0", "geometry": {"type": "Point", "coordinates": [-69.6058, -28.6755]}, "geometry_name": "geom", "properties": {"lem_id": 499, "expte_siged": "1124-000514-1995-EXP", "coord_norte_pga07": 6828511, "coord_este_pga07": 2440787.8}, "bbox": [-69.6058, -28.6755, -69.6058, -28.6755]}, {"type": "Feature", "id": "vw_lem.fid--ce7fb1e_1a08fbfc439_-59f", "geometry": {"type": "Point", "coordinates": [-69.7204, -28.7194]}, "geometry_name": "geom", "properties": {"lem_id": 500, "expte_siged": "414-000133-2004-EXP", "coord_norte_pga07": 6823582, "coord_este_pga07": 2429610.9}, "bbox": [-69.7204, -28.7194, -69.7204, -28.7194]}, {"type": "Feature", "id": "vw_lem.fid--ce7fb1e_1a08fbfc439_-59e", "geometry": {"type": "Point", "coordinates": [-69.8358, -29.5694]}, "geometry_name": "geom", "properties": {"lem_id": 501, "expte_siged": "1124-001149-1996-EXP", "coord_norte_pga07": 6729292.5, "coord_este_pga07": 2419010.9}, "bbox": [-69.8358, -29.5694, -69.8358, -29.5694]}, {"type": "Feature", "id": "vw_lem.fid--ce7fb1e_1a08fbfc439_-59d", "geometry": {"type": "Point", "coordinates": [-69.7094, -28.8631]}, "geometry_name": "geom", "properties": {"lem_id": 502, "expte_siged": "1124-001796-1995-EXP", "coord_norte_pga07": 6807658.1, "coord_este_pga07": 2430782.9}, "bbox": [-69.7094, -28.8631, -69.7094, -28.8631]}, {"type": "Feature", "id": "vw_lem.fid--ce7fb1e_1a08fbfc439_-59c", "geometry": {"type": "Point", "coordinates": [-69.6562, -29.7274]}, "geometry_name": "geom", "properties": {"lem_id": 503, "expte_siged": "1124-000582-1995-EXP", "coord_norte_pga07": 6711892.5, "coord_este_pga07": 2436510.8}, "bbox": [-69.6562, -29.7274, -69.6562, -29.7274]}, {"type": "Feature", "id": "vw_lem.fid--ce7fb1e_1a08fbfc439_-59b", "geometry": {"type": "Point", "coordinates": [-69.7647, -29.5897]}, "geometry_name": "geom", "properties": {"lem_id": 504, "expte_siged": "1124-001380-1995-EXP", "coord_norte_pga07": 6727092.5, "coord_este_pga07": 2425910.9}, "bbox": [-69.7647, -29.5897, -69.7647, -29.5897]}, {"type": "Feature", "id": "vw_lem.fid--ce7fb1e_1a08fbfc439_-59a", "geometry": {"type": "Point", "coordinates": [-69.6471, -29.2628]}, "geometry_name": "geom", "properties": {"lem_id": 505, "expte_siged": "1124-001195-1996-EXP", "coord_norte_pga07": 6763392.3, "coord_este_pga07": 2437110.8}, "bbox": [-69.6471, -29.2628, -69.6471, -29.2628]}, {"type": "Feature", "id": "vw_lem.fid--ce7fb1e_1a08fbfc439_-599", "geometry": {"type": "Point", "coordinates": [-69.8087, -29.2791]}, "geometry_name": "geom", "properties": {"lem_id": 506, "expte_siged": "1124-001184-2020-EXP", "coord_norte_pga07": 6761492.3, "coord_este_pga07": 2421410.9}, "bbox": [-69.8087, -29.2791, -69.8087, -29.2791]}, {"type": "Feature", "id": "vw_lem.fid--ce7fb1e_1a08fbfc439_-598", "geometry": {"type": "Point", "coordinates": [-69.8053, -29.2385]}, "geometry_name": "geom", "properties": {"lem_id": 507, "expte_siged": "1124-001181-1996-EXP", "coord_norte_pga07": 6765992.3, "coord_este_pga07": 2421710.9}, "bbox": [-69.8053, -29.2385, -69.8053, -29.2385]}, {"type": "Feature", "id": "vw_lem.fid--ce7fb1e_1a08fbfc439_-597", "geometry": {"type": "Point", "coordinates": [-69.8266, -29.3268]}, "geometry_name": "geom", "properties": {"lem_id": 508, "expte_siged": "1124-001177-1996-EXP", "coord_norte_pga07": 6756192.3, "coord_este_pga07": 2419710.9}, "bbox": [-69.8266, -29.3268, -69.8266, -29.3268]}, {"type": "Feature", "id": "vw_lem.fid--ce7fb1e_1a08fbfc439_-596", "geometry": {"type": "Point", "coordinates": [-69.8211, -29.5397]}, "geometry_name": "geom", "properties": {"lem_id": 509, "expte_siged": "1100-001151-1996-EXP", "coord_norte_pga07": 6732592.5, "coord_este_pga07": 2420410.9}, "bbox": [-69.8211, -29.5397, -69.8211, -29.5397]}, {"type": "Feature", "id": "vw_lem.fid--ce7fb1e_1a08fbfc439_-595", "geometry": {"type": "Point", "coordinates": [-69.7142, -29.7406]}, "geometry_name": "geom", "properties": {"lem_id": 510, "expte_siged": "1124-000583-1995-EXP", "coord_norte_pga07": 6710392.5, "coord_este_pga07": 2430910.9}, "bbox": [-69.7142, -29.7406, -69.7142, -29.7406]}, {"type": "Feature", "id": "vw_lem.fid--ce7fb1e_1a08fbfc439_-594", "geometry": {"type": "Point", "coordinates": [-69.8237, -29.2194]}, "geometry_name": "geom", "properties": {"lem_id": 511, "expte_siged": "1124-000384-1996-EXP", "coord_norte_pga07": 6768092.3, "coord_este_pga07": 2419910.9}, "bbox": [-69.8237, -29.2194, -69.8237, -29.2194]}, {"type": "Feature", "id": "vw_lem.fid--ce7fb1e_1a08fbfc439_-593", "geometry": {"type": "Point", "coordinates": [-69.7004, -29.0884]}, "geometry_name": "geom", "properties": {"lem_id": 512, "expte_siged": "425-000101-2001-EXP", "coord_norte_pga07": 6782692.2, "coord_este_pga07": 2431810.9}, "bbox": [-69.7004, -29.0884, -69.7004, -29.0884]}, {"type": "Feature", "id": "vw_lem.fid--ce7fb1e_1a08fbfc439_-592", "geometry": {"type": "Point", "coordinates": [-69.8369, -29.7438]}, "geometry_name": "geom", "properties": {"lem_id": 513, "expte_siged": "1124-242978-1987-EXP", "coord_norte_pga07": 6709958.5, "coord_este_pga07": 2419044.7}, "bbox": [-69.8369, -29.7438, -69.8369, -29.7438]}, {"type": "Feature", "id": "vw_lem.fid--ce7fb1e_1a08fbfc439_-591", "geometry": {"type": "Point", "coordinates": [-69.7766, -29.6019]}, "geometry_name": "geom", "properties": {"lem_id": 514, "expte_siged": "425-000048-2002-EXP", "coord_norte_pga07": 6725724, "coord_este_pga07": 2424765.8}, "bbox": [-69.7766, -29.6019, -69.7766, -29.6019]}, {"type": "Feature", "id": "vw_lem.fid--ce7fb1e_1a08fbfc439_-590", "geometry": {"type": "Point", "coordinates": [-69.8343, -29.6188]}, "geometry_name": "geom", "properties": {"lem_id": 515, "expte_siged": "1124-001519-1995-EXP", "coord_norte_pga07": 6723814.5, "coord_este_pga07": 2419195.9}, "bbox": [-69.8343, -29.6188, -69.8343, -29.6188]}, {"type": "Feature", "id": "vw_lem.fid--ce7fb1e_1a08fbfc439_-58f", "geometry": {"type": "Point", "coordinates": [-69.7254, -29.206]}, "geometry_name": "geom", "properties": {"lem_id": 516, "expte_siged": "1124-000279-1996-EXP", "coord_norte_pga07": 6769642.3, "coord_este_pga07": 2429460.9}, "bbox": [-69.7254, -29.206, -69.7254, -29.206]}, {"type": "Feature", "id": "vw_lem.fid--ce7fb1e_1a08fbfc439_-58e", "geometry": {"type": "Point", "coordinates": [-69.8395, -29.2245]}, "geometry_name": "geom", "properties": {"lem_id": 517, "expte_siged": "1124-000278-1996-EXP", "coord_norte_pga07": 6767516.3, "coord_este_pga07": 2418376.9}, "bbox": [-69.8395, -29.2245, -69.8395, -29.2245]}, {"type": "Feature", "id": "vw_lem.fid--ce7fb1e_1a08fbfc439_-58d", "geometry": {"type": "Point", "coordinates": [-69.7389, -29.7983]}, "geometry_name": "geom", "properties": {"lem_id": 518, "expte_siged": "1124-001375-1995-EXP", "coord_norte_pga07": 6703982.6, "coord_este_pga07": 2428560.9}, "bbox": [-69.7389, -29.7983, -69.7389, -29.7983]}, {"type": "Feature", "id": "vw_lem.fid--ce7fb1e_1a08fbfc439_-58c", "geometry": {"type": "Point", "coordinates": [-69.9425, -29.4923]}, "geometry_name": "geom", "properties": {"lem_id": 519, "expte_siged": "1124-296503-1989-EXP", "coord_norte_pga07": 6737758.4, "coord_este_pga07": 2408603}, "bbox": [-69.9425, -29.4923, -69.9425, -29.4923]}, {"type": "Feature", "id": "vw_lem.fid--ce7fb1e_1a08fbfc439_-58b", "geometry": {"type": "Point", "coordinates": [-69.932, -29.4955]}, "geometry_name": "geom", "properties": {"lem_id": 521, "expte_siged": "1124-296504-1989-EXP", "coord_norte_pga07": 6737417.4, "coord_este_pga07": 2409621}, "bbox": [-69.932, -29.4955, -69.932, -29.4955]}, {"type": "Feature", "id": "vw_lem.fid--ce7fb1e_1a08fbfc439_-58a", "geometry": {"type": "Point", "coordinates": [-69.9338, -29.3423]}, "geometry_name": "geom", "properties": {"lem_id": 522, "expte_siged": "425-000201-2002-EXP", "coord_norte_pga07": 6754392.4, "coord_este_pga07": 2409311}, "bbox": [-69.9338, -29.3423, -69.9338, -29.3423]}, {"type": "Feature", "id": "vw_lem.fid--ce7fb1e_1a08fbfc439_-589", "geometry": {"type": "Point", "coordinates": [-69.9824, -29.3046]}, "geometry_name": "geom", "properties": {"lem_id": 523, "expte_siged": "520-000062-1997-EXP", "coord_norte_pga07": 6758532.3, "coord_este_pga07": 2404551}, "bbox": [-69.9824, -29.3046, -69.9824, -29.3046]}, {"type": "Feature", "id": "vw_lem.fid--ce7fb1e_1a08fbfc439_-588", "geometry": {"type": "Point", "coordinates": [-69.9505, -29.3076]}, "geometry_name": "geom", "properties": {"lem_id": 524, "expte_siged": "520-000060-1997-EXP", "coord_norte_pga07": 6758232.3, "coord_este_pga07": 2407655}, "bbox": [-69.9505, -29.3076, -69.9505, -29.3076]}, {"type": "Feature", "id": "vw_lem.fid--ce7fb1e_1a08fbfc439_-587", "geometry": {"type": "Point", "coordinates": [-69.873, -29.7507]}, "geometry_name": "geom", "properties": {"lem_id": 525, "expte_siged": "1124-296793-1990-EXP", "coord_norte_pga07": 6709166.3, "coord_este_pga07": 2415559}, "bbox": [-69.873, -29.7507, -69.873, -29.7507]}, {"type": "Feature", "id": "vw_lem.fid--ce7fb1e_1a08fbfc439_-586", "geometry": {"type": "Point", "coordinates": [-69.8544, -29.7554]}, "geometry_name": "geom", "properties": {"lem_id": 526, "expte_siged": "1124-296792-1990-EXP", "coord_norte_pga07": 6708661.6, "coord_este_pga07": 2417356.9}, "bbox": [-69.8544, -29.7554, -69.8544, -29.7554]}, {"type": "Feature", "id": "vw_lem.fid--ce7fb1e_1a08fbfc439_-585", "geometry": {"type": "Point", "coordinates": [-69.8738, -29.1898]}, "geometry_name": "geom", "properties": {"lem_id": 527, "expte_siged": "1124-000156-1995-EXP", "coord_norte_pga07": 6771342.3, "coord_este_pga07": 2415010.9}, "bbox": [-69.8738, -29.1898, -69.8738, -29.1898]}, {"type": "Feature", "id": "vw_lem.fid--ce7fb1e_1a08fbfc439_-584", "geometry": {"type": "Point", "coordinates": [-69.8758, -29.1803]}, "geometry_name": "geom", "properties": {"lem_id": 528, "expte_siged": "1124-000155-1995-EXP", "coord_norte_pga07": 6772392.3, "coord_este_pga07": 2414810.9}, "bbox": [-69.8758, -29.1803, -69.8758, -29.1803]}, {"type": "Feature", "id": "vw_lem.fid--ce7fb1e_1a08fbfc439_-583", "geometry": {"type": "Point", "coordinates": [-69.8833, -29.2146]}, "geometry_name": "geom", "properties": {"lem_id": 529, "expte_siged": "520-000054-1997-EXP", "coord_norte_pga07": 6768592.3, "coord_este_pga07": 2414111}, "bbox": [-69.8833, -29.2146, -69.8833, -29.2146]}, {"type": "Feature", "id": "vw_lem.fid--ce7fb1e_1a08fbfc439_-582", "geometry": {"type": "Point", "coordinates": [-69.8764, -29.247]}, "geometry_name": "geom", "properties": {"lem_id": 530, "expte_siged": "1124-000002-2020-EXP", "coord_norte_pga07": 6765000.3, "coord_este_pga07": 2414801.9}, "bbox": [-69.8764, -29.247, -69.8764, -29.247]}, {"type": "Feature", "id": "vw_lem.fid--ce7fb1e_1a08fbfc439_-581", "geometry": {"type": "Point", "coordinates": [-69.8994, -29.4729]}, "geometry_name": "geom", "properties": {"lem_id": 531, "expte_siged": "1124-001475-1995-EXP", "coord_norte_pga07": 6739942.4, "coord_este_pga07": 2412761}, "bbox": [-69.8994, -29.4729, -69.8994, -29.4729]}, {"type": "Feature", "id": "vw_lem.fid--ce7fb1e_1a08fbfc439_-580", "geometry": {"type": "Point", "coordinates": [-69.9889, -29.2932]}, "geometry_name": "geom", "properties": {"lem_id": 532, "expte_siged": "1124-000352-1995-EXP", "coord_norte_pga07": 6759792.3, "coord_este_pga07": 2403911}, "bbox": [-69.9889, -29.2932, -69.9889, -29.2932]}, {"type": "Feature", "id": "vw_lem.fid--ce7fb1e_1a08fbfc439_-57f", "geometry": {"type": "Point", "coordinates": [-69.905, -29.6894]}, "geometry_name": "geom", "properties": {"lem_id": 533, "expte_siged": "1124-296798-1990-EXP", "coord_norte_pga07": 6715942.5, "coord_este_pga07": 2412411}, "bbox": [-69.905, -29.6894, -69.905, -29.6894]}, {"type": "Feature", "id": "vw_lem.fid--ce7fb1e_1a08fbfc439_-57e", "geometry": {"type": "Point", "coordinates": [-69.8579, -29.3584]}, "geometry_name": "geom", "properties": {"lem_id": 534, "expte_siged": "1124-000037-2002-EXP", "coord_norte_pga07": 6752667.4, "coord_este_pga07": 2416690.9}, "bbox": [-69.8579, -29.3584, -69.8579, -29.3584]}, {"type": "Feature", "id": "vw_lem.fid--ce7fb1e_1a08fbfc439_-57d", "geometry": {"type": "Point", "coordinates": [-69.9201, -29.3699]}, "geometry_name": "geom", "properties": {"lem_id": 535, "expte_siged": "1124-000764-1996-EXP", "coord_norte_pga07": 6751347.4, "coord_este_pga07": 2410661}, "bbox": [-69.9201, -29.3699, -69.9201, -29.3699]}, {"type": "Feature", "id": "vw_lem.fid--ce7fb1e_1a08fbfc439_-57c", "geometry": {"type": "Point", "coordinates": [-67.4692, -30.6336]}, "geometry_name": "geom", "properties": {"lem_id": 536, "expte_siged": "520-000694-1997-EXP", "coord_norte_pga07": 6610608, "coord_este_pga07": 2646758}, "bbox": [-67.4692, -30.6336, -67.4692, -30.6336]}, {"type": "Feature", "id": "vw_lem.fid--ce7fb1e_1a08fbfc439_-57b", "geometry": {"type": "Point", "coordinates": [-67.3803, -31.379]}, "geometry_name": "geom", "properties": {"lem_id": 537, "expte_siged": "1124-000858-1995-EXP", "coord_norte_pga07": 6527831.3, "coord_este_pga07": 2654085}, "bbox": [-67.3803, -31.379, -67.3803, -31.379]}, {"type": "Feature", "id": "vw_lem.fid--ce7fb1e_1a08fbfc439_-57a", "geometry": {"type": "Point", "coordinates": [-68.7259, -32.0078]}, "geometry_name": "geom", "properties": {"lem_id": 538, "expte_siged": "1124-545097-1994-EXP", "coord_norte_pga07": 6459218.6, "coord_este_pga07": 2525894.5}, "bbox": [-68.7259, -32.0078, -68.7259, -32.0078]}, {"type": "Feature", "id": "vw_lem.fid--ce7fb1e_1a08fbfc439_-579", "geometry": {"type": "Point", "coordinates": [-68.7459, -31.8367]}, "geometry_name": "geom", "properties": {"lem_id": 539, "expte_siged": "520-001043-1997-EXP", "coord_norte_pga07": 6478197.5, "coord_este_pga07": 2524049.5}, "bbox": [-68.7459, -31.8367, -68.7459, -31.8367]}, {"type": "Feature", "id": "vw_lem.fid--ce7fb1e_1a08fbfc439_-578", "geometry": {"type": "Point", "coordinates": [-69.0218, -30.4696]}, "geometry_name": "geom", "properties": {"lem_id": 540, "expte_siged": "520-000981-1997-EXP", "coord_norte_pga07": 6629792.9, "coord_este_pga07": 2497910.6}, "bbox": [-69.0218, -30.4696, -69.0218, -30.4696]}, {"type": "Feature", "id": "vw_lem.fid--ce7fb1e_1a08fbfc439_-577", "geometry": {"type": "Point", "coordinates": [-69.5076, -30.4027]}, "geometry_name": "geom", "properties": {"lem_id": 541, "expte_siged": "1124-546173-1994-EXP", "coord_norte_pga07": 6637096.9, "coord_este_pga07": 2451220.8}, "bbox": [-69.5076, -30.4027, -69.5076, -30.4027]}, {"type": "Feature", "id": "vw_lem.fid--ce7fb1e_1a08fbfc439_-576", "geometry": {"type": "Point", "coordinates": [-69.5724, -31.2184]}, "geometry_name": "geom", "properties": {"lem_id": 542, "expte_siged": "425-000204-2003-EXP", "coord_norte_pga07": 6546639.2, "coord_este_pga07": 2445453.8}, "bbox": [-69.5724, -31.2184, -69.5724, -31.2184]}, {"type": "Feature", "id": "vw_lem.fid--ce7fb1e_1a08fbfc439_-575", "geometry": {"type": "Point", "coordinates": [-69.2884, -31.5192]}, "geometry_name": "geom", "properties": {"lem_id": 543, "expte_siged": "1124-000960-1997-EXP", "coord_norte_pga07": 6513391.4, "coord_este_pga07": 2472608.7}, "bbox": [-69.2884, -31.5192, -69.2884, -31.5192]}, {"type": "Feature", "id": "vw_lem.fid--ce7fb1e_1a08fbfc439_-574", "geometry": {"type": "Point", "coordinates": [-69.3907, -31.2781]}, "geometry_name": "geom", "properties": {"lem_id": 544, "expte_siged": "520-000185-1998-EXP", "coord_norte_pga07": 6540089.3, "coord_este_pga07": 2462793.7}, "bbox": [-69.3907, -31.2781, -69.3907, -31.2781]}, {"type": "Feature", "id": "vw_lem.fid--ce7fb1e_1a08fbfc439_-573", "geometry": {"type": "Point", "coordinates": [-69.7498, -30.6312]}, "geometry_name": "geom", "properties": {"lem_id": 545, "expte_siged": "1124-000302-1996-EXP", "coord_norte_pga07": 6611643, "coord_este_pga07": 2428110.9}, "bbox": [-69.7498, -30.6312, -69.7498, -30.6312]}, {"type": "Feature", "id": "vw_lem.fid--ce7fb1e_1a08fbfc439_-572", "geometry": {"type": "Point", "coordinates": [-69.7762, -30.6737]}, "geometry_name": "geom", "properties": {"lem_id": 546, "expte_siged": "1124-000716-1996-EXP", "coord_norte_pga07": 6606913, "coord_este_pga07": 2425620.9}, "bbox": [-69.7762, -30.6737, -69.7762, -30.6737]}, {"type": "Feature", "id": "vw_lem.fid--ce7fb1e_1a08fbfc439_-571", "geometry": {"type": "Point", "coordinates": [-69.7529, -30.9933]}, "geometry_name": "geom", "properties": {"lem_id": 547, "expte_siged": "1124-000013-2011-EXP", "coord_norte_pga07": 6571491.9, "coord_este_pga07": 2428084.1}, "bbox": [-69.7529, -30.9933, -69.7529, -30.9933]}, {"type": "Feature", "id": "vw_lem.fid--ce7fb1e_1a08fbfc439_-570", "geometry": {"type": "Point", "coordinates": [-69.6908, -30.3916]}, "geometry_name": "geom", "properties": {"lem_id": 548, "expte_siged": "1124-000243-1996-EXP", "coord_norte_pga07": 6638242.9, "coord_este_pga07": 2433605.9}, "bbox": [-69.6908, -30.3916, -69.6908, -30.3916]}, {"type": "Feature", "id": "vw_lem.fid--ce7fb1e_1a08fbfc439_-56f", "geometry": {"type": "Point", "coordinates": [-69.6829, -30.1369]}, "geometry_name": "geom", "properties": {"lem_id": 549, "expte_siged": "1124-296213-1989-EXP", "coord_norte_pga07": 6666476.7, "coord_este_pga07": 2434195.9}, "bbox": [-69.6829, -30.1369, -69.6829, -30.1369]}, {"type": "Feature", "id": "vw_lem.fid--ce7fb1e_1a08fbfc439_-56e", "geometry": {"type": "Point", "coordinates": [-69.7493, -30.126]}, "geometry_name": "geom", "properties": {"lem_id": 550, "expte_siged": "1124-258954-1985-EXP", "coord_norte_pga07": 6667651.7, "coord_este_pga07": 2427795.9}, "bbox": [-69.7493, -30.126, -69.7493, -30.126]}, {"type": "Feature", "id": "vw_lem.fid--ce7fb1e_1a08fbfc439_-56d", "geometry": {"type": "Point", "coordinates": [-69.7389, -30.0942]}, "geometry_name": "geom", "properties": {"lem_id": 551, "expte_siged": "1124-258952-1985-EXP", "coord_norte_pga07": 6671178.7, "coord_este_pga07": 2428774.9}, "bbox": [-69.7389, -30.0942, -69.7389, -30.0942]}, {"type": "Feature", "id": "vw_lem.fid--ce7fb1e_1a08fbfc439_-56c", "geometry": {"type": "Point", "coordinates": [-69.6509, -30.4183]}, "geometry_name": "geom", "properties": {"lem_id": 552, "expte_siged": "1124-001392-1995-EXP", "coord_norte_pga07": 6635299.9, "coord_este_pga07": 2437457.5}, "bbox": [-69.6509, -30.4183, -69.6509, -30.4183]}, {"type": "Feature", "id": "vw_lem.fid--ce7fb1e_1a08fbfc439_-56b", "geometry": {"type": "Point", "coordinates": [-69.5971, -30.0461]}, "geometry_name": "geom", "properties": {"lem_id": 553, "expte_siged": "1124-000589-1995-EXP", "coord_norte_pga07": 6676592.7, "coord_este_pga07": 2442410.8}, "bbox": [-69.5971, -30.0461, -69.5971, -30.0461]}, {"type": "Feature", "id": "vw_lem.fid--ce7fb1e_1a08fbfc439_-56a", "geometry": {"type": "Point", "coordinates": [-69.6251, -31.2191]}, "geometry_name": "geom", "properties": {"lem_id": 554, "expte_siged": "1124-001307-1995-EXP", "coord_norte_pga07": 6546527.1, "coord_este_pga07": 2440434.2}, "bbox": [-69.6251, -31.2191, -69.6251, -31.2191]}, {"type": "Feature", "id": "vw_lem.fid--ce7fb1e_1a08fbfc439_-569", "geometry": {"type": "Point", "coordinates": [-69.7344, -30.0278]}, "geometry_name": "geom", "properties": {"lem_id": 555, "expte_siged": "1124-001372-1995-EXP", "coord_norte_pga07": 6678542.7, "coord_este_pga07": 2429160.9}, "bbox": [-69.7344, -30.0278, -69.7344, -30.0278]}, {"type": "Feature", "id": "vw_lem.fid--ce7fb1e_1a08fbfc439_-568", "geometry": {"type": "Point", "coordinates": [-69.747, -30.1076]}, "geometry_name": "geom", "properties": {"lem_id": 556, "expte_siged": "1124-258953-1985-EXP", "coord_norte_pga07": 6669686.2, "coord_este_pga07": 2427998.7}, "bbox": [-69.747, -30.1076, -69.747, -30.1076]}, {"type": "Feature", "id": "vw_lem.fid--ce7fb1e_1a08fbfc439_-567", "geometry": {"type": "Point", "coordinates": [-69.6902, -30.2248]}, "geometry_name": "geom", "properties": {"lem_id": 557, "expte_siged": "1100-006887-2020-HIST", "coord_norte_pga07": 6656735, "coord_este_pga07": 2433553.3}, "bbox": [-69.6902, -30.2248, -69.6902, -30.2248]}, {"type": "Feature", "id": "vw_lem.fid--ce7fb1e_1a08fbfc439_-566", "geometry": {"type": "Point", "coordinates": [-69.6108, -30.8251]}, "geometry_name": "geom", "properties": {"lem_id": 558, "expte_siged": "1124-545630-1994-EXP", "coord_norte_pga07": 6590222.1, "coord_este_pga07": 2441555.8}, "bbox": [-69.6108, -30.8251, -69.6108, -30.8251]}, {"type": "Feature", "id": "vw_lem.fid--ce7fb1e_1a08fbfc439_-565", "geometry": {"type": "Point", "coordinates": [-69.6284, -30.8017]}, "geometry_name": "geom", "properties": {"lem_id": 559, "expte_siged": "1124-000579-1996-EXP", "coord_norte_pga07": 6592807, "coord_este_pga07": 2439859.8}, "bbox": [-69.6284, -30.8017, -69.6284, -30.8017]}, {"type": "Feature", "id": "vw_lem.fid--ce7fb1e_1a08fbfc439_-564", "geometry": {"type": "Point", "coordinates": [-69.6554, -30.976]}, "geometry_name": "geom", "properties": {"lem_id": 560, "expte_siged": "520-000015-1997-EXP", "coord_norte_pga07": 6573471.6, "coord_este_pga07": 2437393}, "bbox": [-69.6554, -30.976, -69.6554, -30.976]}, {"type": "Feature", "id": "vw_lem.fid--ce7fb1e_1a08fbfc439_-563", "geometry": {"type": "Point", "coordinates": [-70.1243, -30.4597]}, "geometry_name": "geom", "properties": {"lem_id": 561, "expte_siged": "1124-000397-1995-EXP", "coord_norte_pga07": 6630357.9, "coord_este_pga07": 2392020}, "bbox": [-70.1243, -30.4597, -70.1243, -30.4597]}, {"type": "Feature", "id": "vw_lem.fid--ce7fb1e_1a08fbfc439_-562", "geometry": {"type": "Point", "coordinates": [-69.9676, -30.5327]}, "geometry_name": "geom", "properties": {"lem_id": 562, "expte_siged": "1100-006779-2020-HIST", "coord_norte_pga07": 6622396.9, "coord_este_pga07": 2407137}, "bbox": [-69.9676, -30.5327, -69.9676, -30.5327]}, {"type": "Feature", "id": "vw_lem.fid--ce7fb1e_1a08fbfc439_-561", "geometry": {"type": "Point", "coordinates": [-69.9925, -30.9051]}, "geometry_name": "geom", "properties": {"lem_id": 563, "expte_siged": "1124-545069-1994-EXP", "coord_norte_pga07": 6581093.1, "coord_este_pga07": 2405111}, "bbox": [-69.9925, -30.9051, -69.9925, -30.9051]}, {"type": "Feature", "id": "vw_lem.fid--ce7fb1e_1a08fbfc439_-560", "geometry": {"type": "Point", "coordinates": [-69.9435, -31.0968]}, "geometry_name": "geom", "properties": {"lem_id": 564, "expte_siged": "1124-001048-1996-EXP", "coord_norte_pga07": 6559875.2, "coord_este_pga07": 2409982.9}, "bbox": [-69.9435, -31.0968, -69.9435, -31.0968]}, {"type": "Feature", "id": "vw_lem.fid--ce7fb1e_1a08fbfc439_-55f", "geometry": {"type": "Point", "coordinates": [-69.9232, -31.025]}, "geometry_name": "geom", "properties": {"lem_id": 565, "expte_siged": "520-000063-1997-EXP", "coord_norte_pga07": 6567857.2, "coord_este_pga07": 2411851.9}, "bbox": [-69.9232, -31.025, -69.9232, -31.025]}, {"type": "Feature", "id": "vw_lem.fid--ce7fb1e_1a08fbfc439_-55e", "geometry": {"type": "Point", "coordinates": [-69.9146, -31.0341]}, "geometry_name": "geom", "properties": {"lem_id": 566, "expte_siged": "520-000002-1997-EXP", "coord_norte_pga07": 6566847.2, "coord_este_pga07": 2412682.9}, "bbox": [-69.9146, -31.0341, -69.9146, -31.0341]}, {"type": "Feature", "id": "vw_lem.fid--ce7fb1e_1a08fbfc439_-55d", "geometry": {"type": "Point", "coordinates": [-69.9593, -30.4161]}, "geometry_name": "geom", "properties": {"lem_id": 567, "expte_siged": "1124-545928-1994-EXP", "coord_norte_pga07": 6635338.9, "coord_este_pga07": 2407828}, "bbox": [-69.9593, -30.4161, -69.9593, -30.4161]}, {"type": "Feature", "id": "vw_lem.fid--ce7fb1e_1a08fbfc439_-55c", "geometry": {"type": "Point", "coordinates": [-69.9676, -30.4494]}, "geometry_name": "geom", "properties": {"lem_id": 568, "expte_siged": "1124-545929-1994-EXP", "coord_norte_pga07": 6631635.9, "coord_este_pga07": 2407058}, "bbox": [-69.9676, -30.4494, -69.9676, -30.4494]}, {"type": "Feature", "id": "vw_lem.fid--ce7fb1e_1a08fbfc439_-55b", "geometry": {"type": "Point", "coordinates": [-69.8623, -30.7785]}, "geometry_name": "geom", "properties": {"lem_id": 569, "expte_siged": "425-000154-2002-EXP", "coord_norte_pga07": 6595232, "coord_este_pga07": 2417458.9}, "bbox": [-69.8623, -30.7785, -69.8623, -30.7785]}, {"type": "Feature", "id": "vw_lem.fid--ce7fb1e_1a08fbfc439_-55a", "geometry": {"type": "Point", "coordinates": [-69.9132, -31.1887]}, "geometry_name": "geom", "properties": {"lem_id": 570, "expte_siged": "425-000355-2003-EXP", "coord_norte_pga07": 6549713.2, "coord_este_pga07": 2412955.9}, "bbox": [-69.9132, -31.1887, -69.9132, -31.1887]}, {"type": "Feature", "id": "vw_lem.fid--ce7fb1e_1a08fbfc439_-559", "geometry": {"type": "Point", "coordinates": [-69.9478, -31.2031]}, "geometry_name": "geom", "properties": {"lem_id": 571, "expte_siged": "414-000099-2004-EXP", "coord_norte_pga07": 6548081.2, "coord_este_pga07": 2409670.9}, "bbox": [-69.9478, -31.2031, -69.9478, -31.2031]}, {"type": "Feature", "id": "vw_lem.fid--ce7fb1e_1a08fbfc439_-558", "geometry": {"type": "Point", "coordinates": [-69.5946, -31.9992]}, "geometry_name": "geom", "properties": {"lem_id": 572, "expte_siged": "1124-546701-1994-EXP", "coord_norte_pga07": 6460043.6, "coord_este_pga07": 2443810.8}, "bbox": [-69.5946, -31.9992, -69.5946, -31.9992]}, {"type": "Feature", "id": "vw_lem.fid--ce7fb1e_1a08fbfc439_-557", "geometry": {"type": "Point", "coordinates": [-70.0229, -32.0188]}, "geometry_name": "geom", "properties": {"lem_id": 573, "expte_siged": "520-000388-1999-EXP", "coord_norte_pga07": 6457573.6, "coord_este_pga07": 2403361}, "bbox": [-70.0229, -32.0188, -70.0229, -32.0188]}, {"type": "Feature", "id": "vw_lem.fid--ce7fb1e_1a08fbfc439_-556", "geometry": {"type": "Point", "coordinates": [-70.1446, -31.7633]}, "geometry_name": "geom", "properties": {"lem_id": 574, "expte_siged": "1100-003351-2020-HIST", "coord_norte_pga07": 6485793.5, "coord_este_pga07": 2391561}, "bbox": [-70.1446, -31.7633, -70.1446, -31.7633]}, {"type": "Feature", "id": "vw_lem.fid--ce7fb1e_1a08fbfc439_-555", "geometry": {"type": "Point", "coordinates": [-69.9757, -31.6832]}, "geometry_name": "geom", "properties": {"lem_id": 575, "expte_siged": "1124-001153-1996-EXP", "coord_norte_pga07": 6494823.5, "coord_este_pga07": 2407480.9}, "bbox": [-69.9757, -31.6832, -69.9757, -31.6832]}, {"type": "Feature", "id": "vw_lem.fid--ce7fb1e_1a08fbfc439_-554", "geometry": {"type": "Point", "coordinates": [-69.9504, -32.0153]}, "geometry_name": "geom", "properties": {"lem_id": 576, "expte_siged": "1124-001162-1996-EXP", "coord_norte_pga07": 6458023.6, "coord_este_pga07": 2410210.9}, "bbox": [-69.9504, -32.0153, -69.9504, -32.0153]}, {"type": "Feature", "id": "vw_lem.fid--ce7fb1e_1a08fbfc439_-553", "geometry": {"type": "Point", "coordinates": [-70.2844, -32.2756]}, "geometry_name": "geom", "properties": {"lem_id": 577, "expte_siged": "1124-242240-1987-EXP", "coord_norte_pga07": 6428824.7, "coord_este_pga07": 2378991}, "bbox": [-70.2844, -32.2756, -70.2844, -32.2756]}, {"type": "Feature", "id": "vw_lem.fid--ce7fb1e_1a08fbfc439_-552", "geometry": {"type": "Point", "coordinates": [-70.2299, -32.1069]}, "geometry_name": "geom", "properties": {"lem_id": 578, "expte_siged": "1124-001142-1996-EXP", "coord_norte_pga07": 6447593.6, "coord_este_pga07": 2383911}, "bbox": [-70.2299, -32.1069, -70.2299, -32.1069]}, {"type": "Feature", "id": "vw_lem.fid--ce7fb1e_1a08fbfc439_-551", "geometry": {"type": "Point", "coordinates": [-70.2779, -32.129]}, "geometry_name": "geom", "properties": {"lem_id": 579, "expte_siged": "1124-001141-1996-EXP", "coord_norte_pga07": 6445090, "coord_este_pga07": 2379411}, "bbox": [-70.2779, -32.129, -70.2779, -32.129]}, {"type": "Feature", "id": "vw_lem.fid--ce7fb1e_1a08fbfc439_-550", "geometry": {"type": "Point", "coordinates": [-70.2458, -32.1014]}, "geometry_name": "geom", "properties": {"lem_id": 580, "expte_siged": "1124-001140-1996-EXP", "coord_norte_pga07": 6448192, "coord_este_pga07": 2382407}, "bbox": [-70.2458, -32.1014, -70.2458, -32.1014]}, {"type": "Feature", "id": "vw_lem.fid--ce7fb1e_1a08fbfc439_-54f", "geometry": {"type": "Point", "coordinates": [-70.2374, -32.2029]}, "geometry_name": "geom", "properties": {"lem_id": 581, "expte_siged": "1124-000801-1996-EXP", "coord_norte_pga07": 6436943.7, "coord_este_pga07": 2383331}, "bbox": [-70.2374, -32.2029, -70.2374, -32.2029]}, {"type": "Feature", "id": "vw_lem.fid--ce7fb1e_1a08fbfc439_-54e", "geometry": {"type": "Point", "coordinates": [-70.1852, -31.9252]}, "geometry_name": "geom", "properties": {"lem_id": 582, "expte_siged": "425-000213-2002-EXP", "coord_norte_pga07": 6467793.6, "coord_este_pga07": 2387911}, "bbox": [-70.1852, -31.9252, -70.1852, -31.9252]}, {"type": "Feature", "id": "vw_lem.fid--ce7fb1e_1a08fbfc439_-54d", "geometry": {"type": "Point", "coordinates": [-70.2187, -31.7037]}, "geometry_name": "geom", "properties": {"lem_id": 583, "expte_siged": "425-000159-2002-EXP", "coord_norte_pga07": 6492325.5, "coord_este_pga07": 2384471}, "bbox": [-70.2187, -31.7037, -70.2187, -31.7037]}, {"type": "Feature", "id": "vw_lem.fid--ce7fb1e_1a08fbfc439_-54c", "geometry": {"type": "Point", "coordinates": [-70.2155, -31.8167]}, "geometry_name": "geom", "properties": {"lem_id": 584, "expte_siged": "1100-000780-2020-HIST", "coord_norte_pga07": 6479793.5, "coord_este_pga07": 2384911}, "bbox": [-70.2155, -31.8167, -70.2155, -31.8167]}, {"type": "Feature", "id": "vw_lem.fid--ce7fb1e_1a08fbfc439_-54b", "geometry": {"type": "Point", "coordinates": [-70.4362, -31.2408]}, "geometry_name": "geom", "properties": {"lem_id": 585, "expte_siged": "425-000164-2002-EXP", "coord_norte_pga07": 6543403.3, "coord_este_pga07": 2363180.1}, "bbox": [-70.4362, -31.2408, -70.4362, -31.2408]}, {"type": "Feature", "id": "vw_lem.fid--ce7fb1e_1a08fbfc439_-54a", "geometry": {"type": "Point", "coordinates": [-70.5007, -31.3895]}, "geometry_name": "geom", "properties": {"lem_id": 586, "expte_siged": "425-000162-2002-EXP", "coord_norte_pga07": 6526828.3, "coord_este_pga07": 2357254.1}, "bbox": [-70.5007, -31.3895, -70.5007, -31.3895]}, {"type": "Feature", "id": "vw_lem.fid--ce7fb1e_1a08fbfc439_-549", "geometry": {"type": "Point", "coordinates": [-70.5242, -31.4797]}, "geometry_name": "geom", "properties": {"lem_id": 587, "expte_siged": "1124-338644-1992-EXP", "coord_norte_pga07": 6516793.4, "coord_este_pga07": 2355161.2}, "bbox": [-70.5242, -31.4797, -70.5242, -31.4797]}, {"type": "Feature", "id": "vw_lem.fid--ce7fb1e_1a08fbfc439_-548", "geometry": {"type": "Point", "coordinates": [-69.6155, -30.0063]}, "geometry_name": "geom", "properties": {"lem_id": 588, "expte_siged": "1124-000586-1995-EXP", "coord_norte_pga07": 6680992.7, "coord_este_pga07": 2440610.8}, "bbox": [-69.6155, -30.0063, -69.6155, -30.0063]}, {"type": "Feature", "id": "vw_lem.fid--ce7fb1e_1a08fbfc439_-547", "geometry": {"type": "Point", "coordinates": [-67.6068, -32.1386]}, "geometry_name": "geom", "properties": {"lem_id": 589, "expte_siged": "1124-000318-2013-EXP", "coord_norte_pga07": 6443897.6, "coord_este_pga07": 2631454.1}, "bbox": [-67.6068, -32.1386, -67.6068, -32.1386]}, {"type": "Feature", "id": "vw_lem.fid--ce7fb1e_1a08fbfc439_-546", "geometry": {"type": "Point", "coordinates": [-69.3037, -31.6484]}, "geometry_name": "geom", "properties": {"lem_id": 590, "expte_siged": "1124-000060-2013-EXP", "coord_norte_pga07": 6499055.4, "coord_este_pga07": 2471196.7}, "bbox": [-69.3037, -31.6484, -69.3037, -31.6484]}, {"type": "Feature", "id": "vw_lem.fid--ce7fb1e_1a08fbfc439_-545", "geometry": {"type": "Point", "coordinates": [-68.8326, -29.9078]}, "geometry_name": "geom", "properties": {"lem_id": 591, "expte_siged": "1124-181738-1991-EXP", "coord_norte_pga07": 6692063, "coord_este_pga07": 2516168}, "bbox": [-68.8326, -29.9078, -68.8326, -29.9078]}, {"type": "Feature", "id": "vw_lem.fid--ce7fb1e_1a08fbfc439_-544", "geometry": {"type": "Point", "coordinates": [-68.8341, -29.909]}, "geometry_name": "geom", "properties": {"lem_id": 592, "expte_siged": "1124-181739-1991-EXP", "coord_norte_pga07": 6691925, "coord_este_pga07": 2516023}, "bbox": [-68.8341, -29.909, -68.8341, -29.909]}, {"type": "Feature", "id": "vw_lem.fid--ce7fb1e_1a08fbfc439_-543", "geometry": {"type": "Point", "coordinates": [-68.6749, -29.7131]}, "geometry_name": "geom", "properties": {"lem_id": 593, "expte_siged": "1124-545104-1994-EXP", "coord_norte_pga07": 6713612, "coord_este_pga07": 2531458}, "bbox": [-68.6749, -29.7131, -68.6749, -29.7131]}, {"type": "Feature", "id": "vw_lem.fid--ce7fb1e_1a08fbfc439_-542", "geometry": {"type": "Point", "coordinates": [-69.8197, -29.7954]}, "geometry_name": "geom", "properties": {"lem_id": 594, "expte_siged": "1124-296775-1990-EXP", "coord_norte_pga07": 6704252, "coord_este_pga07": 2420749}, "bbox": [-69.8197, -29.7954, -69.8197, -29.7954]}, {"type": "Feature", "id": "vw_lem.fid--ce7fb1e_1a08fbfc439_-541", "geometry": {"type": "Point", "coordinates": [-69.8341, -29.6821]}, "geometry_name": "geom", "properties": {"lem_id": 595, "expte_siged": "1124-195263-1983-EXP", "coord_norte_pga07": 6716801.4, "coord_este_pga07": 2419260}, "bbox": [-69.8341, -29.6821, -69.8341, -29.6821]}, {"type": "Feature", "id": "vw_lem.fid--ce7fb1e_1a08fbfc439_-540", "geometry": {"type": "Point", "coordinates": [-69.2357, -29.7674]}, "geometry_name": "geom", "properties": {"lem_id": 596, "expte_siged": "1124-001141-1995-EXP", "coord_norte_pga07": 6707609.6, "coord_este_pga07": 2477203.7}, "bbox": [-69.2357, -29.7674, -69.2357, -29.7674]}, {"type": "Feature", "id": "vw_lem.fid--ce7fb1e_1a08fbfc439_-53f", "geometry": {"type": "Point", "coordinates": [-69.0915, -30.0051]}, "geometry_name": "geom", "properties": {"lem_id": 597, "expte_siged": "1124-296975-1989-EXP", "coord_norte_pga07": 6681283, "coord_este_pga07": 2491168}, "bbox": [-69.0915, -30.0051, -69.0915, -30.0051]}, {"type": "Feature", "id": "vw_lem.fid--ce7fb1e_1a08fbfc439_-53e", "geometry": {"type": "Point", "coordinates": [-69.9327, -29.5985]}, "geometry_name": "geom", "properties": {"lem_id": 598, "expte_siged": "1124-195252-1983-EXP", "coord_norte_pga07": 6725992.5, "coord_este_pga07": 2409648.1}, "bbox": [-69.9327, -29.5985, -69.9327, -29.5985]}, {"type": "Feature", "id": "vw_lem.fid--ce7fb1e_1a08fbfc439_-53d", "geometry": {"type": "Point", "coordinates": [-69.8995, -29.5987]}, "geometry_name": "geom", "properties": {"lem_id": 599, "expte_siged": "1124-195253-1983-EXP", "coord_norte_pga07": 6725992.5, "coord_este_pga07": 2412861}, "bbox": [-69.8995, -29.5987, -69.8995, -29.5987]}, {"type": "Feature", "id": "vw_lem.fid--ce7fb1e_1a08fbfc439_-53c", "geometry": {"type": "Point", "coordinates": [-69.8903, -29.5821]}, "geometry_name": "geom", "properties": {"lem_id": 600, "expte_siged": "1124-195254-1983-EXP", "coord_norte_pga07": 6727842.5, "coord_este_pga07": 2413735.9}, "bbox": [-69.8903, -29.5821, -69.8903, -29.5821]}, {"type": "Feature", "id": "vw_lem.fid--ce7fb1e_1a08fbfc439_-53b", "geometry": {"type": "Point", "coordinates": [-69.8842, -29.5853]}, "geometry_name": "geom", "properties": {"lem_id": 601, "expte_siged": "1124-258838-1984-EXP", "coord_norte_pga07": 6727492, "coord_este_pga07": 2414335}, "bbox": [-69.8842, -29.5853, -69.8842, -29.5853]}, {"type": "Feature", "id": "vw_lem.fid--ce7fb1e_1a08fbfc439_-53a", "geometry": {"type": "Point", "coordinates": [-69.9098, -29.5969]}, "geometry_name": "geom", "properties": {"lem_id": 602, "expte_siged": "1124-258460-1984-EXP", "coord_norte_pga07": 6726192, "coord_este_pga07": 2411860}, "bbox": [-69.9098, -29.5969, -69.9098, -29.5969]}, {"type": "Feature", "id": "vw_lem.fid--ce7fb1e_1a08fbfc439_-539", "geometry": {"type": "Point", "coordinates": [-69.7043, -30.1462]}, "geometry_name": "geom", "properties": {"lem_id": 603, "expte_siged": "1124-258959-1985-EXP", "coord_norte_pga07": 6665434, "coord_este_pga07": 2432139.4}, "bbox": [-69.7043, -30.1462, -69.7043, -30.1462]}, {"type": "Feature", "id": "vw_lem.fid--ce7fb1e_1a08fbfc439_-538", "geometry": {"type": "Point", "coordinates": [-69.7094, -30.1533]}, "geometry_name": "geom", "properties": {"lem_id": 604, "expte_siged": "1124-270808-1986-EXP", "coord_norte_pga07": 6664640, "coord_este_pga07": 2431657}, "bbox": [-69.7094, -30.1533, -69.7094, -30.1533]}, {"type": "Feature", "id": "vw_lem.fid--ce7fb1e_1a08fbfc439_-537", "geometry": {"type": "Point", "coordinates": [-69.8153, -29.8183]}, "geometry_name": "geom", "properties": {"lem_id": 605, "expte_siged": "1124-296775-1990-EXP", "coord_norte_pga07": 6701719, "coord_este_pga07": 2421191}, "bbox": [-69.8153, -29.8183, -69.8153, -29.8183]}, {"type": "Feature", "id": "vw_lem.fid--ce7fb1e_1a08fbfc439_-536", "geometry": {"type": "Point", "coordinates": [-69.7066, -28.6837]}, "geometry_name": "geom", "properties": {"lem_id": 606, "expte_siged": "156-000299-1976-EXP", "coord_norte_pga07": 6827545.5, "coord_este_pga07": 2430941.6}, "bbox": [-69.7066, -28.6837, -69.7066, -28.6837]}, {"type": "Feature", "id": "vw_lem.fid--ce7fb1e_1a08fbfc439_-535", "geometry": {"type": "Point", "coordinates": [-69.6847, -29.2043]}, "geometry_name": "geom", "properties": {"lem_id": 607, "expte_siged": "1124-000528-2011-EXP", "coord_norte_pga07": 6769862.3, "coord_este_pga07": 2433410.9}, "bbox": [-69.6847, -29.2043, -69.6847, -29.2043]}, {"type": "Feature", "id": "vw_lem.fid--ce7fb1e_1a08fbfc439_-534", "geometry": {"type": "Point", "coordinates": [-70.1857, -31.0279]}, "geometry_name": "geom", "properties": {"lem_id": 608, "expte_siged": "1124-000035-2012-EXP", "coord_norte_pga07": 6567299.1, "coord_este_pga07": 2386789}, "bbox": [-70.1857, -31.0279, -70.1857, -31.0279]}, {"type": "Feature", "id": "vw_lem.fid--ce7fb1e_1a08fbfc439_-533", "geometry": {"type": "Point", "coordinates": [-70.4398, -31.786]}, "geometry_name": "geom", "properties": {"lem_id": 609, "expte_siged": "1124-000602-1996-EXP", "coord_norte_pga07": 6482943.5, "coord_este_pga07": 2363626.1}, "bbox": [-70.4398, -31.786, -70.4398, -31.786]}, {"type": "Feature", "id": "vw_lem.fid--ce7fb1e_1a08fbfc439_-532", "geometry": {"type": "Point", "coordinates": [-70.3378, -32.0481]}, "geometry_name": "geom", "properties": {"lem_id": 610, "expte_siged": "1124-000649-2012-EXP", "coord_norte_pga07": 6454000, "coord_este_pga07": 2373650}, "bbox": [-70.3378, -32.0481, -70.3378, -32.0481]}, {"type": "Feature", "id": "vw_lem.fid--ce7fb1e_1a08fbfc439_-531", "geometry": {"type": "Point", "coordinates": [-70.2857, -31.6158]}, "geometry_name": "geom", "properties": {"lem_id": 611, "expte_siged": "1124-000646-2012-EXP", "coord_norte_pga07": 6502000, "coord_este_pga07": 2378000}, "bbox": [-70.2857, -31.6158, -70.2857, -31.6158]}, {"type": "Feature", "id": "vw_lem.fid--ce7fb1e_1a08fbfc439_-530", "geometry": {"type": "Point", "coordinates": [-68.7425, -30.7892]}, "geometry_name": "geom", "properties": {"lem_id": 612, "expte_siged": "1124-000332-2014-EXP", "coord_norte_pga07": 6594334, "coord_este_pga07": 2524647}, "bbox": [-68.7425, -30.7892, -68.7425, -30.7892]}, {"type": "Feature", "id": "vw_lem.fid--ce7fb1e_1a08fbfc439_-52f", "geometry": {"type": "Point", "coordinates": [-67.6371, -30.5802]}, "geometry_name": "geom", "properties": {"lem_id": 613, "expte_siged": "1124-000442-2011-EXP", "coord_norte_pga07": 6616740, "coord_este_pga07": 2630737}, "bbox": [-67.6371, -30.5802, -67.6371, -30.5802]}, {"type": "Feature", "id": "vw_lem.fid--ce7fb1e_1a08fbfc439_-52e", "geometry": {"type": "Point", "coordinates": [-68.9949, -30.5603]}, "geometry_name": "geom", "properties": {"lem_id": 614, "expte_siged": "1124-000114-2014-EXP", "coord_norte_pga07": 6619740, "coord_este_pga07": 2500486}, "bbox": [-68.9949, -30.5603, -68.9949, -30.5603]}, {"type": "Feature", "id": "vw_lem.fid--ce7fb1e_1a08fbfc439_-52d", "geometry": {"type": "Point", "coordinates": [-68.6838, -29.8496]}, "geometry_name": "geom", "properties": {"lem_id": 615, "expte_siged": "1124-000500-2009-EXP", "coord_norte_pga07": 6698483.6, "coord_este_pga07": 2530554.4}, "bbox": [-68.6838, -29.8496, -68.6838, -29.8496]}, {"type": "Feature", "id": "vw_lem.fid--ce7fb1e_1a08fbfc439_-52c", "geometry": {"type": "Point", "coordinates": [-69.8324, -31.356]}, "geometry_name": "geom", "properties": {"lem_id": 616, "expte_siged": "1124-000131-2014-EXP", "coord_norte_pga07": 6531215.5, "coord_este_pga07": 2420799}, "bbox": [-69.8324, -31.356, -69.8324, -31.356]}, {"type": "Feature", "id": "vw_lem.fid--ce7fb1e_1a08fbfc439_-52b", "geometry": {"type": "Point", "coordinates": [-69.7832, -31.3334]}, "geometry_name": "geom", "properties": {"lem_id": 617, "expte_siged": "1124-000132-2014-EXP", "coord_norte_pga07": 6533759.6, "coord_este_pga07": 2425463.5}, "bbox": [-69.7832, -31.3334, -69.7832, -31.3334]}, {"type": "Feature", "id": "vw_lem.fid--ce7fb1e_1a08fbfc439_-52a", "geometry": {"type": "Point", "coordinates": [-69.4364, -31.1253]}, "geometry_name": "geom", "properties": {"lem_id": 618, "expte_siged": "1124-000046-2007-EXP", "coord_norte_pga07": 6557012.2, "coord_este_pga07": 2458377.7}, "bbox": [-69.4364, -31.1253, -69.4364, -31.1253]}, {"type": "Feature", "id": "vw_lem.fid--ce7fb1e_1a08fbfc439_-529", "geometry": {"type": "Point", "coordinates": [-69.5413, -31.0097]}, "geometry_name": "geom", "properties": {"lem_id": 619, "expte_siged": "1124-000064-2011-EXP", "coord_norte_pga07": 6569793.1, "coord_este_pga07": 2448310.8}, "bbox": [-69.5413, -31.0097, -69.5413, -31.0097]}, {"type": "Feature", "id": "vw_lem.fid--ce7fb1e_1a08fbfc439_-528", "geometry": {"type": "Point", "coordinates": [-69.5698, -29.4316]}, "geometry_name": "geom", "properties": {"lem_id": 620, "expte_siged": "520-000047-1997-EXP", "coord_norte_pga07": 6744727.4, "coord_este_pga07": 2444707.8}, "bbox": [-69.5698, -29.4316, -69.5698, -29.4316]}, {"type": "Feature", "id": "vw_lem.fid--ce7fb1e_1a08fbfc439_-527", "geometry": {"type": "Point", "coordinates": [-69.7845, -31.5286]}, "geometry_name": "geom", "properties": {"lem_id": 621, "expte_siged": "1124-000151-2014-EXP", "coord_norte_pga07": 6512112.2, "coord_este_pga07": 2425496.1}, "bbox": [-69.7845, -31.5286, -69.7845, -31.5286]}, {"type": "Feature", "id": "vw_lem.fid--ce7fb1e_1a08fbfc439_-526", "geometry": {"type": "Point", "coordinates": [-69.9459, -31.542]}, "geometry_name": "geom", "properties": {"lem_id": 622, "expte_siged": "1124-000667-2007-EXP", "coord_norte_pga07": 6510503.7, "coord_este_pga07": 2410176.4}, "bbox": [-69.9459, -31.542, -69.9459, -31.542]}, {"type": "Feature", "id": "vw_lem.fid--ce7fb1e_1a08fbfc439_-525", "geometry": {"type": "Point", "coordinates": [-69.4158, -31.6314]}, "geometry_name": "geom", "properties": {"lem_id": 623, "expte_siged": "425-000330-2001-EXP", "coord_norte_pga07": 6500914.4, "coord_este_pga07": 2460551.7}, "bbox": [-69.4158, -31.6314, -69.4158, -31.6314]}, {"type": "Feature", "id": "vw_lem.fid--ce7fb1e_1a08fbfc439_-524", "geometry": {"type": "Point", "coordinates": [-70.2861, -31.3231]}, "geometry_name": "geom", "properties": {"lem_id": 624, "expte_siged": "1124-000082-2013-EXP", "coord_norte_pga07": 6534449, "coord_este_pga07": 2377580}, "bbox": [-70.2861, -31.3231, -70.2861, -31.3231]}, {"type": "Feature", "id": "vw_lem.fid--ce7fb1e_1a08fbfc439_-523", "geometry": {"type": "Point", "coordinates": [-69.4618, -29.3592]}, "geometry_name": "geom", "properties": {"lem_id": 625, "expte_siged": "1124-001295-1996-EXP", "coord_norte_pga07": 6752788.4, "coord_este_pga07": 2455159.8}, "bbox": [-69.4618, -29.3592, -69.4618, -29.3592]}, {"type": "Feature", "id": "vw_lem.fid--ce7fb1e_1a08fbfc439_-522", "geometry": {"type": "Point", "coordinates": [-68.5956, -30.0568]}, "geometry_name": "geom", "properties": {"lem_id": 626, "expte_siged": "1124-000198-2014-EXP", "coord_norte_pga07": 6675481, "coord_este_pga07": 2538992}, "bbox": [-68.5956, -30.0568, -68.5956, -30.0568]}, {"type": "Feature", "id": "vw_lem.fid--ce7fb1e_1a08fbfc439_-521", "geometry": {"type": "Point", "coordinates": [-68.6012, -30.1088]}, "geometry_name": "geom", "properties": {"lem_id": 627, "expte_siged": "1124-000512-2013-EXP", "coord_norte_pga07": 6669727, "coord_este_pga07": 2538432}, "bbox": [-68.6012, -30.1088, -68.6012, -30.1088]}, {"type": "Feature", "id": "vw_lem.fid--ce7fb1e_1a08fbfc439_-520", "geometry": {"type": "Point", "coordinates": [-68.6073, -30.1363]}, "geometry_name": "geom", "properties": {"lem_id": 628, "expte_siged": "1124-000402-2013-EXP", "coord_norte_pga07": 6666675.1, "coord_este_pga07": 2537839.1}, "bbox": [-68.6073, -30.1363, -68.6073, -30.1363]}, {"type": "Feature", "id": "vw_lem.fid--ce7fb1e_1a08fbfc439_-51f", "geometry": {"type": "Point", "coordinates": [-67.6061, -30.6458]}, "geometry_name": "geom", "properties": {"lem_id": 629, "expte_siged": "1124-000197-2014-EXP", "coord_norte_pga07": 6609426.5, "coord_este_pga07": 2633614.7}, "bbox": [-67.6061, -30.6458, -67.6061, -30.6458]}, {"type": "Feature", "id": "vw_lem.fid--ce7fb1e_1a08fbfc439_-51e", "geometry": {"type": "Point", "coordinates": [-69.7257, -31.3361]}, "geometry_name": "geom", "properties": {"lem_id": 630, "expte_siged": "1124-000243-2014-EXP", "coord_norte_pga07": 6533496, "coord_este_pga07": 2430932}, "bbox": [-69.7257, -31.3361, -69.7257, -31.3361]}, {"type": "Feature", "id": "vw_lem.fid--ce7fb1e_1a08fbfc439_-51d", "geometry": {"type": "Point", "coordinates": [-67.3366, -31.3471]}, "geometry_name": "geom", "properties": {"lem_id": 631, "expte_siged": "1124-000642-2010-EXP", "coord_norte_pga07": 6531310.3, "coord_este_pga07": 2658290.9}, "bbox": [-67.3366, -31.3471, -67.3366, -31.3471]}, {"type": "Feature", "id": "vw_lem.fid--ce7fb1e_1a08fbfc439_-51c", "geometry": {"type": "Point", "coordinates": [-68.5774, -29.9091]}, "geometry_name": "geom", "properties": {"lem_id": 632, "expte_siged": "1124-000354-2010-EXP", "coord_norte_pga07": 6691852, "coord_este_pga07": 2540812.4}, "bbox": [-68.5774, -29.9091, -68.5774, -29.9091]}, {"type": "Feature", "id": "vw_lem.fid--ce7fb1e_1a08fbfc439_-51b", "geometry": {"type": "Point", "coordinates": [-68.5685, -29.9661]}, "geometry_name": "geom", "properties": {"lem_id": 633, "expte_siged": "1124-000355-2010-EXP", "coord_norte_pga07": 6685532.6, "coord_este_pga07": 2541649.4}, "bbox": [-68.5685, -29.9661, -68.5685, -29.9661]}, {"type": "Feature", "id": "vw_lem.fid--ce7fb1e_1a08fbfc439_-51a", "geometry": {"type": "Point", "coordinates": [-69.7251, -30.8103]}, "geometry_name": "geom", "properties": {"lem_id": 634, "expte_siged": "1124-000526-2010-EXP", "coord_norte_pga07": 6591793.1, "coord_este_pga07": 2430610.9}, "bbox": [-69.7251, -30.8103, -69.7251, -30.8103]}, {"type": "Feature", "id": "vw_lem.fid--ce7fb1e_1a08fbfc439_-519", "geometry": {"type": "Point", "coordinates": [-70.4082, -31.7823]}, "geometry_name": "geom", "properties": {"lem_id": 635, "expte_siged": "1124-000691-2010-EXP", "coord_norte_pga07": 6483393.5, "coord_este_pga07": 2366611.1}, "bbox": [-70.4082, -31.7823, -70.4082, -31.7823]}, {"type": "Feature", "id": "vw_lem.fid--ce7fb1e_1a08fbfc439_-518", "geometry": {"type": "Point", "coordinates": [-69.5899, -28.4504]}, "geometry_name": "geom", "properties": {"lem_id": 636, "expte_siged": "1124-000286-2014-EXP", "coord_norte_pga07": 6853465, "coord_este_pga07": 2442220}, "bbox": [-69.5899, -28.4504, -69.5899, -28.4504]}, {"type": "Feature", "id": "vw_lem.fid--ce7fb1e_1a08fbfc439_-517", "geometry": {"type": "Point", "coordinates": [-69.4391, -31.6012]}, "geometry_name": "geom", "properties": {"lem_id": 637, "expte_siged": "1124-000443-2011-EXP", "coord_norte_pga07": 6504252.3, "coord_este_pga07": 2458325.3}, "bbox": [-69.4391, -31.6012, -69.4391, -31.6012]}, {"type": "Feature", "id": "vw_lem.fid--ce7fb1e_1a08fbfc439_-516", "geometry": {"type": "Point", "coordinates": [-69.4266, -31.0806]}, "geometry_name": "geom", "properties": {"lem_id": 638, "expte_siged": "1124-000220-2014-EXP", "coord_norte_pga07": 6561980.6, "coord_este_pga07": 2459296}, "bbox": [-69.4266, -31.0806, -69.4266, -31.0806]}, {"type": "Feature", "id": "vw_lem.fid--ce7fb1e_1a08fbfc439_-515", "geometry": {"type": "Point", "coordinates": [-69.3491, -29.7871]}, "geometry_name": "geom", "properties": {"lem_id": 639, "expte_siged": "1124-000623-2012-EXP", "coord_norte_pga07": 6705398, "coord_este_pga07": 2466240.6}, "bbox": [-69.3491, -29.7871, -69.3491, -29.7871]}, {"type": "Feature", "id": "vw_lem.fid--ce7fb1e_1a08fbfc439_-514", "geometry": {"type": "Point", "coordinates": [-70.3959, -31.811]}, "geometry_name": "geom", "properties": {"lem_id": 640, "expte_siged": "1124-000259-2013-EXP", "coord_norte_pga07": 6480218.2, "coord_este_pga07": 2367820.4}, "bbox": [-70.3959, -31.811, -70.3959, -31.811]}, {"type": "Feature", "id": "vw_lem.fid--ce7fb1e_1a08fbfc439_-513", "geometry": {"type": "Point", "coordinates": [-67.6041, -30.627]}, "geometry_name": "geom", "properties": {"lem_id": 641, "expte_siged": "1124-000928-1995-EXP", "coord_norte_pga07": 6611517, "coord_este_pga07": 2633835}, "bbox": [-67.6041, -30.627, -67.6041, -30.627]}, {"type": "Feature", "id": "vw_lem.fid--ce7fb1e_1a08fbfc439_-512", "geometry": {"type": "Point", "coordinates": [-70.1955, -32.2821]}, "geometry_name": "geom", "properties": {"lem_id": 642, "expte_siged": "1124-000305-2014-EXP", "coord_norte_pga07": 6428208, "coord_este_pga07": 2387376}, "bbox": [-70.1955, -32.2821, -70.1955, -32.2821]}, {"type": "Feature", "id": "vw_lem.fid--ce7fb1e_1a08fbfc439_-511", "geometry": {"type": "Point", "coordinates": [-69.364, -31.3123]}, "geometry_name": "geom", "properties": {"lem_id": 643, "expte_siged": "1124-339413-1992-EXP", "coord_norte_pga07": 6536305.1, "coord_este_pga07": 2465346.2}, "bbox": [-69.364, -31.3123, -69.364, -31.3123]}, {"type": "Feature", "id": "vw_lem.fid--ce7fb1e_1a08fbfc439_-510", "geometry": {"type": "Point", "coordinates": [-69.68, -31.2681]}, "geometry_name": "geom", "properties": {"lem_id": 644, "expte_siged": "1124-000193-2007-EXP", "coord_norte_pga07": 6541069.4, "coord_este_pga07": 2435234.5}, "bbox": [-69.68, -31.2681, -69.68, -31.2681]}, {"type": "Feature", "id": "vw_lem.fid--ce7fb1e_1a08fbfc439_-50f", "geometry": {"type": "Point", "coordinates": [-69.7134, -28.9405]}, "geometry_name": "geom", "properties": {"lem_id": 645, "expte_siged": "1124-000188-2007-EXP", "coord_norte_pga07": 6799082.2, "coord_este_pga07": 2430446.9}, "bbox": [-69.7134, -28.9405, -69.7134, -28.9405]}, {"type": "Feature", "id": "vw_lem.fid--ce7fb1e_1a08fbfc439_-50e", "geometry": {"type": "Point", "coordinates": [-70.4579, -31.6081]}, "geometry_name": "geom", "properties": {"lem_id": 646, "expte_siged": "1124-000439-2014-EXP", "coord_norte_pga07": 6502643.9, "coord_este_pga07": 2361651.5}, "bbox": [-70.4579, -31.6081, -70.4579, -31.6081]}, {"type": "Feature", "id": "vw_lem.fid--ce7fb1e_1a08fbfc439_-50d", "geometry": {"type": "Point", "coordinates": [-69.7218, -31.1459]}, "geometry_name": "geom", "properties": {"lem_id": 647, "expte_siged": "1124-000183-2011-EXP", "coord_norte_pga07": 6554595.9, "coord_este_pga07": 2431168.5}, "bbox": [-69.7218, -31.1459, -69.7218, -31.1459]}, {"type": "Feature", "id": "vw_lem.fid--ce7fb1e_1a08fbfc439_-50c", "geometry": {"type": "Point", "coordinates": [-69.5342, -32.1276]}, "geometry_name": "geom", "properties": {"lem_id": 648, "expte_siged": "1124-000543-2011-EXP", "coord_norte_pga07": 6445835.6, "coord_este_pga07": 2449587.8}, "bbox": [-69.5342, -32.1276, -69.5342, -32.1276]}, {"type": "Feature", "id": "vw_lem.fid--ce7fb1e_1a08fbfc439_-50b", "geometry": {"type": "Point", "coordinates": [-69.7071, -28.6856]}, "geometry_name": "geom", "properties": {"lem_id": 649, "expte_siged": "1124-156300-1976-EXP", "coord_norte_pga07": 6827342.2, "coord_este_pga07": 2430893.1}, "bbox": [-69.7071, -28.6856, -69.7071, -28.6856]}, {"type": "Feature", "id": "vw_lem.fid--ce7fb1e_1a08fbfc439_-50a", "geometry": {"type": "Point", "coordinates": [-69.7814, -30.1738]}, "geometry_name": "geom", "properties": {"lem_id": 650, "expte_siged": "1124-258958-1985-EXP", "coord_norte_pga07": 6662328, "coord_este_pga07": 2424737}, "bbox": [-69.7814, -30.1738, -69.7814, -30.1738]}, {"type": "Feature", "id": "vw_lem.fid--ce7fb1e_1a08fbfc439_-509", "geometry": {"type": "Point", "coordinates": [-69.73, -30.1566]}, "geometry_name": "geom", "properties": {"lem_id": 651, "expte_siged": "1124-270366-1986-EXP", "coord_norte_pga07": 6664263, "coord_este_pga07": 2429676}, "bbox": [-69.73, -30.1566, -69.73, -30.1566]}, {"type": "Feature", "id": "vw_lem.fid--ce7fb1e_1a08fbfc439_-508", "geometry": {"type": "Point", "coordinates": [-69.7723, -30.1425]}, "geometry_name": "geom", "properties": {"lem_id": 652, "expte_siged": "1124-270805-1986-EXP", "coord_norte_pga07": 6665807, "coord_este_pga07": 2425593}, "bbox": [-69.7723, -30.1425, -69.7723, -30.1425]}, {"type": "Feature", "id": "vw_lem.fid--ce7fb1e_1a08fbfc439_-507", "geometry": {"type": "Point", "coordinates": [-69.7457, -30.1809]}, "geometry_name": "geom", "properties": {"lem_id": 653, "expte_siged": "1124-258957-1985-EXP", "coord_norte_pga07": 6661568, "coord_este_pga07": 2428176}, "bbox": [-69.7457, -30.1809, -69.7457, -30.1809]}, {"type": "Feature", "id": "vw_lem.fid--ce7fb1e_1a08fbfc439_-506", "geometry": {"type": "Point", "coordinates": [-69.7353, -30.1062]}, "geometry_name": "geom", "properties": {"lem_id": 654, "expte_siged": "1124-296206-1989-EXP", "coord_norte_pga07": 6669853, "coord_este_pga07": 2429130.5}, "bbox": [-69.7353, -30.1062, -69.7353, -30.1062]}, {"type": "Feature", "id": "vw_lem.fid--ce7fb1e_1a08fbfc439_-505", "geometry": {"type": "Point", "coordinates": [-69.0773, -30.0402]}, "geometry_name": "geom", "properties": {"lem_id": 655, "expte_siged": "1124-296297-1990-EXP", "coord_norte_pga07": 6677397, "coord_este_pga07": 2492545}, "bbox": [-69.0773, -30.0402, -69.0773, -30.0402]}, {"type": "Feature", "id": "vw_lem.fid--ce7fb1e_1a08fbfc439_-504", "geometry": {"type": "Point", "coordinates": [-69.4248, -29.804]}, "geometry_name": "geom", "properties": {"lem_id": 657, "expte_siged": "1124-296652-1990-EXP", "coord_norte_pga07": 6703502, "coord_este_pga07": 2458934}, "bbox": [-69.4248, -29.804, -69.4248, -29.804]}, {"type": "Feature", "id": "vw_lem.fid--ce7fb1e_1a08fbfc439_-503", "geometry": {"type": "Point", "coordinates": [-69.0813, -30.0223]}, "geometry_name": "geom", "properties": {"lem_id": 659, "expte_siged": "1124-296974-1989-EXP", "coord_norte_pga07": 6679375, "coord_este_pga07": 2492158}, "bbox": [-69.0813, -30.0223, -69.0813, -30.0223]}, {"type": "Feature", "id": "vw_lem.fid--ce7fb1e_1a08fbfc439_-502", "geometry": {"type": "Point", "coordinates": [-69.0769, -30.0108]}, "geometry_name": "geom", "properties": {"lem_id": 660, "expte_siged": "1124-305818-1988-EXP", "coord_norte_pga07": 6680650, "coord_este_pga07": 2492581}, "bbox": [-69.0769, -30.0108, -69.0769, -30.0108]}, {"type": "Feature", "id": "vw_lem.fid--ce7fb1e_1a08fbfc439_-501", "geometry": {"type": "Point", "coordinates": [-68.6748, -29.7113]}, "geometry_name": "geom", "properties": {"lem_id": 661, "expte_siged": "1124-545105-1994-EXP", "coord_norte_pga07": 6713815.3, "coord_este_pga07": 2531463}, "bbox": [-68.6748, -29.7113, -68.6748, -29.7113]}, {"type": "Feature", "id": "vw_lem.fid--ce7fb1e_1a08fbfc439_-500", "geometry": {"type": "Point", "coordinates": [-68.6749, -29.7096]}, "geometry_name": "geom", "properties": {"lem_id": 662, "expte_siged": "1124-545106-1994-EXP", "coord_norte_pga07": 6713996.4, "coord_este_pga07": 2531456.6}, "bbox": [-68.6749, -29.7096, -68.6749, -29.7096]}, {"type": "Feature", "id": "vw_lem.fid--ce7fb1e_1a08fbfc439_-4ff", "geometry": {"type": "Point", "coordinates": [-69.4467, -28.7223]}, "geometry_name": "geom", "properties": {"lem_id": 663, "expte_siged": "1124-545267-1994-EXP", "coord_norte_pga07": 6823392, "coord_este_pga07": 2456360}, "bbox": [-69.4467, -28.7223, -69.4467, -28.7223]}, {"type": "Feature", "id": "vw_lem.fid--ce7fb1e_1a08fbfc439_-4fe", "geometry": {"type": "Point", "coordinates": [-69.4211, -28.7188]}, "geometry_name": "geom", "properties": {"lem_id": 664, "expte_siged": "1124-545393-1994-EXP", "coord_norte_pga07": 6823792, "coord_este_pga07": 2458860}, "bbox": [-69.4211, -28.7188, -69.4211, -28.7188]}, {"type": "Feature", "id": "vw_lem.fid--ce7fb1e_1a08fbfc439_-4fd", "geometry": {"type": "Point", "coordinates": [-69.4179, -28.7796]}, "geometry_name": "geom", "properties": {"lem_id": 665, "expte_siged": "1124-545407-1994-EXP", "coord_norte_pga07": 6817054, "coord_este_pga07": 2459193}, "bbox": [-69.4179, -28.7796, -69.4179, -28.7796]}, {"type": "Feature", "id": "vw_lem.fid--ce7fb1e_1a08fbfc439_-4fc", "geometry": {"type": "Point", "coordinates": [-69.8419, -29.181]}, "geometry_name": "geom", "properties": {"lem_id": 667, "expte_siged": "1124-000886-1996-EXP", "coord_norte_pga07": 6772337, "coord_este_pga07": 2418104}, "bbox": [-69.8419, -29.181, -69.8419, -29.181]}, {"type": "Feature", "id": "vw_lem.fid--ce7fb1e_1a08fbfc439_-4fb", "geometry": {"type": "Point", "coordinates": [-69.4167, -29.8139]}, "geometry_name": "geom", "properties": {"lem_id": 668, "expte_siged": "1124-546077-1994-EXP", "coord_norte_pga07": 6702410, "coord_este_pga07": 2459722}, "bbox": [-69.4167, -29.8139, -69.4167, -29.8139]}, {"type": "Feature", "id": "vw_lem.fid--ce7fb1e_1a08fbfc439_-4fa", "geometry": {"type": "Point", "coordinates": [-69.3874, -29.8328]}, "geometry_name": "geom", "properties": {"lem_id": 669, "expte_siged": "1124-546479-1994-EXP", "coord_norte_pga07": 6700321, "coord_este_pga07": 2462559}, "bbox": [-69.3874, -29.8328, -69.3874, -29.8328]}, {"type": "Feature", "id": "vw_lem.fid--ce7fb1e_1a08fbfc439_-4f9", "geometry": {"type": "Point", "coordinates": [-69.3982, -29.8236]}, "geometry_name": "geom", "properties": {"lem_id": 670, "expte_siged": "1124-546452-1994-EXP", "coord_norte_pga07": 6701344.7, "coord_este_pga07": 2461515.1}, "bbox": [-69.3982, -29.8236, -69.3982, -29.8236]}, {"type": "Feature", "id": "vw_lem.fid--ce7fb1e_1a08fbfc439_-4f8", "geometry": {"type": "Point", "coordinates": [-69.751, -30.143]}, "geometry_name": "geom", "properties": {"lem_id": 671, "expte_siged": "1124-258955-1985-EXP", "coord_norte_pga07": 6665763, "coord_este_pga07": 2427640}, "bbox": [-69.751, -30.143, -69.751, -30.143]}, {"type": "Feature", "id": "vw_lem.fid--ce7fb1e_1a08fbfc439_-4f7", "geometry": {"type": "Point", "coordinates": [-69.7662, -30.1445]}, "geometry_name": "geom", "properties": {"lem_id": 672, "expte_siged": "1124-270804-1986-EXP", "coord_norte_pga07": 6665590, "coord_este_pga07": 2426176}, "bbox": [-69.7662, -30.1445, -69.7662, -30.1445]}, {"type": "Feature", "id": "vw_lem.fid--ce7fb1e_1a08fbfc439_-4f6", "geometry": {"type": "Point", "coordinates": [-68.7959, -29.9296]}, "geometry_name": "geom", "properties": {"lem_id": 673, "expte_siged": "520-000419-1997-EXP", "coord_norte_pga07": 6689642.6, "coord_este_pga07": 2519710.5}, "bbox": [-68.7959, -29.9296, -68.7959, -29.9296]}, {"type": "Feature", "id": "vw_lem.fid--ce7fb1e_1a08fbfc439_-4f5", "geometry": {"type": "Point", "coordinates": [-69.3973, -31.4913]}, "geometry_name": "geom", "properties": {"lem_id": 674, "expte_siged": "1124-000159-2014-EXP", "coord_norte_pga07": 6516446, "coord_este_pga07": 2462251}, "bbox": [-69.3973, -31.4913, -69.3973, -31.4913]}, {"type": "Feature", "id": "vw_lem.fid--ce7fb1e_1a08fbfc439_-4f4", "geometry": {"type": "Point", "coordinates": [-70.1187, -31.249]}, "geometry_name": "geom", "properties": {"lem_id": 675, "expte_siged": "1124-000102-2014-EXP", "coord_norte_pga07": 6542839.3, "coord_este_pga07": 2393435.3}, "bbox": [-70.1187, -31.249, -70.1187, -31.249]}, {"type": "Feature", "id": "vw_lem.fid--ce7fb1e_1a08fbfc439_-4f3", "geometry": {"type": "Point", "coordinates": [-69.6093, -32.0678]}, "geometry_name": "geom", "properties": {"lem_id": 676, "expte_siged": "1124-001413-1995-EXP", "coord_norte_pga07": 6452436.6, "coord_este_pga07": 2442466.8}, "bbox": [-69.6093, -32.0678, -69.6093, -32.0678]}, {"type": "Feature", "id": "vw_lem.fid--ce7fb1e_1a08fbfc439_-4f2", "geometry": {"type": "Point", "coordinates": [-70.535, -31.4589]}, "geometry_name": "geom", "properties": {"lem_id": 677, "expte_siged": "1124-001597-1995-EXP", "coord_norte_pga07": 6519091.4, "coord_este_pga07": 2354095.2}, "bbox": [-70.535, -31.4589, -70.535, -31.4589]}, {"type": "Feature", "id": "vw_lem.fid--ce7fb1e_1a08fbfc439_-4f1", "geometry": {"type": "Point", "coordinates": [-70.2984, -32.0819]}, "geometry_name": "geom", "properties": {"lem_id": 678, "expte_siged": "1124-001602-1995-EXP", "coord_norte_pga07": 6450293.6, "coord_este_pga07": 2377411.1}, "bbox": [-70.2984, -32.0819, -70.2984, -32.0819]}, {"type": "Feature", "id": "vw_lem.fid--ce7fb1e_1a08fbfc439_-4f0", "geometry": {"type": "Point", "coordinates": [-70.0905, -32.3585]}, "geometry_name": "geom", "properties": {"lem_id": 679, "expte_siged": "1124-001747-1995-EXP", "coord_norte_pga07": 6419834.2, "coord_este_pga07": 2397352.1}, "bbox": [-70.0905, -32.3585, -70.0905, -32.3585]}, {"type": "Feature", "id": "vw_lem.fid--ce7fb1e_1a08fbfc439_-4ef", "geometry": {"type": "Point", "coordinates": [-69.4369, -31.6196]}, "geometry_name": "geom", "properties": {"lem_id": 682, "expte_siged": "520-000335-1998-EXP", "coord_norte_pga07": 6502214.4, "coord_este_pga07": 2458548.7}, "bbox": [-69.4369, -31.6196, -69.4369, -31.6196]}, {"type": "Feature", "id": "vw_lem.fid--ce7fb1e_1a08fbfc439_-4ee", "geometry": {"type": "Point", "coordinates": [-69.4216, -31.6259]}, "geometry_name": "geom", "properties": {"lem_id": 683, "expte_siged": "520-000337-1998-EXP", "coord_norte_pga07": 6501514.4, "coord_este_pga07": 2459998.7}, "bbox": [-69.4216, -31.6259, -69.4216, -31.6259]}, {"type": "Feature", "id": "vw_lem.fid--ce7fb1e_1a08fbfc439_-4ed", "geometry": {"type": "Point", "coordinates": [-69.4473, -31.6078]}, "geometry_name": "geom", "properties": {"lem_id": 684, "expte_siged": "520-000336-1998-EXP", "coord_norte_pga07": 6503514.4, "coord_este_pga07": 2457551.7}, "bbox": [-69.4473, -31.6078, -69.4473, -31.6078]}, {"type": "Feature", "id": "vw_lem.fid--ce7fb1e_1a08fbfc439_-4ec", "geometry": {"type": "Point", "coordinates": [-70.0319, -31.9297]}, "geometry_name": "geom", "properties": {"lem_id": 685, "expte_siged": "1124-338611-1992-EXP", "coord_norte_pga07": 6467443.6, "coord_este_pga07": 2402412.2}, "bbox": [-70.0319, -31.9297, -70.0319, -31.9297]}, {"type": "Feature", "id": "vw_lem.fid--ce7fb1e_1a08fbfc439_-4eb", "geometry": {"type": "Point", "coordinates": [-70.0425, -31.9296]}, "geometry_name": "geom", "properties": {"lem_id": 686, "expte_siged": "1124-338610-1992-EXP", "coord_norte_pga07": 6467443.6, "coord_este_pga07": 2401412.2}, "bbox": [-70.0425, -31.9296, -70.0425, -31.9296]}, {"type": "Feature", "id": "vw_lem.fid--ce7fb1e_1a08fbfc439_-4ea", "geometry": {"type": "Point", "coordinates": [-70.0742, -31.9293]}, "geometry_name": "geom", "properties": {"lem_id": 687, "expte_siged": "1124-338607-1992-EXP", "coord_norte_pga07": 6467443.6, "coord_este_pga07": 2398412.2}, "bbox": [-70.0742, -31.9293, -70.0742, -31.9293]}, {"type": "Feature", "id": "vw_lem.fid--ce7fb1e_1a08fbfc439_-4e9", "geometry": {"type": "Point", "coordinates": [-70.0749, -31.9834]}, "geometry_name": "geom", "properties": {"lem_id": 688, "expte_siged": "1124-338625-1992-EXP", "coord_norte_pga07": 6461443.6, "coord_este_pga07": 2398412.2}, "bbox": [-70.0749, -31.9834, -70.0749, -31.9834]}, {"type": "Feature", "id": "vw_lem.fid--ce7fb1e_1a08fbfc439_-4e8", "geometry": {"type": "Point", "coordinates": [-70.019, -31.9406]}, "geometry_name": "geom", "properties": {"lem_id": 689, "expte_siged": "1124-338634-1992-EXP", "coord_norte_pga07": 6466243.6, "coord_este_pga07": 2403649.2}, "bbox": [-70.019, -31.9406, -70.019, -31.9406]}, {"type": "Feature", "id": "vw_lem.fid--ce7fb1e_1a08fbfc439_-4e7", "geometry": {"type": "Point", "coordinates": [-70.503, -31.471]}, "geometry_name": "geom", "properties": {"lem_id": 690, "expte_siged": "1124-338641-1992-EXP", "coord_norte_pga07": 6517793.4, "coord_este_pga07": 2357161.1}, "bbox": [-70.503, -31.471, -70.503, -31.471]}, {"type": "Feature", "id": "vw_lem.fid--ce7fb1e_1a08fbfc439_-4e6", "geometry": {"type": "Point", "coordinates": [-70.4612, -31.4895]}, "geometry_name": "geom", "properties": {"lem_id": 691, "expte_siged": "1124-338651-1992-EXP", "coord_norte_pga07": 6515793.4, "coord_este_pga07": 2361161.1}, "bbox": [-70.4612, -31.4895, -70.4612, -31.4895]}, {"type": "Feature", "id": "vw_lem.fid--ce7fb1e_1a08fbfc439_-4e5", "geometry": {"type": "Point", "coordinates": [-70.5033, -31.489]}, "geometry_name": "geom", "properties": {"lem_id": 692, "expte_siged": "1124-338649-1992-EXP", "coord_norte_pga07": 6515793.4, "coord_este_pga07": 2357161.1}, "bbox": [-70.5033, -31.489, -70.5033, -31.489]}, {"type": "Feature", "id": "vw_lem.fid--ce7fb1e_1a08fbfc439_-4e4", "geometry": {"type": "Point", "coordinates": [-68.843, -31.5023]}, "geometry_name": "geom", "properties": {"lem_id": 694, "expte_siged": "1124-339240-1993-EXP", "coord_norte_pga07": 6515293.4, "coord_este_pga07": 2514910.5}, "bbox": [-68.843, -31.5023, -68.843, -31.5023]}, {"type": "Feature", "id": "vw_lem.fid--ce7fb1e_1a08fbfc439_-4e3", "geometry": {"type": "Point", "coordinates": [-68.9018, -31.5054]}, "geometry_name": "geom", "properties": {"lem_id": 695, "expte_siged": "1124-062904-1956-EXP", "coord_norte_pga07": 6514954, "coord_este_pga07": 2509327}, "bbox": [-68.9018, -31.5054, -68.9018, -31.5054]}, {"type": "Feature", "id": "vw_lem.fid--ce7fb1e_1a08fbfc439_-4e2", "geometry": {"type": "Point", "coordinates": [-70.2339, -32.0059]}, "geometry_name": "geom", "properties": {"lem_id": 696, "expte_siged": "1124-000686-1996-EXP", "coord_norte_pga07": 6458793, "coord_este_pga07": 2383411}, "bbox": [-70.2339, -32.0059, -70.2339, -32.0059]}, {"type": "Feature", "id": "vw_lem.fid--ce7fb1e_1a08fbfc439_-4e1", "geometry": {"type": "Point", "coordinates": [-68.7451, -31.8041]}, "geometry_name": "geom", "properties": {"lem_id": 697, "expte_siged": "1124-001042-1997-EXP", "coord_norte_pga07": 6481801.5, "coord_este_pga07": 2524136.5}, "bbox": [-68.7451, -31.8041, -68.7451, -31.8041]}, {"type": "Feature", "id": "vw_lem.fid--ce7fb1e_1a08fbfc439_-4e0", "geometry": {"type": "Point", "coordinates": [-69.4709, -30.5023]}, "geometry_name": "geom", "properties": {"lem_id": 698, "expte_siged": "1124-307048-1988-EXP", "coord_norte_pga07": 6626079.3, "coord_este_pga07": 2454798}, "bbox": [-69.4709, -30.5023, -69.4709, -30.5023]}, {"type": "Feature", "id": "vw_lem.fid--ce7fb1e_1a08fbfc439_-4df", "geometry": {"type": "Point", "coordinates": [-68.7154, -30.4426]}, "geometry_name": "geom", "properties": {"lem_id": 699, "expte_siged": "1124-338457-1993-EXP", "coord_norte_pga07": 6632747.2, "coord_este_pga07": 2527333.6}, "bbox": [-68.7154, -30.4426, -68.7154, -30.4426]}, {"type": "Feature", "id": "vw_lem.fid--ce7fb1e_1a08fbfc439_-4de", "geometry": {"type": "Point", "coordinates": [-69.6617, -31.2537]}, "geometry_name": "geom", "properties": {"lem_id": 701, "expte_siged": "1124-000191-2007-EXP", "coord_norte_pga07": 6542675.8, "coord_este_pga07": 2436970.8}, "bbox": [-69.6617, -31.2537, -69.6617, -31.2537]}, {"type": "Feature", "id": "vw_lem.fid--ce7fb1e_1a08fbfc439_-4dd", "geometry": {"type": "Point", "coordinates": [-70.3049, -31.2639]}, "geometry_name": "geom", "properties": {"lem_id": 702, "expte_siged": "1124-000080-2015-EXP", "coord_norte_pga07": 6541002, "coord_este_pga07": 2375713}, "bbox": [-70.3049, -31.2639, -70.3049, -31.2639]}, {"type": "Feature", "id": "vw_lem.fid--ce7fb1e_1a08fbfc439_-4dc", "geometry": {"type": "Point", "coordinates": [-69.6011, -31.1053]}, "geometry_name": "geom", "properties": {"lem_id": 703, "expte_siged": "1124-000225-2013-EXP", "coord_norte_pga07": 6559163.6, "coord_este_pga07": 2442657.3}, "bbox": [-69.6011, -31.1053, -69.6011, -31.1053]}, {"type": "Feature", "id": "vw_lem.fid--ce7fb1e_1a08fbfc439_-4db", "geometry": {"type": "Point", "coordinates": [-70.4245, -31.7335]}, "geometry_name": "geom", "properties": {"lem_id": 704, "expte_siged": "1124-000140-2008-EXP", "coord_norte_pga07": 6488779.8, "coord_este_pga07": 2364999.6}, "bbox": [-70.4245, -31.7335, -70.4245, -31.7335]}, {"type": "Feature", "id": "vw_lem.fid--ce7fb1e_1a08fbfc439_-4da", "geometry": {"type": "Point", "coordinates": [-68.9392, -30.7034]}, "geometry_name": "geom", "properties": {"lem_id": 705, "expte_siged": "1124-339154-1992-EXP", "coord_norte_pga07": 6603868.2, "coord_este_pga07": 2505826}, "bbox": [-68.9392, -30.7034, -68.9392, -30.7034]}, {"type": "Feature", "id": "vw_lem.fid--ce7fb1e_1a08fbfc439_-4d9", "geometry": {"type": "Point", "coordinates": [-69.387, -31.4494]}, "geometry_name": "geom", "properties": {"lem_id": 706, "expte_siged": "1124-000651-2010-EXP", "coord_norte_pga07": 6521097.3, "coord_este_pga07": 2463215.7}, "bbox": [-69.387, -31.4494, -69.387, -31.4494]}, {"type": "Feature", "id": "vw_lem.fid--ce7fb1e_1a08fbfc439_-4d8", "geometry": {"type": "Point", "coordinates": [-69.6123, -31.2033]}, "geometry_name": "geom", "properties": {"lem_id": 707, "expte_siged": "1124-000226-2013-EXP", "coord_norte_pga07": 6548287, "coord_este_pga07": 2441648}, "bbox": [-69.6123, -31.2033, -69.6123, -31.2033]}, {"type": "Feature", "id": "vw_lem.fid--ce7fb1e_1a08fbfc439_-4d7", "geometry": {"type": "Point", "coordinates": [-69.7544, -31.0941]}, "geometry_name": "geom", "properties": {"lem_id": 708, "expte_siged": "1124-000242-2013-EXP", "coord_norte_pga07": 6560314.2, "coord_este_pga07": 2428017.6}, "bbox": [-69.7544, -31.0941, -69.7544, -31.0941]}, {"type": "Feature", "id": "vw_lem.fid--ce7fb1e_1a08fbfc439_-4d6", "geometry": {"type": "Point", "coordinates": [-67.3043, -31.2189]}, "geometry_name": "geom", "properties": {"lem_id": 709, "expte_siged": "1124-000351-2014-EXP", "coord_norte_pga07": 6545484.3, "coord_este_pga07": 2661588.2}, "bbox": [-67.3043, -31.2189, -67.3043, -31.2189]}, {"type": "Feature", "id": "vw_lem.fid--ce7fb1e_1a08fbfc439_-4d5", "geometry": {"type": "Point", "coordinates": [-68.9547, -30.7525]}, "geometry_name": "geom", "properties": {"lem_id": 710, "expte_siged": "1124-000331-2011-EXP", "coord_norte_pga07": 6598429.9, "coord_este_pga07": 2504334.4}, "bbox": [-68.9547, -30.7525, -68.9547, -30.7525]}, {"type": "Feature", "id": "vw_lem.fid--ce7fb1e_1a08fbfc439_-4d4", "geometry": {"type": "Point", "coordinates": [-69.9013, -31.0935]}, "geometry_name": "geom", "properties": {"lem_id": 711, "expte_siged": "1124-000243-2013-EXP", "coord_norte_pga07": 6560279.6, "coord_este_pga07": 2414002.2}, "bbox": [-69.9013, -31.0935, -69.9013, -31.0935]}, {"type": "Feature", "id": "vw_lem.fid--ce7fb1e_1a08fbfc439_-4d3", "geometry": {"type": "Point", "coordinates": [-69.3394, -31.2818]}, "geometry_name": "geom", "properties": {"lem_id": 712, "expte_siged": "1124-000195-2007-EXP", "coord_norte_pga07": 6539693.3, "coord_este_pga07": 2467680.7}, "bbox": [-69.3394, -31.2818, -69.3394, -31.2818]}, {"type": "Feature", "id": "vw_lem.fid--ce7fb1e_1a08fbfc439_-4d2", "geometry": {"type": "Point", "coordinates": [-69.743, -31.2202]}, "geometry_name": "geom", "properties": {"lem_id": 713, "expte_siged": "1124-000244-2013-EXP", "coord_norte_pga07": 6546336.6, "coord_este_pga07": 2429203.4}, "bbox": [-69.743, -31.2202, -69.743, -31.2202]}, {"type": "Feature", "id": "vw_lem.fid--ce7fb1e_1a08fbfc439_-4d1", "geometry": {"type": "Point", "coordinates": [-69.7487, -31.2082]}, "geometry_name": "geom", "properties": {"lem_id": 714, "expte_siged": "1124-000245-2013-EXP", "coord_norte_pga07": 6547668.9, "coord_este_pga07": 2428653.1}, "bbox": [-69.7487, -31.2082, -69.7487, -31.2082]}, {"type": "Feature", "id": "vw_lem.fid--ce7fb1e_1a08fbfc439_-4d0", "geometry": {"type": "Point", "coordinates": [-69.8829, -29.8874]}, "geometry_name": "geom", "properties": {"lem_id": 715, "expte_siged": "1124-296781-1990-EXP", "coord_norte_pga07": 6694009.6, "coord_este_pga07": 2414710.9}, "bbox": [-69.8829, -29.8874, -69.8829, -29.8874]}, {"type": "Feature", "id": "vw_lem.fid--ce7fb1e_1a08fbfc439_-4cf", "geometry": {"type": "Point", "coordinates": [-70.1152, -32.3298]}, "geometry_name": "geom", "properties": {"lem_id": 716, "expte_siged": "1124-000306-2014-EXP", "coord_norte_pga07": 6423000, "coord_este_pga07": 2395000}, "bbox": [-70.1152, -32.3298, -70.1152, -32.3298]}, {"type": "Feature", "id": "vw_lem.fid--ce7fb1e_1a08fbfc439_-4ce", "geometry": {"type": "Point", "coordinates": [-68.6767, -29.6534]}, "geometry_name": "geom", "properties": {"lem_id": 717, "expte_siged": "1124-000211-2015-EXP", "coord_norte_pga07": 6720232.6, "coord_este_pga07": 2531300.8}, "bbox": [-68.6767, -29.6534, -68.6767, -29.6534]}, {"type": "Feature", "id": "vw_lem.fid--ce7fb1e_1a08fbfc439_-4cd", "geometry": {"type": "Point", "coordinates": [-69.4462, -29.7883]}, "geometry_name": "geom", "properties": {"lem_id": 718, "expte_siged": "1124-546536-1994-EXP", "coord_norte_pga07": 6705237.6, "coord_este_pga07": 2456854.8}, "bbox": [-69.4462, -29.7883, -69.4462, -29.7883]}, {"type": "Feature", "id": "vw_lem.fid--ce7fb1e_1a08fbfc439_-4cc", "geometry": {"type": "Point", "coordinates": [-69.5919, -29.7728]}, "geometry_name": "geom", "properties": {"lem_id": 719, "expte_siged": "1124-338980-1992-EXP", "coord_norte_pga07": 6706894, "coord_este_pga07": 2442757.8}, "bbox": [-69.5919, -29.7728, -69.5919, -29.7728]}, {"type": "Feature", "id": "vw_lem.fid--ce7fb1e_1a08fbfc439_-4cb", "geometry": {"type": "Point", "coordinates": [-70.1441, -30.7131]}, "geometry_name": "geom", "properties": {"lem_id": 720, "expte_siged": "1124-000530-2012-EXP", "coord_norte_pga07": 6602243, "coord_este_pga07": 2390401}, "bbox": [-70.1441, -30.7131, -70.1441, -30.7131]}, {"type": "Feature", "id": "vw_lem.fid--ce7fb1e_1a08fbfc439_-4ca", "geometry": {"type": "Point", "coordinates": [-70.1691, -30.7076]}, "geometry_name": "geom", "properties": {"lem_id": 721, "expte_siged": "1124-000479-2013-EXP", "coord_norte_pga07": 6602829, "coord_este_pga07": 2388000}, "bbox": [-70.1691, -30.7076, -70.1691, -30.7076]}, {"type": "Feature", "id": "vw_lem.fid--ce7fb1e_1a08fbfc439_-4c9", "geometry": {"type": "Point", "coordinates": [-69.2706, -28.461]}, "geometry_name": "geom", "properties": {"lem_id": 722, "expte_siged": "1124-000648-2012-EXP", "coord_norte_pga07": 6852400, "coord_este_pga07": 2473500}, "bbox": [-69.2706, -28.461, -69.2706, -28.461]}, {"type": "Feature", "id": "vw_lem.fid--ce7fb1e_1a08fbfc439_-4c8", "geometry": {"type": "Point", "coordinates": [-68.1211, -31.3009]}, "geometry_name": "geom", "properties": {"lem_id": 723, "expte_siged": "1124-000534-2012-EXP", "coord_norte_pga07": 6537300, "coord_este_pga07": 2583675}, "bbox": [-68.1211, -31.3009, -68.1211, -31.3009]}, {"type": "Feature", "id": "vw_lem.fid--ce7fb1e_1a08fbfc439_-4c7", "geometry": {"type": "Point", "coordinates": [-67.6222, -30.5703]}, "geometry_name": "geom", "properties": {"lem_id": 724, "expte_siged": "1124-000436-2009-HIST", "coord_norte_pga07": 6617818, "coord_este_pga07": 2632174}, "bbox": [-67.6222, -30.5703, -67.6222, -30.5703]}, {"type": "Feature", "id": "vw_lem.fid--ce7fb1e_1a08fbfc439_-4c6", "geometry": {"type": "Point", "coordinates": [-67.9971, -31.7126]}, "geometry_name": "geom", "properties": {"lem_id": 725, "expte_siged": "1124-295048-1990-EXP", "coord_norte_pga07": 6491543.5, "coord_este_pga07": 2595060.2}, "bbox": [-67.9971, -31.7126, -67.9971, -31.7126]}, {"type": "Feature", "id": "vw_lem.fid--ce7fb1e_1a08fbfc439_-4c5", "geometry": {"type": "Point", "coordinates": [-70.2666, -31.2161]}, "geometry_name": "geom", "properties": {"lem_id": 726, "expte_siged": "1124-000330-2015-EXP", "coord_norte_pga07": 6546340, "coord_este_pga07": 2379303}, "bbox": [-70.2666, -31.2161, -70.2666, -31.2161]}, {"type": "Feature", "id": "vw_lem.fid--ce7fb1e_1a08fbfc439_-4c4", "geometry": {"type": "Point", "coordinates": [-69.3955, -31.5675]}, "geometry_name": "geom", "properties": {"lem_id": 727, "expte_siged": "1124-000322-2015-EXP", "coord_norte_pga07": 6508005.9, "coord_este_pga07": 2462457.2}, "bbox": [-69.3955, -31.5675, -69.3955, -31.5675]}, {"type": "Feature", "id": "vw_lem.fid--ce7fb1e_1a08fbfc439_-4c3", "geometry": {"type": "Point", "coordinates": [-70.2229, -30.8822]}, "geometry_name": "geom", "properties": {"lem_id": 728, "expte_siged": "1124-000385-2015-EXP", "coord_norte_pga07": 6583411.7, "coord_este_pga07": 2383059.9}, "bbox": [-70.2229, -30.8822, -70.2229, -30.8822]}, {"type": "Feature", "id": "vw_lem.fid--ce7fb1e_1a08fbfc439_-4c2", "geometry": {"type": "Point", "coordinates": [-67.6213, -30.5844]}, "geometry_name": "geom", "properties": {"lem_id": 729, "expte_siged": "1124-295700-1989-EXP", "coord_norte_pga07": 6616256.6, "coord_este_pga07": 2632247.7}, "bbox": [-67.6213, -30.5844, -67.6213, -30.5844]}, {"type": "Feature", "id": "vw_lem.fid--ce7fb1e_1a08fbfc439_-4c1", "geometry": {"type": "Point", "coordinates": [-70.0821, -31.5996]}, "geometry_name": "geom", "properties": {"lem_id": 730, "expte_siged": "1124-000644-2012-EXP", "coord_norte_pga07": 6504000, "coord_este_pga07": 2397300}, "bbox": [-70.0821, -31.5996, -70.0821, -31.5996]}, {"type": "Feature", "id": "vw_lem.fid--ce7fb1e_1a08fbfc439_-4c0", "geometry": {"type": "Point", "coordinates": [-69.5284, -29.5745]}, "geometry_name": "geom", "properties": {"lem_id": 731, "expte_siged": "1124-000645-2012-EXP", "coord_norte_pga07": 6728900, "coord_este_pga07": 2448800}, "bbox": [-69.5284, -29.5745, -69.5284, -29.5745]}, {"type": "Feature", "id": "vw_lem.fid--ce7fb1e_1a08fbfc439_-4bf", "geometry": {"type": "Point", "coordinates": [-70.5144, -31.6046]}, "geometry_name": "geom", "properties": {"lem_id": 732, "expte_siged": "1124-000017-2016-EXP", "coord_norte_pga07": 6502960, "coord_este_pga07": 2356278}, "bbox": [-70.5144, -31.6046, -70.5144, -31.6046]}, {"type": "Feature", "id": "vw_lem.fid--ce7fb1e_1a08fbfc439_-4be", "geometry": {"type": "Point", "coordinates": [-68.5626, -29.8697]}, "geometry_name": "geom", "properties": {"lem_id": 733, "expte_siged": "1124-000423-2012-EXP", "coord_norte_pga07": 6696217.3, "coord_este_pga07": 2542257.4}, "bbox": [-68.5626, -29.8697, -68.5626, -29.8697]}, {"type": "Feature", "id": "vw_lem.fid--ce7fb1e_1a08fbfc439_-4bd", "geometry": {"type": "Point", "coordinates": [-69.6783, -29.1399]}, "geometry_name": "geom", "properties": {"lem_id": 734, "expte_siged": "1124-000181-2016-EXP", "coord_norte_pga07": 6777000, "coord_este_pga07": 2434000}, "bbox": [-69.6783, -29.1399, -69.6783, -29.1399]}, {"type": "Feature", "id": "vw_lem.fid--ce7fb1e_1a08fbfc439_-4bc", "geometry": {"type": "Point", "coordinates": [-68.7997, -31.5412]}, "geometry_name": "geom", "properties": {"lem_id": 735, "expte_siged": "1124-000041-2009-EXP", "coord_norte_pga07": 6510969.4, "coord_este_pga07": 2519021.5}, "bbox": [-68.7997, -31.5412, -68.7997, -31.5412]}, {"type": "Feature", "id": "vw_lem.fid--ce7fb1e_1a08fbfc439_-4bb", "geometry": {"type": "Point", "coordinates": [-69.6556, -30.7195]}, "geometry_name": "geom", "properties": {"lem_id": 736, "expte_siged": "1124-000486-2014-EXP", "coord_norte_pga07": 6601904, "coord_este_pga07": 2437203.8}, "bbox": [-69.6556, -30.7195, -69.6556, -30.7195]}, {"type": "Feature", "id": "vw_lem.fid--ce7fb1e_1a08fbfc439_-4ba", "geometry": {"type": "Point", "coordinates": [-70.2683, -31.4987]}, "geometry_name": "geom", "properties": {"lem_id": 737, "expte_siged": "1124-000353-2016-EXP", "coord_norte_pga07": 6515000, "coord_este_pga07": 2379500}, "bbox": [-70.2683, -31.4987, -70.2683, -31.4987]}, {"type": "Feature", "id": "vw_lem.fid--ce7fb1e_1a08fbfc439_-4b9", "geometry": {"type": "Point", "coordinates": [-68.9027, -31.3285]}, "geometry_name": "geom", "properties": {"lem_id": 738, "expte_siged": "1124-000356-2016-EXP", "coord_norte_pga07": 6534564, "coord_este_pga07": 2509258}, "bbox": [-68.9027, -31.3285, -68.9027, -31.3285]}, {"type": "Feature", "id": "vw_lem.fid--ce7fb1e_1a08fbfc439_-4b8", "geometry": {"type": "Point", "coordinates": [-70.1593, -30.9605]}, "geometry_name": "geom", "properties": {"lem_id": 739, "expte_siged": "1124-001334-1995-EXP", "coord_norte_pga07": 6574792.2, "coord_este_pga07": 2389232}, "bbox": [-70.1593, -30.9605, -70.1593, -30.9605]}, {"type": "Feature", "id": "vw_lem.fid--ce7fb1e_1a08fbfc439_-4b7", "geometry": {"type": "Point", "coordinates": [-68.9876, -30.6441]}, "geometry_name": "geom", "properties": {"lem_id": 740, "expte_siged": "1124-000428-2016-EXP", "coord_norte_pga07": 6610444.5, "coord_este_pga07": 2501190.1}, "bbox": [-68.9876, -30.6441, -68.9876, -30.6441]}, {"type": "Feature", "id": "vw_lem.fid--ce7fb1e_1a08fbfc439_-4b6", "geometry": {"type": "Point", "coordinates": [-69.6641, -31.0443]}, "geometry_name": "geom", "properties": {"lem_id": 741, "expte_siged": "1124-000434-2016-EXP", "coord_norte_pga07": 6565895.1, "coord_este_pga07": 2436600.1}, "bbox": [-69.6641, -31.0443, -69.6641, -31.0443]}, {"type": "Feature", "id": "vw_lem.fid--ce7fb1e_1a08fbfc439_-4b5", "geometry": {"type": "Point", "coordinates": [-68.579, -29.8559]}, "geometry_name": "geom", "properties": {"lem_id": 742, "expte_siged": "1124-000422-2012-EXP", "coord_norte_pga07": 6697750.7, "coord_este_pga07": 2540678.8}, "bbox": [-68.579, -29.8559, -68.579, -29.8559]}, {"type": "Feature", "id": "vw_lem.fid--ce7fb1e_1a08fbfc439_-4b4", "geometry": {"type": "Point", "coordinates": [-69.9244, -29.6311]}, "geometry_name": "geom", "properties": {"lem_id": 743, "expte_siged": "520-000561-1997-EXP", "coord_norte_pga07": 6722382.5, "coord_este_pga07": 2410481}, "bbox": [-69.9244, -29.6311, -69.9244, -29.6311]}, {"type": "Feature", "id": "vw_lem.fid--ce7fb1e_1a08fbfc439_-4b3", "geometry": {"type": "Point", "coordinates": [-68.9833, -30.9385]}, "geometry_name": "geom", "properties": {"lem_id": 744, "expte_siged": "1124-258072-1984-EXP", "coord_norte_pga07": 6577811.5, "coord_este_pga07": 2501591.2}, "bbox": [-68.9833, -30.9385, -68.9833, -30.9385]}, {"type": "Feature", "id": "vw_lem.fid--ce7fb1e_1a08fbfc439_-4b2", "geometry": {"type": "Point", "coordinates": [-67.6199, -30.5788]}, "geometry_name": "geom", "properties": {"lem_id": 745, "expte_siged": "1124-000552-2010-EXP", "coord_norte_pga07": 6616878.1, "coord_este_pga07": 2632386.3}, "bbox": [-67.6199, -30.5788, -67.6199, -30.5788]}, {"type": "Feature", "id": "vw_lem.fid--ce7fb1e_1a08fbfc439_-4b1", "geometry": {"type": "Point", "coordinates": [-69.8284, -29.9657]}, "geometry_name": "geom", "properties": {"lem_id": 746, "expte_siged": "1124-242981-1987-EXP", "coord_norte_pga07": 6685361.6, "coord_este_pga07": 2420037.4}, "bbox": [-69.8284, -29.9657, -69.8284, -29.9657]}, {"type": "Feature", "id": "vw_lem.fid--ce7fb1e_1a08fbfc439_-4b0", "geometry": {"type": "Point", "coordinates": [-67.4453, -30.6892]}, "geometry_name": "geom", "properties": {"lem_id": 747, "expte_siged": "1124-000324-2017-EXP", "coord_norte_pga07": 6604420.9, "coord_este_pga07": 2648965}, "bbox": [-67.4453, -30.6892, -67.4453, -30.6892]}, {"type": "Feature", "id": "vw_lem.fid--ce7fb1e_1a08fbfc439_-4af", "geometry": {"type": "Point", "coordinates": [-67.6073, -30.9866]}, "geometry_name": "geom", "properties": {"lem_id": 748, "expte_siged": "1124-000278-2017-EXP", "coord_norte_pga07": 6571646.1, "coord_este_pga07": 2633034.5}, "bbox": [-67.6073, -30.9866, -67.6073, -30.9866]}, {"type": "Feature", "id": "vw_lem.fid--ce7fb1e_1a08fbfc439_-4ae", "geometry": {"type": "Point", "coordinates": [-69.9532, -31.2798]}, "geometry_name": "geom", "properties": {"lem_id": 749, "expte_siged": "1124-000314-2017-EXP", "coord_norte_pga07": 6539578.8, "coord_este_pga07": 2409234}, "bbox": [-69.9532, -31.2798, -69.9532, -31.2798]}, {"type": "Feature", "id": "vw_lem.fid--ce7fb1e_1a08fbfc439_-4ad", "geometry": {"type": "Point", "coordinates": [-69.5127, -29.5153]}, "geometry_name": "geom", "properties": {"lem_id": 750, "expte_siged": "1124-000311-2017-EXP", "coord_norte_pga07": 6735468, "coord_este_pga07": 2450289.7}, "bbox": [-69.5127, -29.5153, -69.5127, -29.5153]}, {"type": "Feature", "id": "vw_lem.fid--ce7fb1e_1a08fbfc439_-4ac", "geometry": {"type": "Point", "coordinates": [-68.9914, -30.578]}, "geometry_name": "geom", "properties": {"lem_id": 751, "expte_siged": "1124-000623-2017-EXP", "coord_norte_pga07": 6617772, "coord_este_pga07": 2500827}, "bbox": [-68.9914, -30.578, -68.9914, -30.578]}, {"type": "Feature", "id": "vw_lem.fid--ce7fb1e_1a08fbfc439_-4ab", "geometry": {"type": "Point", "coordinates": [-68.9956, -30.5954]}, "geometry_name": "geom", "properties": {"lem_id": 752, "expte_siged": "1124-000622-2017-EXP", "coord_norte_pga07": 6615842, "coord_este_pga07": 2500420}, "bbox": [-68.9956, -30.5954, -68.9956, -30.5954]}, {"type": "Feature", "id": "vw_lem.fid--ce7fb1e_1a08fbfc439_-4aa", "geometry": {"type": "Point", "coordinates": [-70.4794, -31.5628]}, "geometry_name": "geom", "properties": {"lem_id": 753, "expte_siged": "1124-000265-2016-EXP", "coord_norte_pga07": 6507644, "coord_este_pga07": 2359539}, "bbox": [-70.4794, -31.5628, -70.4794, -31.5628]}, {"type": "Feature", "id": "vw_lem.fid--ce7fb1e_1a08fbfc439_-4a9", "geometry": {"type": "Point", "coordinates": [-67.559, -31.028]}, "geometry_name": "geom", "properties": {"lem_id": 754, "expte_siged": "1124-000076-2018-EXP", "coord_norte_pga07": 6566996, "coord_este_pga07": 2637587}, "bbox": [-67.559, -31.028, -67.559, -31.028]}, {"type": "Feature", "id": "vw_lem.fid--ce7fb1e_1a08fbfc439_-4a8", "geometry": {"type": "Point", "coordinates": [-69.8327, -29.6937]}, "geometry_name": "geom", "properties": {"lem_id": 755, "expte_siged": "1124-195264-1983-EXP", "coord_norte_pga07": 6715517.4, "coord_este_pga07": 2419407.4}, "bbox": [-69.8327, -29.6937, -69.8327, -29.6937]}, {"type": "Feature", "id": "vw_lem.fid--ce7fb1e_1a08fbfc439_-4a7", "geometry": {"type": "Point", "coordinates": [-69.5156, -30.5227]}, "geometry_name": "geom", "properties": {"lem_id": 756, "expte_siged": "1124-000311-2016-EXP", "coord_norte_pga07": 6623799, "coord_este_pga07": 2450510}, "bbox": [-69.5156, -30.5227, -69.5156, -30.5227]}, {"type": "Feature", "id": "vw_lem.fid--ce7fb1e_1a08fbfc439_-4a6", "geometry": {"type": "Point", "coordinates": [-70.1736, -30.6636]}, "geometry_name": "geom", "properties": {"lem_id": 757, "expte_siged": "1124-000167-2018-EXP", "coord_norte_pga07": 6607702.5, "coord_este_pga07": 2387518}, "bbox": [-70.1736, -30.6636, -70.1736, -30.6636]}, {"type": "Feature", "id": "vw_lem.fid--ce7fb1e_1a08fbfc439_-4a5", "geometry": {"type": "Point", "coordinates": [-68.5741, -29.8976]}, "geometry_name": "geom", "properties": {"lem_id": 758, "expte_siged": "1124-000283-2011-EXP", "coord_norte_pga07": 6693126.6, "coord_este_pga07": 2541135.4}, "bbox": [-68.5741, -29.8976, -68.5741, -29.8976]}, {"type": "Feature", "id": "vw_lem.fid--ce7fb1e_1a08fbfc439_-4a4", "geometry": {"type": "Point", "coordinates": [-70.3573, -31.1579]}, "geometry_name": "geom", "properties": {"lem_id": 759, "expte_siged": "1124-000600-2008-EXP", "coord_norte_pga07": 6552692, "coord_este_pga07": 2370577}, "bbox": [-70.3573, -31.1579, -70.3573, -31.1579]}, {"type": "Feature", "id": "vw_lem.fid--ce7fb1e_1a08fbfc439_-4a3", "geometry": {"type": "Point", "coordinates": [-69.3372, -31.3524]}, "geometry_name": "geom", "properties": {"lem_id": 760, "expte_siged": "1124-000628-2017-EXP", "coord_norte_pga07": 6531875, "coord_este_pga07": 2467915}, "bbox": [-69.3372, -31.3524, -69.3372, -31.3524]}, {"type": "Feature", "id": "vw_lem.fid--ce7fb1e_1a08fbfc439_-4a2", "geometry": {"type": "Point", "coordinates": [-69.8738, -31.2859]}, "geometry_name": "geom", "properties": {"lem_id": 761, "expte_siged": "1124-000319-2017-EXP", "coord_norte_pga07": 6538962, "coord_este_pga07": 2416801.2}, "bbox": [-69.8738, -31.2859, -69.8738, -31.2859]}, {"type": "Feature", "id": "vw_lem.fid--ce7fb1e_1a08fbfc439_-4a1", "geometry": {"type": "Point", "coordinates": [-69.8227, -31.5492]}, "geometry_name": "geom", "properties": {"lem_id": 762, "expte_siged": "1124-000221-2018-EXP", "coord_norte_pga07": 6509800, "coord_este_pga07": 2421881.9}, "bbox": [-69.8227, -31.5492, -69.8227, -31.5492]}, {"type": "Feature", "id": "vw_lem.fid--ce7fb1e_1a08fbfc439_-4a0", "geometry": {"type": "Point", "coordinates": [-69.9001, -31.3443]}, "geometry_name": "geom", "properties": {"lem_id": 763, "expte_siged": "1124-000238-2018-EXP", "coord_norte_pga07": 6532463.5, "coord_este_pga07": 2414347.6}, "bbox": [-69.9001, -31.3443, -69.9001, -31.3443]}, {"type": "Feature", "id": "vw_lem.fid--ce7fb1e_1a08fbfc439_-49f", "geometry": {"type": "Point", "coordinates": [-69.7314, -31.0246]}, "geometry_name": "geom", "properties": {"lem_id": 764, "expte_siged": "1124-000272-2018-EXP", "coord_norte_pga07": 6568032.9, "coord_este_pga07": 2430168}, "bbox": [-69.7314, -31.0246, -69.7314, -31.0246]}, {"type": "Feature", "id": "vw_lem.fid--ce7fb1e_1a08fbfc439_-49e", "geometry": {"type": "Point", "coordinates": [-69.7164, -31.0154]}, "geometry_name": "geom", "properties": {"lem_id": 765, "expte_siged": "1124-000273-2018-EXP", "coord_norte_pga07": 6569059.6, "coord_este_pga07": 2431585.9}, "bbox": [-69.7164, -31.0154, -69.7164, -31.0154]}, {"type": "Feature", "id": "vw_lem.fid--ce7fb1e_1a08fbfc439_-49d", "geometry": {"type": "Point", "coordinates": [-69.8325, -30.2491]}, "geometry_name": "geom", "properties": {"lem_id": 766, "expte_siged": "1124-000201-2017-EXP", "coord_norte_pga07": 6653944.9, "coord_este_pga07": 2419876.5}, "bbox": [-69.8325, -30.2491, -69.8325, -30.2491]}, {"type": "Feature", "id": "vw_lem.fid--ce7fb1e_1a08fbfc439_-49c", "geometry": {"type": "Point", "coordinates": [-69.7069, -30.7424]}, "geometry_name": "geom", "properties": {"lem_id": 767, "expte_siged": "1124-000068-2018-EXP", "coord_norte_pga07": 6599342, "coord_este_pga07": 2432304}, "bbox": [-69.7069, -30.7424, -69.7069, -30.7424]}, {"type": "Feature", "id": "vw_lem.fid--ce7fb1e_1a08fbfc439_-49b", "geometry": {"type": "Point", "coordinates": [-69.6124, -30.796]}, "geometry_name": "geom", "properties": {"lem_id": 768, "expte_siged": "1124-000297-2018-EXP", "coord_norte_pga07": 6593446, "coord_este_pga07": 2441386}, "bbox": [-69.6124, -30.796, -69.6124, -30.796]}, {"type": "Feature", "id": "vw_lem.fid--ce7fb1e_1a08fbfc439_-49a", "geometry": {"type": "Point", "coordinates": [-69.584, -30.7961]}, "geometry_name": "geom", "properties": {"lem_id": 769, "expte_siged": "1124-000298-2018-EXP", "coord_norte_pga07": 6593446, "coord_este_pga07": 2444108}, "bbox": [-69.584, -30.7961, -69.584, -30.7961]}, {"type": "Feature", "id": "vw_lem.fid--ce7fb1e_1a08fbfc439_-499", "geometry": {"type": "Point", "coordinates": [-69.6459, -30.8646]}, "geometry_name": "geom", "properties": {"lem_id": 770, "expte_siged": "1124-000275-2018-EXP", "coord_norte_pga07": 6585825.5, "coord_este_pga07": 2438223.8}, "bbox": [-69.6459, -30.8646, -69.6459, -30.8646]}, {"type": "Feature", "id": "vw_lem.fid--ce7fb1e_1a08fbfc439_-498", "geometry": {"type": "Point", "coordinates": [-69.6177, -30.8535]}, "geometry_name": "geom", "properties": {"lem_id": 771, "expte_siged": "1124-000275-2018-EXP", "coord_norte_pga07": 6587070.8, "coord_este_pga07": 2440919.9}, "bbox": [-69.6177, -30.8535, -69.6177, -30.8535]}, {"type": "Feature", "id": "vw_lem.fid--ce7fb1e_1a08fbfc439_-497", "geometry": {"type": "Point", "coordinates": [-69.4311, -28.5889]}, "geometry_name": "geom", "properties": {"lem_id": 772, "expte_siged": "1124-000321-2018-EXP", "coord_norte_pga07": 6838179, "coord_este_pga07": 2457829}, "bbox": [-69.4311, -28.5889, -69.4311, -28.5889]}, {"type": "Feature", "id": "vw_lem.fid--ce7fb1e_1a08fbfc439_-496", "geometry": {"type": "Point", "coordinates": [-69.3758, -28.4987]}, "geometry_name": "geom", "properties": {"lem_id": 773, "expte_siged": "1124-000322-2018-EXP", "coord_norte_pga07": 6848203, "coord_este_pga07": 2463207}, "bbox": [-69.3758, -28.4987, -69.3758, -28.4987]}, {"type": "Feature", "id": "vw_lem.fid--ce7fb1e_1a08fbfc439_-495", "geometry": {"type": "Point", "coordinates": [-69.7951, -29.3318]}, "geometry_name": "geom", "properties": {"lem_id": 774, "expte_siged": "1124-000320-2017-EXP", "coord_norte_pga07": 6755662, "coord_este_pga07": 2422773.7}, "bbox": [-69.7951, -29.3318, -69.7951, -29.3318]}, {"type": "Feature", "id": "vw_lem.fid--ce7fb1e_1a08fbfc439_-494", "geometry": {"type": "Point", "coordinates": [-69.3739, -31.4451]}, "geometry_name": "geom", "properties": {"lem_id": 775, "expte_siged": "1124-000405-2017-EXP", "coord_norte_pga07": 6521580, "coord_este_pga07": 2464460}, "bbox": [-69.3739, -31.4451, -69.3739, -31.4451]}, {"type": "Feature", "id": "vw_lem.fid--ce7fb1e_1a08fbfc439_-493", "geometry": {"type": "Point", "coordinates": [-68.8667, -30.7068]}, "geometry_name": "geom", "properties": {"lem_id": 776, "expte_siged": "1124-000161-2018-EXP", "coord_norte_pga07": 6603486.6, "coord_este_pga07": 2512767.1}, "bbox": [-68.8667, -30.7068, -68.8667, -30.7068]}, {"type": "Feature", "id": "vw_lem.fid--ce7fb1e_1a08fbfc439_-492", "geometry": {"type": "Point", "coordinates": [-70.0834, -31.4355]}, "geometry_name": "geom", "properties": {"lem_id": 777, "expte_siged": "1124-000321-2017-EXP", "coord_norte_pga07": 6522193, "coord_este_pga07": 2396999}, "bbox": [-70.0834, -31.4355, -70.0834, -31.4355]}, {"type": "Feature", "id": "vw_lem.fid--ce7fb1e_1a08fbfc439_-491", "geometry": {"type": "Point", "coordinates": [-67.398, -31.4607]}, "geometry_name": "geom", "properties": {"lem_id": 778, "expte_siged": "1124-000510-2013-EXP", "coord_norte_pga07": 6518805, "coord_este_pga07": 2652268}, "bbox": [-67.398, -31.4607, -67.398, -31.4607]}, {"type": "Feature", "id": "vw_lem.fid--ce7fb1e_1a08fbfc439_-490", "geometry": {"type": "Point", "coordinates": [-69.6231, -29.7868]}, "geometry_name": "geom", "properties": {"lem_id": 779, "expte_siged": "1124-338992-1992-EXP", "coord_norte_pga07": 6705320.6, "coord_este_pga07": 2439753.4}, "bbox": [-69.6231, -29.7868, -69.6231, -29.7868]}, {"type": "Feature", "id": "vw_lem.fid--ce7fb1e_1a08fbfc439_-48f", "geometry": {"type": "Point", "coordinates": [-69.6726, -30.4668]}, "geometry_name": "geom", "properties": {"lem_id": 780, "expte_siged": "1124-000437-2018-EXP", "coord_norte_pga07": 6629911.2, "coord_este_pga07": 2435405.3}, "bbox": [-69.6726, -30.4668, -69.6726, -30.4668]}, {"type": "Feature", "id": "vw_lem.fid--ce7fb1e_1a08fbfc439_-48e", "geometry": {"type": "Point", "coordinates": [-69.1935, -31.4798]}, "geometry_name": "geom", "properties": {"lem_id": 781, "expte_siged": "1124-000170-2018-EXP", "coord_norte_pga07": 6517780, "coord_este_pga07": 2481616.2}, "bbox": [-69.1935, -31.4798, -69.1935, -31.4798]}, {"type": "Feature", "id": "vw_lem.fid--ce7fb1e_1a08fbfc439_-48d", "geometry": {"type": "Point", "coordinates": [-69.6687, -30.4737]}, "geometry_name": "geom", "properties": {"lem_id": 782, "expte_siged": "1124-000444-2018-EXP", "coord_norte_pga07": 6629151.4, "coord_este_pga07": 2435784.8}, "bbox": [-69.6687, -30.4737, -69.6687, -30.4737]}, {"type": "Feature", "id": "vw_lem.fid--ce7fb1e_1a08fbfc439_-48c", "geometry": {"type": "Point", "coordinates": [-69.7423, -30.3863]}, "geometry_name": "geom", "properties": {"lem_id": 783, "expte_siged": "1124-000245-1996-EXP", "coord_norte_pga07": 6638791.6, "coord_este_pga07": 2428657.4}, "bbox": [-69.7423, -30.3863, -69.7423, -30.3863]}, {"type": "Feature", "id": "vw_lem.fid--ce7fb1e_1a08fbfc439_-48b", "geometry": {"type": "Point", "coordinates": [-69.7335, -30.3963]}, "geometry_name": "geom", "properties": {"lem_id": 784, "expte_siged": "1124-001212-1996-EXP", "coord_norte_pga07": 6637691.6, "coord_este_pga07": 2429507.4}, "bbox": [-69.7335, -30.3963, -69.7335, -30.3963]}, {"type": "Feature", "id": "vw_lem.fid--ce7fb1e_1a08fbfc439_-48a", "geometry": {"type": "Point", "coordinates": [-69.7084, -30.7774]}, "geometry_name": "geom", "properties": {"lem_id": 785, "expte_siged": "1124-000312-2017-EXP", "coord_norte_pga07": 6595453.6, "coord_este_pga07": 2432190.7}, "bbox": [-69.7084, -30.7774, -69.7084, -30.7774]}, {"type": "Feature", "id": "vw_lem.fid--ce7fb1e_1a08fbfc439_-489", "geometry": {"type": "Point", "coordinates": [-69.5112, -28.4725]}, "geometry_name": "geom", "properties": {"lem_id": 786, "expte_siged": "425-000066-2001-EXP", "coord_norte_pga07": 6851049.7, "coord_este_pga07": 2449940.1}, "bbox": [-69.5112, -28.4725, -69.5112, -28.4725]}, {"type": "Feature", "id": "vw_lem.fid--ce7fb1e_1a08fbfc439_-488", "geometry": {"type": "Point", "coordinates": [-69.5094, -28.4776]}, "geometry_name": "geom", "properties": {"lem_id": 787, "expte_siged": "425-000065-2001-EXP", "coord_norte_pga07": 6850483.9, "coord_este_pga07": 2450113.8}, "bbox": [-69.5094, -28.4776, -69.5094, -28.4776]}, {"type": "Feature", "id": "vw_lem.fid--ce7fb1e_1a08fbfc439_-487", "geometry": {"type": "Point", "coordinates": [-69.4654, -28.4452]}, "geometry_name": "geom", "properties": {"lem_id": 788, "expte_siged": "1124-000284-2014-EXP", "coord_norte_pga07": 6854094, "coord_este_pga07": 2454411}, "bbox": [-69.4654, -28.4452, -69.4654, -28.4452]}, {"type": "Feature", "id": "vw_lem.fid--ce7fb1e_1a08fbfc439_-486", "geometry": {"type": "Point", "coordinates": [-69.5943, -28.4217]}, "geometry_name": "geom", "properties": {"lem_id": 789, "expte_siged": "1124-000285-2014-EXP", "coord_norte_pga07": 6856650, "coord_este_pga07": 2441767}, "bbox": [-69.5943, -28.4217, -69.5943, -28.4217]}, {"type": "Feature", "id": "vw_lem.fid--ce7fb1e_1a08fbfc439_-485", "geometry": {"type": "Point", "coordinates": [-69.6229, -28.4306]}, "geometry_name": "geom", "properties": {"lem_id": 790, "expte_siged": "520-000447-1999-EXP", "coord_norte_pga07": 6855641.9, "coord_este_pga07": 2438970.9}, "bbox": [-69.6229, -28.4306, -69.6229, -28.4306]}, {"type": "Feature", "id": "vw_lem.fid--ce7fb1e_1a08fbfc439_-484", "geometry": {"type": "Point", "coordinates": [-69.9013, -29.1934]}, "geometry_name": "geom", "properties": {"lem_id": 791, "expte_siged": "1124-338956-1992-EXP", "coord_norte_pga07": 6770923.3, "coord_este_pga07": 2412339}, "bbox": [-69.9013, -29.1934, -69.9013, -29.1934]}, {"type": "Feature", "id": "vw_lem.fid--ce7fb1e_1a08fbfc439_-483", "geometry": {"type": "Point", "coordinates": [-69.9305, -29.2428]}, "geometry_name": "geom", "properties": {"lem_id": 792, "expte_siged": "1124-338964-1992-EXP", "coord_norte_pga07": 6765423.3, "coord_este_pga07": 2409539}, "bbox": [-69.9305, -29.2428, -69.9305, -29.2428]}, {"type": "Feature", "id": "vw_lem.fid--ce7fb1e_1a08fbfc439_-482", "geometry": {"type": "Point", "coordinates": [-69.931, -29.2879]}, "geometry_name": "geom", "properties": {"lem_id": 793, "expte_siged": "1124-338974-1992-EXP", "coord_norte_pga07": 6760423.3, "coord_este_pga07": 2409539}, "bbox": [-69.931, -29.2879, -69.931, -29.2879]}, {"type": "Feature", "id": "vw_lem.fid--ce7fb1e_1a08fbfc439_-481", "geometry": {"type": "Point", "coordinates": [-69.5343, -30.5376]}, "geometry_name": "geom", "properties": {"lem_id": 794, "expte_siged": "1124-000164-2006-EXP", "coord_norte_pga07": 6622136.9, "coord_este_pga07": 2448726.8}, "bbox": [-69.5343, -30.5376, -69.5343, -30.5376]}, {"type": "Feature", "id": "vw_lem.fid--ce7fb1e_1a08fbfc439_-480", "geometry": {"type": "Point", "coordinates": [-69.5374, -30.5585]}, "geometry_name": "geom", "properties": {"lem_id": 795, "expte_siged": "1124-000165-2006-EXP", "coord_norte_pga07": 6619809.9, "coord_este_pga07": 2448437.8}, "bbox": [-69.5374, -30.5585, -69.5374, -30.5585]}, {"type": "Feature", "id": "vw_lem.fid--ce7fb1e_1a08fbfc439_-47f", "geometry": {"type": "Point", "coordinates": [-69.5205, -30.5463]}, "geometry_name": "geom", "properties": {"lem_id": 796, "expte_siged": "1124-000166-2006-EXP", "coord_norte_pga07": 6621174.9, "coord_este_pga07": 2450056.8}, "bbox": [-69.5205, -30.5463, -69.5205, -30.5463]}, {"type": "Feature", "id": "vw_lem.fid--ce7fb1e_1a08fbfc439_-47e", "geometry": {"type": "Point", "coordinates": [-69.8973, -30.0837]}, "geometry_name": "geom", "properties": {"lem_id": 797, "expte_siged": "1124-339131-1992-EXP", "coord_norte_pga07": 6672233.6, "coord_este_pga07": 2413492.4}, "bbox": [-69.8973, -30.0837, -69.8973, -30.0837]}, {"type": "Feature", "id": "vw_lem.fid--ce7fb1e_1a08fbfc439_-47d", "geometry": {"type": "Point", "coordinates": [-69.9067, -29.9781]}, "geometry_name": "geom", "properties": {"lem_id": 798, "expte_siged": "1124-339067-1992-EXP", "coord_norte_pga07": 6683933.6, "coord_este_pga07": 2412492.5}, "bbox": [-69.9067, -29.9781, -69.9067, -29.9781]}, {"type": "Feature", "id": "vw_lem.fid--ce7fb1e_1a08fbfc439_-47c", "geometry": {"type": "Point", "coordinates": [-69.905, -30.0142]}, "geometry_name": "geom", "properties": {"lem_id": 799, "expte_siged": "1124-339075-1992-EXP", "coord_norte_pga07": 6679933.6, "coord_este_pga07": 2412692.4}, "bbox": [-69.905, -30.0142, -69.905, -30.0142]}, {"type": "Feature", "id": "vw_lem.fid--ce7fb1e_1a08fbfc439_-47b", "geometry": {"type": "Point", "coordinates": [-69.8087, -30.0256]}, "geometry_name": "geom", "properties": {"lem_id": 800, "expte_siged": "1124-339111-1992-EXP", "coord_norte_pga07": 6678733.6, "coord_este_pga07": 2421992.4}, "bbox": [-69.8087, -30.0256, -69.8087, -30.0256]}, {"type": "Feature", "id": "vw_lem.fid--ce7fb1e_1a08fbfc439_-47a", "geometry": {"type": "Point", "coordinates": [-69.8656, -30.0118]}, "geometry_name": "geom", "properties": {"lem_id": 801, "expte_siged": "1124-339088-1992-EXP", "coord_norte_pga07": 6680233.6, "coord_este_pga07": 2416492.4}, "bbox": [-69.8656, -30.0118, -69.8656, -30.0118]}, {"type": "Feature", "id": "vw_lem.fid--ce7fb1e_1a08fbfc439_-479", "geometry": {"type": "Point", "coordinates": [-69.9078, -30.1017]}, "geometry_name": "geom", "properties": {"lem_id": 802, "expte_siged": "1124-339139-1992-EXP", "coord_norte_pga07": 6670233.6, "coord_este_pga07": 2412492.4}, "bbox": [-69.9078, -30.1017, -69.9078, -30.1017]}, {"type": "Feature", "id": "vw_lem.fid--ce7fb1e_1a08fbfc439_-478", "geometry": {"type": "Point", "coordinates": [-69.9387, -30.0744]}, "geometry_name": "geom", "properties": {"lem_id": 803, "expte_siged": "1124-339124-1992-EXP", "coord_norte_pga07": 6673233.6, "coord_este_pga07": 2409492.5}, "bbox": [-69.9387, -30.0744, -69.9387, -30.0744]}, {"type": "Feature", "id": "vw_lem.fid--ce7fb1e_1a08fbfc439_-477", "geometry": {"type": "Point", "coordinates": [-69.8865, -30.0387]}, "geometry_name": "geom", "properties": {"lem_id": 804, "expte_siged": "1124-339104-1992-EXP", "coord_norte_pga07": 6677233.6, "coord_este_pga07": 2414492.4}, "bbox": [-69.8865, -30.0387, -69.8865, -30.0387]}, {"type": "Feature", "id": "vw_lem.fid--ce7fb1e_1a08fbfc439_-476", "geometry": {"type": "Point", "coordinates": [-69.8403, -30.0421]}, "geometry_name": "geom", "properties": {"lem_id": 805, "expte_siged": "1124-339108-1992-EXP", "coord_norte_pga07": 6676883.6, "coord_este_pga07": 2418958}, "bbox": [-69.8403, -30.0421, -69.8403, -30.0421]}, {"type": "Feature", "id": "vw_lem.fid--ce7fb1e_1a08fbfc439_-475", "geometry": {"type": "Point", "coordinates": [-69.8972, -30.0657]}, "geometry_name": "geom", "properties": {"lem_id": 806, "expte_siged": "1124-339121-1992-EXP", "coord_norte_pga07": 6674233.9, "coord_este_pga07": 2413492.2}, "bbox": [-69.8972, -30.0657, -69.8972, -30.0657]}, {"type": "Feature", "id": "vw_lem.fid--ce7fb1e_1a08fbfc439_-474", "geometry": {"type": "Point", "coordinates": [-68.8473, -29.7185]}, "geometry_name": "geom", "properties": {"lem_id": 807, "expte_siged": "1124-000182-2016-EXP", "coord_norte_pga07": 6713043, "coord_este_pga07": 2514770}, "bbox": [-68.8473, -29.7185, -68.8473, -29.7185]}, {"type": "Feature", "id": "vw_lem.fid--ce7fb1e_1a08fbfc439_-473", "geometry": {"type": "Point", "coordinates": [-68.7807, -29.7115]}, "geometry_name": "geom", "properties": {"lem_id": 808, "expte_siged": "1124-000184-2016-EXP", "coord_norte_pga07": 6713807, "coord_este_pga07": 2521222}, "bbox": [-68.7807, -29.7115, -68.7807, -29.7115]}, {"type": "Feature", "id": "vw_lem.fid--ce7fb1e_1a08fbfc439_-472", "geometry": {"type": "Point", "coordinates": [-69.6788, -30.4889]}, "geometry_name": "geom", "properties": {"lem_id": 809, "expte_siged": "1124-181898-1991-EXP", "coord_norte_pga07": 6627453.3, "coord_este_pga07": 2434826.4}, "bbox": [-69.6788, -30.4889, -69.6788, -30.4889]}, {"type": "Feature", "id": "vw_lem.fid--ce7fb1e_1a08fbfc439_-471", "geometry": {"type": "Point", "coordinates": [-69.6919, -30.5144]}, "geometry_name": "geom", "properties": {"lem_id": 810, "expte_siged": "1124-181899-1991-EXP", "coord_norte_pga07": 6624628.3, "coord_este_pga07": 2433585}, "bbox": [-69.6919, -30.5144, -69.6919, -30.5144]}, {"type": "Feature", "id": "vw_lem.fid--ce7fb1e_1a08fbfc439_-470", "geometry": {"type": "Point", "coordinates": [-69.7292, -30.537]}, "geometry_name": "geom", "properties": {"lem_id": 811, "expte_siged": "1124-339139-1993-EXP", "coord_norte_pga07": 6622092.9, "coord_este_pga07": 2430021.9}, "bbox": [-69.7292, -30.537, -69.7292, -30.537]}, {"type": "Feature", "id": "vw_lem.fid--ce7fb1e_1a08fbfc439_-46f", "geometry": {"type": "Point", "coordinates": [-69.7052, -30.5162]}, "geometry_name": "geom", "properties": {"lem_id": 812, "expte_siged": "1124-182064-1991-EXP", "coord_norte_pga07": 6624415.3, "coord_este_pga07": 2432308.5}, "bbox": [-69.7052, -30.5162, -69.7052, -30.5162]}, {"type": "Feature", "id": "vw_lem.fid--ce7fb1e_1a08fbfc439_-46e", "geometry": {"type": "Point", "coordinates": [-70.1489, -30.7932]}, "geometry_name": "geom", "properties": {"lem_id": 813, "expte_siged": "1124-000530-2018-EXP", "coord_norte_pga07": 6593349.3, "coord_este_pga07": 2390037.3}, "bbox": [-70.1489, -30.7932, -70.1489, -30.7932]}, {"type": "Feature", "id": "vw_lem.fid--ce7fb1e_1a08fbfc439_-46d", "geometry": {"type": "Point", "coordinates": [-69.8064, -31.4839]}, "geometry_name": "geom", "properties": {"lem_id": 814, "expte_siged": "1124-000536-2018-EXP", "coord_norte_pga07": 6517061, "coord_este_pga07": 2423377}, "bbox": [-69.8064, -31.4839, -69.8064, -31.4839]}, {"type": "Feature", "id": "vw_lem.fid--ce7fb1e_1a08fbfc439_-46c", "geometry": {"type": "Point", "coordinates": [-70.1385, -30.8026]}, "geometry_name": "geom", "properties": {"lem_id": 815, "expte_siged": "1124-000531-2018-EXP", "coord_norte_pga07": 6592318.1, "coord_este_pga07": 2391042.6}, "bbox": [-70.1385, -30.8026, -70.1385, -30.8026]}, {"type": "Feature", "id": "vw_lem.fid--ce7fb1e_1a08fbfc439_-46b", "geometry": {"type": "Point", "coordinates": [-70.4923, -31.2762]}, "geometry_name": "geom", "properties": {"lem_id": 816, "expte_siged": "1124-000537-2018-EXP", "coord_norte_pga07": 6539412, "coord_este_pga07": 2357883}, "bbox": [-70.4923, -31.2762, -70.4923, -31.2762]}, {"type": "Feature", "id": "vw_lem.fid--ce7fb1e_1a08fbfc439_-46a", "geometry": {"type": "Point", "coordinates": [-67.6101, -30.6056]}, "geometry_name": "geom", "properties": {"lem_id": 817, "expte_siged": "1124-156937-1975-EXP", "coord_norte_pga07": 6613889.5, "coord_este_pga07": 2633289.8}, "bbox": [-67.6101, -30.6056, -67.6101, -30.6056]}, {"type": "Feature", "id": "vw_lem.fid--ce7fb1e_1a08fbfc439_-469", "geometry": {"type": "Point", "coordinates": [-67.6331, -30.5905]}, "geometry_name": "geom", "properties": {"lem_id": 818, "expte_siged": "1124-000440-2011-EXP", "coord_norte_pga07": 6615596, "coord_este_pga07": 2631102.8}, "bbox": [-67.6331, -30.5905, -67.6331, -30.5905]}, {"type": "Feature", "id": "vw_lem.fid--ce7fb1e_1a08fbfc439_-468", "geometry": {"type": "Point", "coordinates": [-70.1558, -31.2227]}, "geometry_name": "geom", "properties": {"lem_id": 819, "expte_siged": "1124-000104-2014-EXP", "coord_norte_pga07": 6545723.1, "coord_este_pga07": 2389869.1}, "bbox": [-70.1558, -31.2227, -70.1558, -31.2227]}, {"type": "Feature", "id": "vw_lem.fid--ce7fb1e_1a08fbfc439_-467", "geometry": {"type": "Point", "coordinates": [-70.1804, -31.208]}, "geometry_name": "geom", "properties": {"lem_id": 820, "expte_siged": "1124-000103-2014-EXP", "coord_norte_pga07": 6547324.2, "coord_este_pga07": 2387512.2}, "bbox": [-70.1804, -31.208, -70.1804, -31.208]}, {"type": "Feature", "id": "vw_lem.fid--ce7fb1e_1a08fbfc439_-466", "geometry": {"type": "Point", "coordinates": [-70.28, -31.0071]}, "geometry_name": "geom", "properties": {"lem_id": 821, "expte_siged": "1124-000322-2017-EXP", "coord_norte_pga07": 6569495, "coord_este_pga07": 2377754}, "bbox": [-70.28, -31.0071, -70.28, -31.0071]}, {"type": "Feature", "id": "vw_lem.fid--ce7fb1e_1a08fbfc439_-465", "geometry": {"type": "Point", "coordinates": [-69.6717, -31.0609]}, "geometry_name": "geom", "properties": {"lem_id": 822, "expte_siged": "1124-000552-2018-EXP", "coord_norte_pga07": 6564050.4, "coord_este_pga07": 2435889.5}, "bbox": [-69.6717, -31.0609, -69.6717, -31.0609]}, {"type": "Feature", "id": "vw_lem.fid--ce7fb1e_1a08fbfc439_-464", "geometry": {"type": "Point", "coordinates": [-68.9742, -30.6265]}, "geometry_name": "geom", "properties": {"lem_id": 823, "expte_siged": "1124-000045-2019-EXP", "coord_norte_pga07": 6612402, "coord_este_pga07": 2502475}, "bbox": [-68.9742, -30.6265, -68.9742, -30.6265]}, {"type": "Feature", "id": "vw_lem.fid--ce7fb1e_1a08fbfc439_-463", "geometry": {"type": "Point", "coordinates": [-70.2544, -31.1641]}, "geometry_name": "geom", "properties": {"lem_id": 824, "expte_siged": "1124-000519-2018-EXP", "coord_norte_pga07": 6552122, "coord_este_pga07": 2380396}, "bbox": [-70.2544, -31.1641, -70.2544, -31.1641]}, {"type": "Feature", "id": "vw_lem.fid--ce7fb1e_1a08fbfc439_-462", "geometry": {"type": "Point", "coordinates": [-69.9076, -31.4893]}, "geometry_name": "geom", "properties": {"lem_id": 825, "expte_siged": "1124-000556-2018-EXP", "coord_norte_pga07": 6516387, "coord_este_pga07": 2413760}, "bbox": [-69.9076, -31.4893, -69.9076, -31.4893]}, {"type": "Feature", "id": "vw_lem.fid--ce7fb1e_1a08fbfc439_-461", "geometry": {"type": "Point", "coordinates": [-68.0256, -30.2026]}, "geometry_name": "geom", "properties": {"lem_id": 826, "expte_siged": "1124-000514-2018-EXP", "coord_norte_pga07": 6658986.4, "coord_este_pga07": 2593826.9}, "bbox": [-68.0256, -30.2026, -68.0256, -30.2026]}, {"type": "Feature", "id": "vw_lem.fid--ce7fb1e_1a08fbfc439_-460", "geometry": {"type": "Point", "coordinates": [-70.2517, -31.2873]}, "geometry_name": "geom", "properties": {"lem_id": 827, "expte_siged": "1124-000086-2019-EXP", "coord_norte_pga07": 6538456.2, "coord_este_pga07": 2380810.5}, "bbox": [-70.2517, -31.2873, -70.2517, -31.2873]}, {"type": "Feature", "id": "vw_lem.fid--ce7fb1e_1a08fbfc439_-45f", "geometry": {"type": "Point", "coordinates": [-69.7437, -30.8242]}, "geometry_name": "geom", "properties": {"lem_id": 828, "expte_siged": "1124-000078-2019-EXP", "coord_norte_pga07": 6590241.5, "coord_este_pga07": 2428840.7}, "bbox": [-69.7437, -30.8242, -69.7437, -30.8242]}, {"type": "Feature", "id": "vw_lem.fid--ce7fb1e_1a08fbfc439_-45e", "geometry": {"type": "Point", "coordinates": [-70.3343, -31.3613]}, "geometry_name": "geom", "properties": {"lem_id": 829, "expte_siged": "1124-000085-2019-EXP", "coord_norte_pga07": 6530165.3, "coord_este_pga07": 2373042.6}, "bbox": [-70.3343, -31.3613, -70.3343, -31.3613]}, {"type": "Feature", "id": "vw_lem.fid--ce7fb1e_1a08fbfc439_-45d", "geometry": {"type": "Point", "coordinates": [-69.9302, -31.3441]}, "geometry_name": "geom", "properties": {"lem_id": 830, "expte_siged": "1124-000087-2019-EXP", "coord_norte_pga07": 6532469, "coord_este_pga07": 2411480}, "bbox": [-69.9302, -31.3441, -69.9302, -31.3441]}, {"type": "Feature", "id": "vw_lem.fid--ce7fb1e_1a08fbfc439_-45c", "geometry": {"type": "Point", "coordinates": [-69.9243, -31.3739]}, "geometry_name": "geom", "properties": {"lem_id": 831, "expte_siged": "1124-000088-2019-EXP", "coord_norte_pga07": 6529164, "coord_este_pga07": 2412069}, "bbox": [-69.9243, -31.3739, -69.9243, -31.3739]}, {"type": "Feature", "id": "vw_lem.fid--ce7fb1e_1a08fbfc439_-45b", "geometry": {"type": "Point", "coordinates": [-69.8928, -31.4079]}, "geometry_name": "geom", "properties": {"lem_id": 832, "expte_siged": "1124-000089-2019-EXP", "coord_norte_pga07": 6525423, "coord_este_pga07": 2415096}, "bbox": [-69.8928, -31.4079, -69.8928, -31.4079]}, {"type": "Feature", "id": "vw_lem.fid--ce7fb1e_1a08fbfc439_-45a", "geometry": {"type": "Point", "coordinates": [-69.8959, -31.4387]}, "geometry_name": "geom", "properties": {"lem_id": 833, "expte_siged": "1124-000090-2019-EXP", "coord_norte_pga07": 6522002, "coord_este_pga07": 2414833}, "bbox": [-69.8959, -31.4387, -69.8959, -31.4387]}, {"type": "Feature", "id": "vw_lem.fid--ce7fb1e_1a08fbfc439_-459", "geometry": {"type": "Point", "coordinates": [-69.8632, -31.4019]}, "geometry_name": "geom", "properties": {"lem_id": 834, "expte_siged": "1124-000091-2019-EXP", "coord_norte_pga07": 6526114, "coord_este_pga07": 2417902}, "bbox": [-69.8632, -31.4019, -69.8632, -31.4019]}, {"type": "Feature", "id": "vw_lem.fid--ce7fb1e_1a08fbfc439_-458", "geometry": {"type": "Point", "coordinates": [-69.8614, -31.4358]}, "geometry_name": "geom", "properties": {"lem_id": 835, "expte_siged": "1124-000092-2019-EXP", "coord_norte_pga07": 6522355, "coord_este_pga07": 2418110}, "bbox": [-69.8614, -31.4358, -69.8614, -31.4358]}, {"type": "Feature", "id": "vw_lem.fid--ce7fb1e_1a08fbfc439_-457", "geometry": {"type": "Point", "coordinates": [-69.7233, -30.0806]}, "geometry_name": "geom", "properties": {"lem_id": 836, "expte_siged": "1124-000106-2019-EXP", "coord_norte_pga07": 6672698, "coord_este_pga07": 2430270}, "bbox": [-69.7233, -30.0806, -69.7233, -30.0806]}, {"type": "Feature", "id": "vw_lem.fid--ce7fb1e_1a08fbfc439_-456", "geometry": {"type": "Point", "coordinates": [-70.2648, -31.0549]}, "geometry_name": "geom", "properties": {"lem_id": 837, "expte_siged": "425-000213-2003-EXP", "coord_norte_pga07": 6564216.5, "coord_este_pga07": 2379271}, "bbox": [-70.2648, -31.0549, -70.2648, -31.0549]}, {"type": "Feature", "id": "vw_lem.fid--ce7fb1e_1a08fbfc439_-455", "geometry": {"type": "Point", "coordinates": [-70.4732, -31.2956]}, "geometry_name": "geom", "properties": {"lem_id": 838, "expte_siged": "1124-000079-2019-EXP", "coord_norte_pga07": 6537277.6, "coord_este_pga07": 2359730.5}, "bbox": [-70.4732, -31.2956, -70.4732, -31.2956]}, {"type": "Feature", "id": "vw_lem.fid--ce7fb1e_1a08fbfc439_-454", "geometry": {"type": "Point", "coordinates": [-70.4678, -31.3198]}, "geometry_name": "geom", "properties": {"lem_id": 839, "expte_siged": "1124-000080-2019-EXP", "coord_norte_pga07": 6534609, "coord_este_pga07": 2360283}, "bbox": [-70.4678, -31.3198, -70.4678, -31.3198]}, {"type": "Feature", "id": "vw_lem.fid--ce7fb1e_1a08fbfc439_-453", "geometry": {"type": "Point", "coordinates": [-69.8581, -31.4834]}, "geometry_name": "geom", "properties": {"lem_id": 840, "expte_siged": "1124-000556-2018-EXP", "coord_norte_pga07": 6517077, "coord_este_pga07": 2418459}, "bbox": [-69.8581, -31.4834, -69.8581, -31.4834]}, {"type": "Feature", "id": "vw_lem.fid--ce7fb1e_1a08fbfc439_-452", "geometry": {"type": "Point", "coordinates": [-69.0331, -30.2029]}, "geometry_name": "geom", "properties": {"lem_id": 841, "expte_siged": "1124-000038-2019-EXP", "coord_norte_pga07": 6659357, "coord_este_pga07": 2496811}, "bbox": [-69.0331, -30.2029, -69.0331, -30.2029]}, {"type": "Feature", "id": "vw_lem.fid--ce7fb1e_1a08fbfc439_-451", "geometry": {"type": "Point", "coordinates": [-69.9203, -32.4455]}, "geometry_name": "geom", "properties": {"lem_id": 842, "expte_siged": "1124-000408-2011-EXP", "coord_norte_pga07": 6410341.9, "coord_este_pga07": 2413458.9}, "bbox": [-69.9203, -32.4455, -69.9203, -32.4455]}, {"type": "Feature", "id": "vw_lem.fid--ce7fb1e_1a08fbfc439_-450", "geometry": {"type": "Point", "coordinates": [-70.3566, -31.2801]}, "geometry_name": "geom", "properties": {"lem_id": 844, "expte_siged": "1124-425163-2002-EXP", "coord_norte_pga07": 6539138, "coord_este_pga07": 2370812}, "bbox": [-70.3566, -31.2801, -70.3566, -31.2801]}, {"type": "Feature", "id": "vw_lem.fid--ce7fb1e_1a08fbfc439_-44f", "geometry": {"type": "Point", "coordinates": [-70.2615, -30.8801]}, "geometry_name": "geom", "properties": {"lem_id": 845, "expte_siged": "1124-000009-2018-EXP", "coord_norte_pga07": 6583603.1, "coord_este_pga07": 2379364.1}, "bbox": [-70.2615, -30.8801, -70.2615, -30.8801]}, {"type": "Feature", "id": "vw_lem.fid--ce7fb1e_1a08fbfc439_-44e", "geometry": {"type": "Point", "coordinates": [-70.2851, -30.8792]}, "geometry_name": "geom", "properties": {"lem_id": 846, "expte_siged": "1124-000008-2018-EXP", "coord_norte_pga07": 6583676.4, "coord_este_pga07": 2377106.3}, "bbox": [-70.2851, -30.8792, -70.2851, -30.8792]}, {"type": "Feature", "id": "vw_lem.fid--ce7fb1e_1a08fbfc439_-44d", "geometry": {"type": "Point", "coordinates": [-70.3381, -31.2965]}, "geometry_name": "geom", "properties": {"lem_id": 847, "expte_siged": "1124-000328-2019-EXP", "coord_norte_pga07": 6537345, "coord_este_pga07": 2372595}, "bbox": [-70.3381, -31.2965, -70.3381, -31.2965]}, {"type": "Feature", "id": "vw_lem.fid--ce7fb1e_1a08fbfc439_-44c", "geometry": {"type": "Point", "coordinates": [-69.5217, -30.6557]}, "geometry_name": "geom", "properties": {"lem_id": 848, "expte_siged": "1124-000353-2019-EXP", "coord_norte_pga07": 6609050, "coord_este_pga07": 2450000}, "bbox": [-69.5217, -30.6557, -69.5217, -30.6557]}, {"type": "Feature", "id": "vw_lem.fid--ce7fb1e_1a08fbfc439_-44b", "geometry": {"type": "Point", "coordinates": [-69.584, -30.7961]}, "geometry_name": "geom", "properties": {"lem_id": 849, "expte_siged": "1124-000298-2018-EXP", "coord_norte_pga07": 6593446, "coord_este_pga07": 2444108}, "bbox": [-69.584, -30.7961, -69.584, -30.7961]}, {"type": "Feature", "id": "vw_lem.fid--ce7fb1e_1a08fbfc439_-44a", "geometry": {"type": "Point", "coordinates": [-69.598, -30.7946]}, "geometry_name": "geom", "properties": {"lem_id": 850, "expte_siged": "1124-000258-1996-EXP", "coord_norte_pga07": 6593610.4, "coord_este_pga07": 2442761.6}, "bbox": [-69.598, -30.7946, -69.598, -30.7946]}, {"type": "Feature", "id": "vw_lem.fid--ce7fb1e_1a08fbfc439_-449", "geometry": {"type": "Point", "coordinates": [-69.6323, -30.5411]}, "geometry_name": "geom", "properties": {"lem_id": 851, "expte_siged": "1124-000443-2018-EXP", "coord_norte_pga07": 6621696, "coord_este_pga07": 2439321.1}, "bbox": [-69.6323, -30.5411, -69.6323, -30.5411]}, {"type": "Feature", "id": "vw_lem.fid--ce7fb1e_1a08fbfc439_-448", "geometry": {"type": "Point", "coordinates": [-69.6533, -29.0967]}, "geometry_name": "geom", "properties": {"lem_id": 852, "expte_siged": "1124-000485-2019-EXP", "coord_norte_pga07": 6781800, "coord_este_pga07": 2436400}, "bbox": [-69.6533, -29.0967, -69.6533, -29.0967]}, {"type": "Feature", "id": "vw_lem.fid--ce7fb1e_1a08fbfc439_-447", "geometry": {"type": "Point", "coordinates": [-70.3551, -31.3107]}, "geometry_name": "geom", "properties": {"lem_id": 853, "expte_siged": "1124-000567-2019-EXP", "coord_norte_pga07": 6535746.6, "coord_este_pga07": 2370999.3}, "bbox": [-70.3551, -31.3107, -70.3551, -31.3107]}, {"type": "Feature", "id": "vw_lem.fid--ce7fb1e_1a08fbfc439_-446", "geometry": {"type": "Point", "coordinates": [-70.194, -31.9684]}, "geometry_name": "geom", "properties": {"lem_id": 854, "expte_siged": "1124-000050-2020-EXP", "coord_norte_pga07": 6462988.8, "coord_este_pga07": 2387134.2}, "bbox": [-70.194, -31.9684, -70.194, -31.9684]}, {"type": "Feature", "id": "vw_lem.fid--ce7fb1e_1a08fbfc439_-445", "geometry": {"type": "Point", "coordinates": [-69.7667, -30.876]}, "geometry_name": "geom", "properties": {"lem_id": 855, "expte_siged": "1124-000026-2020-EXP", "coord_norte_pga07": 6584486.1, "coord_este_pga07": 2426684.4}, "bbox": [-69.7667, -30.876, -69.7667, -30.876]}, {"type": "Feature", "id": "vw_lem.fid--ce7fb1e_1a08fbfc439_-444", "geometry": {"type": "Point", "coordinates": [-70.1457, -31.9368]}, "geometry_name": "geom", "properties": {"lem_id": 857, "expte_siged": "1124-000107-2020-EXP-MANIF", "coord_norte_pga07": 6466550, "coord_este_pga07": 2391663.8}, "bbox": [-70.1457, -31.9368, -70.1457, -31.9368]}, {"type": "Feature", "id": "vw_lem.fid--ce7fb1e_1a08fbfc439_-443", "geometry": {"type": "Point", "coordinates": [-69.92, -31.5472]}, "geometry_name": "geom", "properties": {"lem_id": 858, "expte_siged": "1124-000119-2020-EXP-MANIF", "coord_norte_pga07": 6509952.3, "coord_este_pga07": 2412642.2}, "bbox": [-69.92, -31.5472, -69.92, -31.5472]}, {"type": "Feature", "id": "vw_lem.fid--ce7fb1e_1a08fbfc439_-442", "geometry": {"type": "Point", "coordinates": [-69.9083, -31.5504]}, "geometry_name": "geom", "properties": {"lem_id": 859, "expte_siged": "1124-000120-2020-EXP", "coord_norte_pga07": 6509602.6, "coord_este_pga07": 2413750.8}, "bbox": [-69.9083, -31.5504, -69.9083, -31.5504]}, {"type": "Feature", "id": "vw_lem.fid--ce7fb1e_1a08fbfc439_-441", "geometry": {"type": "Point", "coordinates": [-70.1723, -31.9318]}, "geometry_name": "geom", "properties": {"lem_id": 860, "expte_siged": "1124-000093-2019-EXP", "coord_norte_pga07": 6467075, "coord_este_pga07": 2389137}, "bbox": [-70.1723, -31.9318, -70.1723, -31.9318]}, {"type": "Feature", "id": "vw_lem.fid--ce7fb1e_1a08fbfc439_-440", "geometry": {"type": "Point", "coordinates": [-69.9796, -32.4832]}, "geometry_name": "geom", "properties": {"lem_id": 861, "expte_siged": "1124-000069-2011-EXP", "coord_norte_pga07": 6406107, "coord_este_pga07": 2407919}, "bbox": [-69.9796, -32.4832, -69.9796, -32.4832]}, {"type": "Feature", "id": "vw_lem.fid--ce7fb1e_1a08fbfc439_-43f", "geometry": {"type": "Point", "coordinates": [-69.5757, -32.0854]}, "geometry_name": "geom", "properties": {"lem_id": 862, "expte_siged": "1124-546703-1994-EXP", "coord_norte_pga07": 6450500, "coord_este_pga07": 2445650}, "bbox": [-69.5757, -32.0854, -69.5757, -32.0854]}, {"type": "Feature", "id": "vw_lem.fid--ce7fb1e_1a08fbfc439_-43e", "geometry": {"type": "Point", "coordinates": [-70.3369, -31.2052]}, "geometry_name": "geom", "properties": {"lem_id": 863, "expte_siged": "1124-000256-2020-EXP-MANIF", "coord_norte_pga07": 6547466.4, "coord_este_pga07": 2372584.1}, "bbox": [-70.3369, -31.2052, -70.3369, -31.2052]}, {"type": "Feature", "id": "vw_lem.fid--ce7fb1e_1a08fbfc439_-43d", "geometry": {"type": "Point", "coordinates": [-70.3427, -31.2464]}, "geometry_name": "geom", "properties": {"lem_id": 864, "expte_siged": "1124-000257-2020-EXP-MANIF", "coord_norte_pga07": 6542891, "coord_este_pga07": 2372092.2}, "bbox": [-70.3427, -31.2464, -70.3427, -31.2464]}, {"type": "Feature", "id": "vw_lem.fid--ce7fb1e_1a08fbfc439_-43c", "geometry": {"type": "Point", "coordinates": [-69.6277, -29.8751]}, "geometry_name": "geom", "properties": {"lem_id": 865, "expte_siged": "1124-000250-2020-EXP", "coord_norte_pga07": 6695526.8, "coord_este_pga07": 2439362.1}, "bbox": [-69.6277, -29.8751, -69.6277, -29.8751]}, {"type": "Feature", "id": "vw_lem.fid--ce7fb1e_1a08fbfc439_-43b", "geometry": {"type": "Point", "coordinates": [-69.6011, -28.6795]}, "geometry_name": "geom", "properties": {"lem_id": 866, "expte_siged": "1124-000183-2019-EXP", "coord_norte_pga07": 6828068, "coord_este_pga07": 2441250.8}, "bbox": [-69.6011, -28.6795, -69.6011, -28.6795]}, {"type": "Feature", "id": "vw_lem.fid--ce7fb1e_1a08fbfc439_-43a", "geometry": {"type": "Point", "coordinates": [-68.2191, -31.4871]}, "geometry_name": "geom", "properties": {"lem_id": 867, "expte_siged": "1124-000021-2020-EXP", "coord_norte_pga07": 6516715, "coord_este_pga07": 2574196}, "bbox": [-68.2191, -31.4871, -68.2191, -31.4871]}, {"type": "Feature", "id": "vw_lem.fid--ce7fb1e_1a08fbfc439_-439", "geometry": {"type": "Point", "coordinates": [-70.2195, -30.5836]}, "geometry_name": "geom", "properties": {"lem_id": 868, "expte_siged": "1124-000175-2020-EXP-MANIF", "coord_norte_pga07": 6616523, "coord_este_pga07": 2383029}, "bbox": [-70.2195, -30.5836, -70.2195, -30.5836]}, {"type": "Feature", "id": "vw_lem.fid--ce7fb1e_1a08fbfc439_-438", "geometry": {"type": "Point", "coordinates": [-69.4112, -29.452]}, "geometry_name": "geom", "properties": {"lem_id": 869, "expte_siged": "1124-545826-1994-EXP", "coord_norte_pga07": 6742530.2, "coord_este_pga07": 2460112.5}, "bbox": [-69.4112, -29.452, -69.4112, -29.452]}, {"type": "Feature", "id": "vw_lem.fid--ce7fb1e_1a08fbfc439_-437", "geometry": {"type": "Point", "coordinates": [-70.4827, -31.5218]}, "geometry_name": "geom", "properties": {"lem_id": 870, "expte_siged": "414-001443-2005-EXP", "coord_norte_pga07": 6512184.4, "coord_este_pga07": 2359161.1}, "bbox": [-70.4827, -31.5218, -70.4827, -31.5218]}, {"type": "Feature", "id": "vw_lem.fid--ce7fb1e_1a08fbfc439_-436", "geometry": {"type": "Point", "coordinates": [-69.7327, -29.0175]}, "geometry_name": "geom", "properties": {"lem_id": 871, "expte_siged": "1124-000421-2020-EXP", "coord_norte_pga07": 6790530, "coord_este_pga07": 2428615}, "bbox": [-69.7327, -29.0175, -69.7327, -29.0175]}, {"type": "Feature", "id": "vw_lem.fid--ce7fb1e_1a08fbfc439_-435", "geometry": {"type": "Point", "coordinates": [-69.7263, -29.0206]}, "geometry_name": "geom", "properties": {"lem_id": 872, "expte_siged": "1124-000420-2020-EXP", "coord_norte_pga07": 6790190, "coord_este_pga07": 2429245}, "bbox": [-69.7263, -29.0206, -69.7263, -29.0206]}, {"type": "Feature", "id": "vw_lem.fid--ce7fb1e_1a08fbfc439_-434", "geometry": {"type": "Point", "coordinates": [-70.2565, -31.3365]}, "geometry_name": "geom", "properties": {"lem_id": 873, "expte_siged": "1124-000437-2020-EXP-MANIF", "coord_norte_pga07": 6533002.4, "coord_este_pga07": 2380415.3}, "bbox": [-70.2565, -31.3365, -70.2565, -31.3365]}, {"type": "Feature", "id": "vw_lem.fid--ce7fb1e_1a08fbfc439_-433", "geometry": {"type": "Point", "coordinates": [-68.9578, -30.7328]}, "geometry_name": "geom", "properties": {"lem_id": 874, "expte_siged": "1124-000495-2020-EXP-MANIF", "coord_norte_pga07": 6600612.2, "coord_este_pga07": 2504041.6}, "bbox": [-68.9578, -30.7328, -68.9578, -30.7328]}, {"type": "Feature", "id": "vw_lem.fid--ce7fb1e_1a08fbfc439_-432", "geometry": {"type": "Point", "coordinates": [-70.2505, -31.3142]}, "geometry_name": "geom", "properties": {"lem_id": 875, "expte_siged": "1124-000436-2020-EXP-MANIF", "coord_norte_pga07": 6535483.8, "coord_este_pga07": 2380957.6}, "bbox": [-70.2505, -31.3142, -70.2505, -31.3142]}, {"type": "Feature", "id": "vw_lem.fid--ce7fb1e_1a08fbfc439_-431", "geometry": {"type": "Point", "coordinates": [-69.414, -28.8258]}, "geometry_name": "geom", "properties": {"lem_id": 876, "expte_siged": "1124-545398-1994-EXP", "coord_norte_pga07": 6811937, "coord_este_pga07": 2459593}, "bbox": [-69.414, -28.8258, -69.414, -28.8258]}, {"type": "Feature", "id": "vw_lem.fid--ce7fb1e_1a08fbfc439_-430", "geometry": {"type": "Point", "coordinates": [-69.2918, -31.4365]}, "geometry_name": "geom", "properties": {"lem_id": 877, "expte_siged": "1124-000018-2021-EXP", "coord_norte_pga07": 6522557, "coord_este_pga07": 2472263}, "bbox": [-69.2918, -31.4365, -69.2918, -31.4365]}, {"type": "Feature", "id": "vw_lem.fid--ce7fb1e_1a08fbfc439_-42f", "geometry": {"type": "Point", "coordinates": [-69.4741, -29.4744]}, "geometry_name": "geom", "properties": {"lem_id": 878, "expte_siged": "1124-000017-2021-EXP", "coord_norte_pga07": 6740021.4, "coord_este_pga07": 2454020.2}, "bbox": [-69.4741, -29.4744, -69.4741, -29.4744]}, {"type": "Feature", "id": "vw_lem.fid--ce7fb1e_1a08fbfc439_-42e", "geometry": {"type": "Point", "coordinates": [-70.205, -31.3746]}, "geometry_name": "geom", "properties": {"lem_id": 879, "expte_siged": "1124-000242-2020-EXP", "coord_norte_pga07": 6528830.7, "coord_este_pga07": 2385363.8}, "bbox": [-70.205, -31.3746, -70.205, -31.3746]}, {"type": "Feature", "id": "vw_lem.fid--ce7fb1e_1a08fbfc439_-42d", "geometry": {"type": "Point", "coordinates": [-69.8733, -29.8861]}, "geometry_name": "geom", "properties": {"lem_id": 880, "expte_siged": "1124-296783-1990-EXP", "coord_norte_pga07": 6694162.6, "coord_este_pga07": 2415640.9}, "bbox": [-69.8733, -29.8861, -69.8733, -29.8861]}, {"type": "Feature", "id": "vw_lem.fid--ce7fb1e_1a08fbfc439_-42c", "geometry": {"type": "Point", "coordinates": [-69.431, -28.6162]}, "geometry_name": "geom", "properties": {"lem_id": 881, "expte_siged": "1124-000200-1995-EXP", "coord_norte_pga07": 6835152, "coord_este_pga07": 2457849.8}, "bbox": [-69.431, -28.6162, -69.431, -28.6162]}, {"type": "Feature", "id": "vw_lem.fid--ce7fb1e_1a08fbfc439_-42b", "geometry": {"type": "Point", "coordinates": [-70.4546, -31.8328]}, "geometry_name": "geom", "properties": {"lem_id": 882, "expte_siged": "1124-001566-1995-HIST", "coord_norte_pga07": 6477734.6, "coord_este_pga07": 2362290.7}, "bbox": [-70.4546, -31.8328, -70.4546, -31.8328]}, {"type": "Feature", "id": "vw_lem.fid--ce7fb1e_1a08fbfc439_-42a", "geometry": {"type": "Point", "coordinates": [-69.1607, -30.4184]}, "geometry_name": "geom", "properties": {"lem_id": 883, "expte_siged": "1124-000449-2020-EXP-MANIF", "coord_norte_pga07": 6635456.2, "coord_este_pga07": 2484557.1}, "bbox": [-69.1607, -30.4184, -69.1607, -30.4184]}, {"type": "Feature", "id": "vw_lem.fid--ce7fb1e_1a08fbfc439_-429", "geometry": {"type": "Point", "coordinates": [-69.7274, -28.8685]}, "geometry_name": "geom", "properties": {"lem_id": 884, "expte_siged": "1124-000316-2017-EXP", "coord_norte_pga07": 6807051.6, "coord_este_pga07": 2429033.8}, "bbox": [-69.7274, -28.8685, -69.7274, -28.8685]}, {"type": "Feature", "id": "vw_lem.fid--ce7fb1e_1a08fbfc439_-428", "geometry": {"type": "Point", "coordinates": [-69.9308, -31.3854]}, "geometry_name": "geom", "properties": {"lem_id": 885, "expte_siged": "1124-000108-2021-EXP", "coord_norte_pga07": 6527884.1, "coord_este_pga07": 2411466.6}, "bbox": [-69.9308, -31.3854, -69.9308, -31.3854]}, {"type": "Feature", "id": "vw_lem.fid--ce7fb1e_1a08fbfc439_-427", "geometry": {"type": "Point", "coordinates": [-69.833, -31.3757]}, "geometry_name": "geom", "properties": {"lem_id": 886, "expte_siged": "1124-000107-2021-EXP", "coord_norte_pga07": 6529037.6, "coord_este_pga07": 2420756.2}, "bbox": [-69.833, -31.3757, -69.833, -31.3757]}, {"type": "Feature", "id": "vw_lem.fid--ce7fb1e_1a08fbfc439_-426", "geometry": {"type": "Point", "coordinates": [-70.0996, -30.4783]}, "geometry_name": "geom", "properties": {"lem_id": 887, "expte_siged": "1124-000499-2009-EXP", "coord_norte_pga07": 6628320, "coord_este_pga07": 2394413}, "bbox": [-70.0996, -30.4783, -70.0996, -30.4783]}, {"type": "Feature", "id": "vw_lem.fid--ce7fb1e_1a08fbfc439_-425", "geometry": {"type": "Point", "coordinates": [-69.5026, -29.3977]}, "geometry_name": "geom", "properties": {"lem_id": 888, "expte_siged": "1124-000173-2021-EXP", "coord_norte_pga07": 6748508, "coord_este_pga07": 2451215.4}, "bbox": [-69.5026, -29.3977, -69.5026, -29.3977]}, {"type": "Feature", "id": "vw_lem.fid--ce7fb1e_1a08fbfc439_-424", "geometry": {"type": "Point", "coordinates": [-69.4003, -28.6163]}, "geometry_name": "geom", "properties": {"lem_id": 889, "expte_siged": "1124-000205-1995-EXP", "coord_norte_pga07": 6835152, "coord_este_pga07": 2460849.8}, "bbox": [-69.4003, -28.6163, -69.4003, -28.6163]}, {"type": "Feature", "id": "vw_lem.fid--ce7fb1e_1a08fbfc439_-423", "geometry": {"type": "Point", "coordinates": [-70.422, -31.4983]}, "geometry_name": "geom", "properties": {"lem_id": 890, "expte_siged": "1124-000303-2021-EXP", "coord_norte_pga07": 6514870.8, "coord_este_pga07": 2364900.8}, "bbox": [-70.422, -31.4983, -70.422, -31.4983]}, {"type": "Feature", "id": "vw_lem.fid--ce7fb1e_1a08fbfc439_-422", "geometry": {"type": "Point", "coordinates": [-69.6357, -30.9363]}, "geometry_name": "geom", "properties": {"lem_id": 891, "expte_siged": "1124-000286-2021-EXP", "coord_norte_pga07": 6577876.5, "coord_este_pga07": 2439250}, "bbox": [-69.6357, -30.9363, -69.6357, -30.9363]}, {"type": "Feature", "id": "vw_lem.fid--ce7fb1e_1a08fbfc439_-421", "geometry": {"type": "Point", "coordinates": [-69.6045, -30.9194]}, "geometry_name": "geom", "properties": {"lem_id": 892, "expte_siged": "1124-000280-2021-EXP-MANIF", "coord_norte_pga07": 6579768, "coord_este_pga07": 2442221}, "bbox": [-69.6045, -30.9194, -69.6045, -30.9194]}, {"type": "Feature", "id": "vw_lem.fid--ce7fb1e_1a08fbfc439_-420", "geometry": {"type": "Point", "coordinates": [-69.5981, -30.9195]}, "geometry_name": "geom", "properties": {"lem_id": 893, "expte_siged": "1124-000280-2021-EXP-MANIF", "coord_norte_pga07": 6579767, "coord_este_pga07": 2442829}, "bbox": [-69.5981, -30.9195, -69.5981, -30.9195]}, {"type": "Feature", "id": "vw_lem.fid--ce7fb1e_1a08fbfc439_-41f", "geometry": {"type": "Point", "coordinates": [-70.1974, -30.7562]}, "geometry_name": "geom", "properties": {"lem_id": 894, "expte_siged": "1124-000288-2021-EXP", "coord_norte_pga07": 6597408.6, "coord_este_pga07": 2385346.2}, "bbox": [-70.1974, -30.7562, -70.1974, -30.7562]}, {"type": "Feature", "id": "vw_lem.fid--ce7fb1e_1a08fbfc439_-41e", "geometry": {"type": "Point", "coordinates": [-70.2124, -30.7998]}, "geometry_name": "geom", "properties": {"lem_id": 895, "expte_siged": "1124-000289-2021-EXP", "coord_norte_pga07": 6592562.6, "coord_este_pga07": 2383960.3}, "bbox": [-70.2124, -30.7998, -70.2124, -30.7998]}, {"type": "Feature", "id": "vw_lem.fid--ce7fb1e_1a08fbfc439_-41d", "geometry": {"type": "Point", "coordinates": [-70.2151, -30.8142]}, "geometry_name": "geom", "properties": {"lem_id": 896, "expte_siged": "1124-000292-2021-EXP", "coord_norte_pga07": 6590961.2, "coord_este_pga07": 2383722.9}, "bbox": [-70.2151, -30.8142, -70.2151, -30.8142]}, {"type": "Feature", "id": "vw_lem.fid--ce7fb1e_1a08fbfc439_-41c", "geometry": {"type": "Point", "coordinates": [-70.2057, -30.8406]}, "geometry_name": "geom", "properties": {"lem_id": 897, "expte_siged": "1124-000294-2021-EXP", "coord_norte_pga07": 6588046.1, "coord_este_pga07": 2384655.1}, "bbox": [-70.2057, -30.8406, -70.2057, -30.8406]}, {"type": "Feature", "id": "vw_lem.fid--ce7fb1e_1a08fbfc439_-41b", "geometry": {"type": "Point", "coordinates": [-70.2242, -30.9518]}, "geometry_name": "geom", "properties": {"lem_id": 898, "expte_siged": "1124-000298-2021-EXP", "coord_norte_pga07": 6575688.1, "coord_este_pga07": 2383018.1}, "bbox": [-70.2242, -30.9518, -70.2242, -30.9518]}, {"type": "Feature", "id": "vw_lem.fid--ce7fb1e_1a08fbfc439_-41a", "geometry": {"type": "Point", "coordinates": [-70.1905, -30.9224]}, "geometry_name": "geom", "properties": {"lem_id": 899, "expte_siged": "1124-000297-2021-EXP", "coord_norte_pga07": 6578983.9, "coord_este_pga07": 2386202.5}, "bbox": [-70.1905, -30.9224, -70.1905, -30.9224]}, {"type": "Feature", "id": "vw_lem.fid--ce7fb1e_1a08fbfc439_-419", "geometry": {"type": "Point", "coordinates": [-70.2316, -30.9304]}, "geometry_name": "geom", "properties": {"lem_id": 900, "expte_siged": "1124-000295-2021-EXP", "coord_norte_pga07": 6578052.7, "coord_este_pga07": 2382284.1}, "bbox": [-70.2316, -30.9304, -70.2316, -30.9304]}, {"type": "Feature", "id": "vw_lem.fid--ce7fb1e_1a08fbfc439_-418", "geometry": {"type": "Point", "coordinates": [-69.8055, -29.1402]}, "geometry_name": "geom", "properties": {"lem_id": 901, "expte_siged": "1124-000305-2021-EXP", "coord_norte_pga07": 6776887, "coord_este_pga07": 2421617}, "bbox": [-69.8055, -29.1402, -69.8055, -29.1402]}, {"type": "Feature", "id": "vw_lem.fid--ce7fb1e_1a08fbfc439_-417", "geometry": {"type": "Point", "coordinates": [-69.2394, -29.7841]}, "geometry_name": "geom", "properties": {"lem_id": 902, "expte_siged": "1124-000290-2021-EXP", "coord_norte_pga07": 6705759.3, "coord_este_pga07": 2476853.3}, "bbox": [-69.2394, -29.7841, -69.2394, -29.7841]}, {"type": "Feature", "id": "vw_lem.fid--ce7fb1e_1a08fbfc439_-416", "geometry": {"type": "Point", "coordinates": [-69.2352, -29.7478]}, "geometry_name": "geom", "properties": {"lem_id": 903, "expte_siged": "1124-000293-2021-EXP", "coord_norte_pga07": 6709789, "coord_este_pga07": 2477249}, "bbox": [-69.2352, -29.7478, -69.2352, -29.7478]}, {"type": "Feature", "id": "vw_lem.fid--ce7fb1e_1a08fbfc439_-415", "geometry": {"type": "Point", "coordinates": [-69.4861, -29.9213]}, "geometry_name": "geom", "properties": {"lem_id": 904, "expte_siged": "1124-000296-2021-EXP", "coord_norte_pga07": 6690478, "coord_este_pga07": 2453058}, "bbox": [-69.4861, -29.9213, -69.4861, -29.9213]}, {"type": "Feature", "id": "vw_lem.fid--ce7fb1e_1a08fbfc439_-414", "geometry": {"type": "Point", "coordinates": [-69.7151, -28.9137]}, "geometry_name": "geom", "properties": {"lem_id": 905, "expte_siged": "1124-000299-2021-EXP", "coord_norte_pga07": 6802051, "coord_este_pga07": 2430264.2}, "bbox": [-69.7151, -28.9137, -69.7151, -28.9137]}, {"type": "Feature", "id": "vw_lem.fid--ce7fb1e_1a08fbfc439_-413", "geometry": {"type": "Point", "coordinates": [-69.5424, -29.8313]}, "geometry_name": "geom", "properties": {"lem_id": 906, "expte_siged": "1124-000300-2021-EXP", "coord_norte_pga07": 6700431.4, "coord_este_pga07": 2447580.6}, "bbox": [-69.5424, -29.8313, -69.5424, -29.8313]}, {"type": "Feature", "id": "vw_lem.fid--ce7fb1e_1a08fbfc439_-412", "geometry": {"type": "Point", "coordinates": [-69.6247, -30.0538]}, "geometry_name": "geom", "properties": {"lem_id": 907, "expte_siged": "1124-000302-2021-EXP", "coord_norte_pga07": 6675726.2, "coord_este_pga07": 2439759.2}, "bbox": [-69.6247, -30.0538, -69.6247, -30.0538]}, {"type": "Feature", "id": "vw_lem.fid--ce7fb1e_1a08fbfc439_-411", "geometry": {"type": "Point", "coordinates": [-69.6573, -29.8768]}, "geometry_name": "geom", "properties": {"lem_id": 908, "expte_siged": "1124-000251-2020-EXP", "coord_norte_pga07": 6695322, "coord_este_pga07": 2436499.4}, "bbox": [-69.6573, -29.8768, -69.6573, -29.8768]}, {"type": "Feature", "id": "vw_lem.fid--ce7fb1e_1a08fbfc439_-410", "geometry": {"type": "Point", "coordinates": [-69.4919, -29.4268]}, "geometry_name": "geom", "properties": {"lem_id": 909, "expte_siged": "1124-000016-2021-EXP", "coord_norte_pga07": 6745294.2, "coord_este_pga07": 2452265.3}, "bbox": [-69.4919, -29.4268, -69.4919, -29.4268]}, {"type": "Feature", "id": "vw_lem.fid--ce7fb1e_1a08fbfc439_-40f", "geometry": {"type": "Point", "coordinates": [-69.8409, -30.5891]}, "geometry_name": "geom", "properties": {"lem_id": 910, "expte_siged": "1124-000719-1996-EXP", "coord_norte_pga07": 6616242, "coord_este_pga07": 2419350.9}, "bbox": [-69.8409, -30.5891, -69.8409, -30.5891]}, {"type": "Feature", "id": "vw_lem.fid--ce7fb1e_1a08fbfc439_-40e", "geometry": {"type": "Point", "coordinates": [-69.6402, -30.4928]}, "geometry_name": "geom", "properties": {"lem_id": 911, "expte_siged": "1124-000013-2020-EXP", "coord_norte_pga07": 6627050, "coord_este_pga07": 2438532}, "bbox": [-69.6402, -30.4928, -69.6402, -30.4928]}, {"type": "Feature", "id": "vw_lem.fid--ce7fb1e_1a08fbfc439_-40d", "geometry": {"type": "Point", "coordinates": [-69.7172, -30.4624]}, "geometry_name": "geom", "properties": {"lem_id": 912, "expte_siged": "1124-000149-2020-EXP-MANIF", "coord_norte_pga07": 6630375.7, "coord_este_pga07": 2431124.4}, "bbox": [-69.7172, -30.4624, -69.7172, -30.4624]}, {"type": "Feature", "id": "vw_lem.fid--ce7fb1e_1a08fbfc439_-40c", "geometry": {"type": "Point", "coordinates": [-68.8573, -30.773]}, "geometry_name": "geom", "properties": {"lem_id": 913, "expte_siged": "1124-000328-2021-EXP", "coord_norte_pga07": 6596154.4, "coord_este_pga07": 2513664.5}, "bbox": [-68.8573, -30.773, -68.8573, -30.773]}, {"type": "Feature", "id": "vw_lem.fid--ce7fb1e_1a08fbfc439_-40b", "geometry": {"type": "Point", "coordinates": [-69.4789, -29.4255]}, "geometry_name": "geom", "properties": {"lem_id": 914, "expte_siged": "1124-000252-2021-EXP-MANIF", "coord_norte_pga07": 6745440.9, "coord_este_pga07": 2453528.9}, "bbox": [-69.4789, -29.4255, -69.4789, -29.4255]}, {"type": "Feature", "id": "vw_lem.fid--ce7fb1e_1a08fbfc439_-40a", "geometry": {"type": "Point", "coordinates": [-69.5176, -30.7149]}, "geometry_name": "geom", "properties": {"lem_id": 915, "expte_siged": "1124-000449-2021-EXP-MANIF", "coord_norte_pga07": 6602481, "coord_este_pga07": 2450424}, "bbox": [-69.5176, -30.7149, -69.5176, -30.7149]}, {"type": "Feature", "id": "vw_lem.fid--ce7fb1e_1a08fbfc439_-409", "geometry": {"type": "Point", "coordinates": [-69.6974, -29.0111]}, "geometry_name": "geom", "properties": {"lem_id": 916, "expte_siged": "1124-000422-2020-EXP-MANIF", "coord_norte_pga07": 6791260, "coord_este_pga07": 2432050}, "bbox": [-69.6974, -29.0111, -69.6974, -29.0111]}, {"type": "Feature", "id": "vw_lem.fid--ce7fb1e_1a08fbfc439_-408", "geometry": {"type": "Point", "coordinates": [-68.9823, -30.7022]}, "geometry_name": "geom", "properties": {"lem_id": 917, "expte_siged": "1124-000329-2021-EXP", "coord_norte_pga07": 6604009.5, "coord_este_pga07": 2501698.7}, "bbox": [-68.9823, -30.7022, -68.9823, -30.7022]}, {"type": "Feature", "id": "vw_lem.fid--ce7fb1e_1a08fbfc439_-407", "geometry": {"type": "Point", "coordinates": [-67.2943, -31.201]}, "geometry_name": "geom", "properties": {"lem_id": 918, "expte_siged": "1124-000404-2021-EXP-MANIF", "coord_norte_pga07": 6547452.5, "coord_este_pga07": 2662571.8}, "bbox": [-67.2943, -31.201, -67.2943, -31.201]}, {"type": "Feature", "id": "vw_lem.fid--ce7fb1e_1a08fbfc439_-406", "geometry": {"type": "Point", "coordinates": [-70.2083, -30.5779]}, "geometry_name": "geom", "properties": {"lem_id": 919, "expte_siged": "1124-156591-1980-EXP", "coord_norte_pga07": 6617161, "coord_este_pga07": 2384088.1}, "bbox": [-70.2083, -30.5779, -70.2083, -30.5779]}, {"type": "Feature", "id": "vw_lem.fid--ce7fb1e_1a08fbfc439_-405", "geometry": {"type": "Point", "coordinates": [-70.4469, -31.829]}, "geometry_name": "geom", "properties": {"lem_id": 920, "expte_siged": "1124-000258-2013-EXP", "coord_norte_pga07": 6478165.5, "coord_este_pga07": 2363020.2}, "bbox": [-70.4469, -31.829, -70.4469, -31.829]}, {"type": "Feature", "id": "vw_lem.fid--ce7fb1e_1a08fbfc439_-404", "geometry": {"type": "Point", "coordinates": [-69.0041, -29.8249]}, "geometry_name": "geom", "properties": {"lem_id": 921, "expte_siged": "1124-000051-2018-EXP", "coord_norte_pga07": 6701264, "coord_este_pga07": 2499604}, "bbox": [-69.0041, -29.8249, -69.0041, -29.8249]}, {"type": "Feature", "id": "vw_lem.fid--ce7fb1e_1a08fbfc439_-403", "geometry": {"type": "Point", "coordinates": [-67.3385, -31.2748]}, "geometry_name": "geom", "properties": {"lem_id": 922, "expte_siged": "1124-000539-2021-EXP-MANIF", "coord_norte_pga07": 6539327, "coord_este_pga07": 2658229}, "bbox": [-67.3385, -31.2748, -67.3385, -31.2748]}, {"type": "Feature", "id": "vw_lem.fid--ce7fb1e_1a08fbfc439_-402", "geometry": {"type": "Point", "coordinates": [-69.9221, -29.5754]}, "geometry_name": "geom", "properties": {"lem_id": 923, "expte_siged": "1124-001174-1996-EXP", "coord_norte_pga07": 6728565.1, "coord_este_pga07": 2410655}, "bbox": [-69.9221, -29.5754, -69.9221, -29.5754]}, {"type": "Feature", "id": "vw_lem.fid--ce7fb1e_1a08fbfc439_-401", "geometry": {"type": "Point", "coordinates": [-69.4479, -28.7859]}, "geometry_name": "geom", "properties": {"lem_id": 924, "expte_siged": "1124-000189-1995-EXP", "coord_norte_pga07": 6816342.1, "coord_este_pga07": 2456270.8}, "bbox": [-69.4479, -28.7859, -69.4479, -28.7859]}, {"type": "Feature", "id": "vw_lem.fid--ce7fb1e_1a08fbfc439_-400", "geometry": {"type": "Point", "coordinates": [-70.4173, -31.5909]}, "geometry_name": "geom", "properties": {"lem_id": 925, "expte_siged": "1124-000593-2021-EXP-MANIF", "coord_norte_pga07": 6504607.2, "coord_este_pga07": 2365479}, "bbox": [-70.4173, -31.5909, -70.4173, -31.5909]}, {"type": "Feature", "id": "vw_lem.fid--ce7fb1e_1a08fbfc439_-3ff", "geometry": {"type": "Point", "coordinates": [-69.5425, -28.5083]}, "geometry_name": "geom", "properties": {"lem_id": 926, "expte_siged": "1124-000034-2022-EXP-MANIF", "coord_norte_pga07": 6847076.4, "coord_este_pga07": 2446886.4}, "bbox": [-69.5425, -28.5083, -69.5425, -28.5083]}, {"type": "Feature", "id": "vw_lem.fid--ce7fb1e_1a08fbfc439_-3fe", "geometry": {"type": "Point", "coordinates": [-69.5396, -28.5173]}, "geometry_name": "geom", "properties": {"lem_id": 927, "expte_siged": "1124-000035-2022-EXP-MANIF", "coord_norte_pga07": 6846072.8, "coord_este_pga07": 2447179.3}, "bbox": [-69.5396, -28.5173, -69.5396, -28.5173]}, {"type": "Feature", "id": "vw_lem.fid--ce7fb1e_1a08fbfc439_-3fd", "geometry": {"type": "Point", "coordinates": [-69.7641, -30.0505]}, "geometry_name": "geom", "properties": {"lem_id": 928, "expte_siged": "1124-000051-2022-EXP-MANIF", "coord_norte_pga07": 6676006.2, "coord_este_pga07": 2426312.3}, "bbox": [-69.7641, -30.0505, -69.7641, -30.0505]}, {"type": "Feature", "id": "vw_lem.fid--ce7fb1e_1a08fbfc439_-3fc", "geometry": {"type": "Point", "coordinates": [-68.947, -30.811]}, "geometry_name": "geom", "properties": {"lem_id": 929, "expte_siged": "1124-000486-2021-EXP-MANIF", "coord_norte_pga07": 6591948, "coord_este_pga07": 2505075}, "bbox": [-68.947, -30.811, -68.947, -30.811]}, {"type": "Feature", "id": "vw_lem.fid--ce7fb1e_1a08fbfc439_-3fb", "geometry": {"type": "Point", "coordinates": [-69.5124, -29.598]}, "geometry_name": "geom", "properties": {"lem_id": 930, "expte_siged": "1124-000334-2021-EXP", "coord_norte_pga07": 6726298.2, "coord_este_pga07": 2450366.4}, "bbox": [-69.5124, -29.598, -69.5124, -29.598]}, {"type": "Feature", "id": "vw_lem.fid--ce7fb1e_1a08fbfc439_-3fa", "geometry": {"type": "Point", "coordinates": [-70.0445, -30.5282]}, "geometry_name": "geom", "properties": {"lem_id": 931, "expte_siged": "1124-000206-2022-EXP-MANIF", "coord_norte_pga07": 6622830.7, "coord_este_pga07": 2399759.2}, "bbox": [-70.0445, -30.5282, -70.0445, -30.5282]}, {"type": "Feature", "id": "vw_lem.fid--ce7fb1e_1a08fbfc439_-3f9", "geometry": {"type": "Point", "coordinates": [-69.7535, -30.4828]}, "geometry_name": "geom", "properties": {"lem_id": 932, "expte_siged": "1124-000205-2022-EXP-MANIF", "coord_norte_pga07": 6628090.2, "coord_este_pga07": 2427648.7}, "bbox": [-69.7535, -30.4828, -69.7535, -30.4828]}, {"type": "Feature", "id": "vw_lem.fid--ce7fb1e_1a08fbfc439_-3f8", "geometry": {"type": "Point", "coordinates": [-69.7605, -29.0576]}, "geometry_name": "geom", "properties": {"lem_id": 933, "expte_siged": "1124-000203-2022-EXP-MANIF", "coord_norte_pga07": 6786070.5, "coord_este_pga07": 2425934.7}, "bbox": [-69.7605, -29.0576, -69.7605, -29.0576]}, {"type": "Feature", "id": "vw_lem.fid--ce7fb1e_1a08fbfc439_-3f7", "geometry": {"type": "Point", "coordinates": [-69.6486, -29.0002]}, "geometry_name": "geom", "properties": {"lem_id": 934, "expte_siged": "1124-000073-2022-EXP-MANIF", "coord_norte_pga07": 6792500, "coord_este_pga07": 2436800}, "bbox": [-69.6486, -29.0002, -69.6486, -29.0002]}, {"type": "Feature", "id": "vw_lem.fid--ce7fb1e_1a08fbfc439_-3f6", "geometry": {"type": "Point", "coordinates": [-69.6745, -29.0407]}, "geometry_name": "geom", "properties": {"lem_id": 935, "expte_siged": "1124-000074-2022-EXP-MANIF", "coord_norte_pga07": 6788000, "coord_este_pga07": 2434300}, "bbox": [-69.6745, -29.0407, -69.6745, -29.0407]}, {"type": "Feature", "id": "vw_lem.fid--ce7fb1e_1a08fbfc439_-3f5", "geometry": {"type": "Point", "coordinates": [-70.2208, -31.247]}, "geometry_name": "geom", "properties": {"lem_id": 936, "expte_siged": "1124-000364-2020-EXP-MANIF", "coord_norte_pga07": 6542958.9, "coord_este_pga07": 2383706.6}, "bbox": [-70.2208, -31.247, -70.2208, -31.247]}, {"type": "Feature", "id": "vw_lem.fid--ce7fb1e_1a08fbfc439_-3f4", "geometry": {"type": "Point", "coordinates": [-69.5888, -30.8523]}, "geometry_name": "geom", "properties": {"lem_id": 937, "expte_siged": "1124-000448-2021-EXP-MANIF", "coord_norte_pga07": 6587216, "coord_este_pga07": 2443678}, "bbox": [-69.5888, -30.8523, -69.5888, -30.8523]}, {"type": "Feature", "id": "vw_lem.fid--ce7fb1e_1a08fbfc439_-3f3", "geometry": {"type": "Point", "coordinates": [-69.3659, -31.4875]}, "geometry_name": "geom", "properties": {"lem_id": 938, "expte_siged": "1124-546071-1994-EXP", "coord_norte_pga07": 6516885.6, "coord_este_pga07": 2465232.4}, "bbox": [-69.3659, -31.4875, -69.3659, -31.4875]}, {"type": "Feature", "id": "vw_lem.fid--ce7fb1e_1a08fbfc439_-3f2", "geometry": {"type": "Point", "coordinates": [-69.3599, -31.4858]}, "geometry_name": "geom", "properties": {"lem_id": 939, "expte_siged": "1124-338795-1993-EXP", "coord_norte_pga07": 6517071.6, "coord_este_pga07": 2465799.3}, "bbox": [-69.3599, -31.4858, -69.3599, -31.4858]}, {"type": "Feature", "id": "vw_lem.fid--ce7fb1e_1a08fbfc439_-3f1", "geometry": {"type": "Point", "coordinates": [-69.8893, -29.902]}, "geometry_name": "geom", "properties": {"lem_id": 940, "expte_siged": "1124-002303-1962-EXP", "coord_norte_pga07": 6692382, "coord_este_pga07": 2414104.1}, "bbox": [-69.8893, -29.902, -69.8893, -29.902]}, {"type": "Feature", "id": "vw_lem.fid--ce7fb1e_1a08fbfc439_-3f0", "geometry": {"type": "Point", "coordinates": [-69.5347, -30.4507]}, "geometry_name": "geom", "properties": {"lem_id": 941, "expte_siged": "1124-000326-2022-EXP-MANIF", "coord_norte_pga07": 6631765.5, "coord_este_pga07": 2448645.2}, "bbox": [-69.5347, -30.4507, -69.5347, -30.4507]}, {"type": "Feature", "id": "vw_lem.fid--ce7fb1e_1a08fbfc439_-3ef", "geometry": {"type": "Point", "coordinates": [-70.2381, -32.0843]}, "geometry_name": "geom", "properties": {"lem_id": 942, "expte_siged": "1124-000471-1996-EXP", "coord_norte_pga07": 6450095, "coord_este_pga07": 2383112}, "bbox": [-70.2381, -32.0843, -70.2381, -32.0843]}, {"type": "Feature", "id": "vw_lem.fid--ce7fb1e_1a08fbfc439_-3ee", "geometry": {"type": "Point", "coordinates": [-69.8173, -30.5386]}, "geometry_name": "geom", "properties": {"lem_id": 943, "expte_siged": "1124-000320-2022-EXP-MANIF", "coord_norte_pga07": 6621856.7, "coord_este_pga07": 2421568.6}, "bbox": [-69.8173, -30.5386, -69.8173, -30.5386]}, {"type": "Feature", "id": "vw_lem.fid--ce7fb1e_1a08fbfc439_-3ed", "geometry": {"type": "Point", "coordinates": [-69.5025, -30.4391]}, "geometry_name": "geom", "properties": {"lem_id": 944, "expte_siged": "1124-000325-2022-EXP-MANIF", "coord_norte_pga07": 6633070.5, "coord_este_pga07": 2451725.3}, "bbox": [-69.5025, -30.4391, -69.5025, -30.4391]}, {"type": "Feature", "id": "vw_lem.fid--ce7fb1e_1a08fbfc439_-3ec", "geometry": {"type": "Point", "coordinates": [-69.5847, -28.7088]}, "geometry_name": "geom", "properties": {"lem_id": 945, "expte_siged": "1124-156297-1976-EXP", "coord_norte_pga07": 6824835.5, "coord_este_pga07": 2442866.1}, "bbox": [-69.5847, -28.7088, -69.5847, -28.7088]}, {"type": "Feature", "id": "vw_lem.fid--ce7fb1e_1a08fbfc439_-3eb", "geometry": {"type": "Point", "coordinates": [-68.6116, -29.6483]}, "geometry_name": "geom", "properties": {"lem_id": 946, "expte_siged": "1124-000475-2022-EXP-MANIF", "coord_norte_pga07": 6720772, "coord_este_pga07": 2537607}, "bbox": [-68.6116, -29.6483, -68.6116, -29.6483]}, {"type": "Feature", "id": "vw_lem.fid--ce7fb1e_1a08fbfc439_-3ea", "geometry": {"type": "Point", "coordinates": [-69.1584, -29.0291]}, "geometry_name": "geom", "properties": {"lem_id": 947, "expte_siged": "1124-000446-2022-EXP-MANIF", "coord_norte_pga07": 6789461, "coord_este_pga07": 2484573}, "bbox": [-69.1584, -29.0291, -69.1584, -29.0291]}, {"type": "Feature", "id": "vw_lem.fid--ce7fb1e_1a08fbfc439_-3e9", "geometry": {"type": "Point", "coordinates": [-69.496, -30.5169]}, "geometry_name": "geom", "properties": {"lem_id": 948, "expte_siged": "1124-000424-2022-EXP-MANIF", "coord_norte_pga07": 6624446.6, "coord_este_pga07": 2452395.4}, "bbox": [-69.496, -30.5169, -69.496, -30.5169]}, {"type": "Feature", "id": "vw_lem.fid--ce7fb1e_1a08fbfc439_-3e8", "geometry": {"type": "Point", "coordinates": [-69.6388, -30.2749]}, "geometry_name": "geom", "properties": {"lem_id": 949, "expte_siged": "1124-000428-2022-EXP-MANIF", "coord_norte_pga07": 6651200.4, "coord_este_pga07": 2438530.4}, "bbox": [-69.6388, -30.2749, -69.6388, -30.2749]}, {"type": "Feature", "id": "vw_lem.fid--ce7fb1e_1a08fbfc439_-3e7", "geometry": {"type": "Point", "coordinates": [-69.7926, -30.2332]}, "geometry_name": "geom", "properties": {"lem_id": 950, "expte_siged": "1124-000427-2022-EXP-MANIF", "coord_norte_pga07": 6655732.3, "coord_este_pga07": 2423704.5}, "bbox": [-69.7926, -30.2332, -69.7926, -30.2332]}, {"type": "Feature", "id": "vw_lem.fid--ce7fb1e_1a08fbfc439_-3e6", "geometry": {"type": "Point", "coordinates": [-69.2653, -29.6995]}, "geometry_name": "geom", "properties": {"lem_id": 951, "expte_siged": "1124-000417-2022-EXP-MANIF", "coord_norte_pga07": 6715135.8, "coord_este_pga07": 2474328.7}, "bbox": [-69.2653, -29.6995, -69.2653, -29.6995]}, {"type": "Feature", "id": "vw_lem.fid--ce7fb1e_1a08fbfc439_-3e5", "geometry": {"type": "Point", "coordinates": [-69.5557, -29.1937]}, "geometry_name": "geom", "properties": {"lem_id": 952, "expte_siged": "1124-000420-2022-EXP-MANIF", "coord_norte_pga07": 6771098.2, "coord_este_pga07": 2445950.1}, "bbox": [-69.5557, -29.1937, -69.5557, -29.1937]}, {"type": "Feature", "id": "vw_lem.fid--ce7fb1e_1a08fbfc439_-3e4", "geometry": {"type": "Point", "coordinates": [-69.814, -30.2608]}, "geometry_name": "geom", "properties": {"lem_id": 953, "expte_siged": "1124-000482-2022-EXP-MANIF", "coord_norte_pga07": 6652662.9, "coord_este_pga07": 2421664.7}, "bbox": [-69.814, -30.2608, -69.814, -30.2608]}, {"type": "Feature", "id": "vw_lem.fid--ce7fb1e_1a08fbfc439_-3e3", "geometry": {"type": "Point", "coordinates": [-69.8106, -30.2659]}, "geometry_name": "geom", "properties": {"lem_id": 954, "expte_siged": "1124-000421-2022-EXP-MANIF", "coord_norte_pga07": 6652102.2, "coord_este_pga07": 2421998.6}, "bbox": [-69.8106, -30.2659, -69.8106, -30.2659]}, {"type": "Feature", "id": "vw_lem.fid--ce7fb1e_1a08fbfc439_-3e2", "geometry": {"type": "Point", "coordinates": [-69.5577, -30.4702]}, "geometry_name": "geom", "properties": {"lem_id": 955, "expte_siged": "1124-000422-2022-EXP-MANIF", "coord_norte_pga07": 6629592.5, "coord_este_pga07": 2446447.7}, "bbox": [-69.5577, -30.4702, -69.5577, -30.4702]}, {"type": "Feature", "id": "vw_lem.fid--ce7fb1e_1a08fbfc439_-3e1", "geometry": {"type": "Point", "coordinates": [-69.6261, -30.4303]}, "geometry_name": "geom", "properties": {"lem_id": 956, "expte_siged": "1124-000425-2022-EXP-MANIF", "coord_norte_pga07": 6633984.9, "coord_este_pga07": 2439848.3}, "bbox": [-69.6261, -30.4303, -69.6261, -30.4303]}, {"type": "Feature", "id": "vw_lem.fid--ce7fb1e_1a08fbfc439_-3e0", "geometry": {"type": "Point", "coordinates": [-69.4137, -28.7053]}, "geometry_name": "geom", "properties": {"lem_id": 957, "expte_siged": "1124-000478-2022-EXP-MANIF", "coord_norte_pga07": 6825290.7, "coord_este_pga07": 2459578.4}, "bbox": [-69.4137, -28.7053, -69.4137, -28.7053]}, {"type": "Feature", "id": "vw_lem.fid--ce7fb1e_1a08fbfc439_-3df", "geometry": {"type": "Point", "coordinates": [-69.8119, -29.6748]}, "geometry_name": "geom", "properties": {"lem_id": 958, "expte_siged": "1124-000433-2022-EXP-MANIF", "coord_norte_pga07": 6717620.9, "coord_este_pga07": 2421407.9}, "bbox": [-69.8119, -29.6748, -69.8119, -29.6748]}, {"type": "Feature", "id": "vw_lem.fid--ce7fb1e_1a08fbfc439_-3de", "geometry": {"type": "Point", "coordinates": [-69.7811, -29.6382]}, "geometry_name": "geom", "properties": {"lem_id": 959, "expte_siged": "1124-000472-2022-EXP-MANIF", "coord_norte_pga07": 6721699.6, "coord_este_pga07": 2424358}, "bbox": [-69.7811, -29.6382, -69.7811, -29.6382]}, {"type": "Feature", "id": "vw_lem.fid--ce7fb1e_1a08fbfc439_-3dd", "geometry": {"type": "Point", "coordinates": [-69.8206, -29.6433]}, "geometry_name": "geom", "properties": {"lem_id": 960, "expte_siged": "1124-000473-2022-EXP-MANIF", "coord_norte_pga07": 6721109.2, "coord_este_pga07": 2420539.7}, "bbox": [-69.8206, -29.6433, -69.8206, -29.6433]}, {"type": "Feature", "id": "vw_lem.fid--ce7fb1e_1a08fbfc439_-3dc", "geometry": {"type": "Point", "coordinates": [-69.8138, -29.6667]}, "geometry_name": "geom", "properties": {"lem_id": 961, "expte_siged": "1124-000474-2022-EXP-MANIF", "coord_norte_pga07": 6718520.1, "coord_este_pga07": 2421215.2}, "bbox": [-69.8138, -29.6667, -69.8138, -29.6667]}, {"type": "Feature", "id": "vw_lem.fid--ce7fb1e_1a08fbfc439_-3db", "geometry": {"type": "Point", "coordinates": [-69.4848, -28.924]}, "geometry_name": "geom", "properties": {"lem_id": 962, "expte_siged": "1124-000429-2022-EXP-MANIF", "coord_norte_pga07": 6801020.4, "coord_este_pga07": 2452726.1}, "bbox": [-69.4848, -28.924, -69.4848, -28.924]}, {"type": "Feature", "id": "vw_lem.fid--ce7fb1e_1a08fbfc439_-3da", "geometry": {"type": "Point", "coordinates": [-69.4854, -28.8885]}, "geometry_name": "geom", "properties": {"lem_id": 963, "expte_siged": "1124-000448-2022-EXP-MANIF", "coord_norte_pga07": 6804960, "coord_este_pga07": 2452648}, "bbox": [-69.4854, -28.8885, -69.4854, -28.8885]}, {"type": "Feature", "id": "vw_lem.fid--ce7fb1e_1a08fbfc439_-3d9", "geometry": {"type": "Point", "coordinates": [-69.8321, -30.6828]}, "geometry_name": "geom", "properties": {"lem_id": 964, "expte_siged": "1124-000483-2022-EXP-MANIF", "coord_norte_pga07": 6605865.3, "coord_este_pga07": 2420267.7}, "bbox": [-69.8321, -30.6828, -69.8321, -30.6828]}, {"type": "Feature", "id": "vw_lem.fid--ce7fb1e_1a08fbfc439_-3d8", "geometry": {"type": "Point", "coordinates": [-70.3457, -31.5472]}, "geometry_name": "geom", "properties": {"lem_id": 965, "expte_siged": "1124-000465-2022-EXP-MANIF", "coord_norte_pga07": 6509532, "coord_este_pga07": 2372211}, "bbox": [-70.3457, -31.5472, -70.3457, -31.5472]}, {"type": "Feature", "id": "vw_lem.fid--ce7fb1e_1a08fbfc439_-3d7", "geometry": {"type": "Point", "coordinates": [-69.4402, -31.6018]}, "geometry_name": "geom", "properties": {"lem_id": 966, "expte_siged": "1124-000494-2022-EXP-MANIF", "coord_norte_pga07": 6504183.4, "coord_este_pga07": 2458222.7}, "bbox": [-69.4402, -31.6018, -69.4402, -31.6018]}, {"type": "Feature", "id": "vw_lem.fid--ce7fb1e_1a08fbfc439_-3d6", "geometry": {"type": "Point", "coordinates": [-70.1164, -30.8701]}, "geometry_name": "geom", "properties": {"lem_id": 967, "expte_siged": "1124-000470-2022-EXP-MANIF", "coord_norte_pga07": 6584862.2, "coord_este_pga07": 2393230.9}, "bbox": [-70.1164, -30.8701, -70.1164, -30.8701]}, {"type": "Feature", "id": "vw_lem.fid--ce7fb1e_1a08fbfc439_-3d5", "geometry": {"type": "Point", "coordinates": [-69.7792, -32.3413]}, "geometry_name": "geom", "properties": {"lem_id": 968, "expte_siged": "1124-000449-2022-EXP-MANIF", "coord_norte_pga07": 6422000, "coord_este_pga07": 2426640}, "bbox": [-69.7792, -32.3413, -69.7792, -32.3413]}, {"type": "Feature", "id": "vw_lem.fid--ce7fb1e_1a08fbfc439_-3d4", "geometry": {"type": "Point", "coordinates": [-69.7746, -32.3392]}, "geometry_name": "geom", "properties": {"lem_id": 969, "expte_siged": "1124-000438-2022-EXP-MANIF", "coord_norte_pga07": 6422235.9, "coord_este_pga07": 2427074.1}, "bbox": [-69.7746, -32.3392, -69.7746, -32.3392]}, {"type": "Feature", "id": "vw_lem.fid--ce7fb1e_1a08fbfc439_-3d3", "geometry": {"type": "Point", "coordinates": [-69.6444, -30.9643]}, "geometry_name": "geom", "properties": {"lem_id": 970, "expte_siged": "1124-000467-2022-EXP-MANIF", "coord_norte_pga07": 6574775.3, "coord_este_pga07": 2438433.2}, "bbox": [-69.6444, -30.9643, -69.6444, -30.9643]}, {"type": "Feature", "id": "vw_lem.fid--ce7fb1e_1a08fbfc439_-3d2", "geometry": {"type": "Point", "coordinates": [-69.6737, -30.9603]}, "geometry_name": "geom", "properties": {"lem_id": 971, "expte_siged": "1124-000467-2022-EXP-MANIF", "coord_norte_pga07": 6575196, "coord_este_pga07": 2435629}, "bbox": [-69.6737, -30.9603, -69.6737, -30.9603]}, {"type": "Feature", "id": "vw_lem.fid--ce7fb1e_1a08fbfc439_-3d1", "geometry": {"type": "Point", "coordinates": [-69.6468, -30.9645]}, "geometry_name": "geom", "properties": {"lem_id": 972, "expte_siged": "1124-000467-2022-EXP-MANIF", "coord_norte_pga07": 6574750, "coord_este_pga07": 2438200}, "bbox": [-69.6468, -30.9645, -69.6468, -30.9645]}, {"type": "Feature", "id": "vw_lem.fid--ce7fb1e_1a08fbfc439_-3d0", "geometry": {"type": "Point", "coordinates": [-70.1453, -31.4602]}, "geometry_name": "geom", "properties": {"lem_id": 973, "expte_siged": "1124-000477-2022-EXP-MANIF", "coord_norte_pga07": 6519395.1, "coord_este_pga07": 2391146.3}, "bbox": [-70.1453, -31.4602, -70.1453, -31.4602]}, {"type": "Feature", "id": "vw_lem.fid--ce7fb1e_1a08fbfc439_-3cf", "geometry": {"type": "Point", "coordinates": [-70.0805, -30.6265]}, "geometry_name": "geom", "properties": {"lem_id": 974, "expte_siged": "1124-000480-2022-EXP-MANIF", "coord_norte_pga07": 6611900, "coord_este_pga07": 2396400}, "bbox": [-70.0805, -30.6265, -70.0805, -30.6265]}, {"type": "Feature", "id": "vw_lem.fid--ce7fb1e_1a08fbfc439_-3ce", "geometry": {"type": "Point", "coordinates": [-70.1102, -30.6172]}, "geometry_name": "geom", "properties": {"lem_id": 975, "expte_siged": "1124-000466-2022-EXP-MANIF", "coord_norte_pga07": 6612903.6, "coord_este_pga07": 2393550.7}, "bbox": [-70.1102, -30.6172, -70.1102, -30.6172]}, {"type": "Feature", "id": "vw_lem.fid--ce7fb1e_1a08fbfc439_-3cd", "geometry": {"type": "Point", "coordinates": [-70.0994, -30.5928]}, "geometry_name": "geom", "properties": {"lem_id": 976, "expte_siged": "1124-000457-2022-EXP-MANIF", "coord_norte_pga07": 6615618.2, "coord_este_pga07": 2394556.1}, "bbox": [-70.0994, -30.5928, -70.0994, -30.5928]}, {"type": "Feature", "id": "vw_lem.fid--ce7fb1e_1a08fbfc439_-3cc", "geometry": {"type": "Point", "coordinates": [-70.1062, -30.5524]}, "geometry_name": "geom", "properties": {"lem_id": 977, "expte_siged": "1124-000460-2022-EXP-MANIF", "coord_norte_pga07": 6620095, "coord_este_pga07": 2393857.6}, "bbox": [-70.1062, -30.5524, -70.1062, -30.5524]}, {"type": "Feature", "id": "vw_lem.fid--ce7fb1e_1a08fbfc439_-3cb", "geometry": {"type": "Point", "coordinates": [-67.6767, -30.6139]}, "geometry_name": "geom", "properties": {"lem_id": 978, "expte_siged": "1124-000323-2015-EXP", "coord_norte_pga07": 6613051.7, "coord_este_pga07": 2626895.8}, "bbox": [-67.6767, -30.6139, -67.6767, -30.6139]}, {"type": "Feature", "id": "vw_lem.fid--ce7fb1e_1a08fbfc439_-3ca", "geometry": {"type": "Point", "coordinates": [-70.1193, -30.543]}, "geometry_name": "geom", "properties": {"lem_id": 979, "expte_siged": "1124-000217-2022-EXP-MANIF", "coord_norte_pga07": 6621118, "coord_este_pga07": 2392590}, "bbox": [-70.1193, -30.543, -70.1193, -30.543]}, {"type": "Feature", "id": "vw_lem.fid--ce7fb1e_1a08fbfc439_-3c9", "geometry": {"type": "Point", "coordinates": [-70.1496, -30.5533]}, "geometry_name": "geom", "properties": {"lem_id": 980, "expte_siged": "1124-000218-2022-EXP-MANIF", "coord_norte_pga07": 6619950, "coord_este_pga07": 2389693}, "bbox": [-70.1496, -30.5533, -70.1496, -30.5533]}, {"type": "Feature", "id": "vw_lem.fid--ce7fb1e_1a08fbfc439_-3c8", "geometry": {"type": "Point", "coordinates": [-70.1873, -30.5784]}, "geometry_name": "geom", "properties": {"lem_id": 981, "expte_siged": "1124-000219-2022-EXP-MANIF", "coord_norte_pga07": 6617132, "coord_este_pga07": 2386110}, "bbox": [-70.1873, -30.5784, -70.1873, -30.5784]}, {"type": "Feature", "id": "vw_lem.fid--ce7fb1e_1a08fbfc439_-3c7", "geometry": {"type": "Point", "coordinates": [-69.109, -28.7952]}, "geometry_name": "geom", "properties": {"lem_id": 982, "expte_siged": "1124-000253-2020-EXP-MANIF", "coord_norte_pga07": 6815385, "coord_este_pga07": 2489361}, "bbox": [-69.109, -28.7952, -69.109, -28.7952]}, {"type": "Feature", "id": "vw_lem.fid--ce7fb1e_1a08fbfc439_-3c6", "geometry": {"type": "Point", "coordinates": [-68.9477, -30.8347]}, "geometry_name": "geom", "properties": {"lem_id": 983, "expte_siged": "1124-000487-2021-EXP-MANIF", "coord_norte_pga07": 6589315.7, "coord_este_pga07": 2505003}, "bbox": [-68.9477, -30.8347, -68.9477, -30.8347]}, {"type": "Feature", "id": "vw_lem.fid--ce7fb1e_1a08fbfc439_-3c5", "geometry": {"type": "Point", "coordinates": [-69.7325, -30.444]}, "geometry_name": "geom", "properties": {"lem_id": 984, "expte_siged": "1124-000319-2022-EXP-MANIF", "coord_norte_pga07": 6632402.1, "coord_este_pga07": 2429642.1}, "bbox": [-69.7325, -30.444, -69.7325, -30.444]}, {"type": "Feature", "id": "vw_lem.fid--ce7fb1e_1a08fbfc439_-3c4", "geometry": {"type": "Point", "coordinates": [-70.2406, -31.8218]}, "geometry_name": "geom", "properties": {"lem_id": 985, "expte_siged": "1124-000659-2022-EXP-MANIF", "coord_norte_pga07": 6479200, "coord_este_pga07": 2382540}, "bbox": [-70.2406, -31.8218, -70.2406, -31.8218]}, {"type": "Feature", "id": "vw_lem.fid--ce7fb1e_1a08fbfc439_-3c3", "geometry": {"type": "Point", "coordinates": [-70.3653, -31.8583]}, "geometry_name": "geom", "properties": {"lem_id": 986, "expte_siged": "1124-000663-2022-EXP-MANIF", "coord_norte_pga07": 6475015.2, "coord_este_pga07": 2370783.7}, "bbox": [-70.3653, -31.8583, -70.3653, -31.8583]}, {"type": "Feature", "id": "vw_lem.fid--ce7fb1e_1a08fbfc439_-3c2", "geometry": {"type": "Point", "coordinates": [-70.2858, -31.8642]}, "geometry_name": "geom", "properties": {"lem_id": 987, "expte_siged": "1124-000664-2022-EXP-MANIF", "coord_norte_pga07": 6474452, "coord_este_pga07": 2378320.3}, "bbox": [-70.2858, -31.8642, -70.2858, -31.8642]}, {"type": "Feature", "id": "vw_lem.fid--ce7fb1e_1a08fbfc439_-3c1", "geometry": {"type": "Point", "coordinates": [-70.2991, -31.8746]}, "geometry_name": "geom", "properties": {"lem_id": 988, "expte_siged": "1124-000665-2022-EXP-MANIF", "coord_norte_pga07": 6473284, "coord_este_pga07": 2377075.4}, "bbox": [-70.2991, -31.8746, -70.2991, -31.8746]}, {"type": "Feature", "id": "vw_lem.fid--ce7fb1e_1a08fbfc439_-3c0", "geometry": {"type": "Point", "coordinates": [-70.315, -31.8673]}, "geometry_name": "geom", "properties": {"lem_id": 989, "expte_siged": "1124-000666-2022-EXP-MANIF", "coord_norte_pga07": 6474076.6, "coord_este_pga07": 2375556.1}, "bbox": [-70.315, -31.8673, -70.315, -31.8673]}, {"type": "Feature", "id": "vw_lem.fid--ce7fb1e_1a08fbfc439_-3bf", "geometry": {"type": "Point", "coordinates": [-70.3413, -31.8583]}, "geometry_name": "geom", "properties": {"lem_id": 990, "expte_siged": "1124-000667-2022-EXP-MANIF", "coord_norte_pga07": 6475046, "coord_este_pga07": 2373052.6}, "bbox": [-70.3413, -31.8583, -70.3413, -31.8583]}, {"type": "Feature", "id": "vw_lem.fid--ce7fb1e_1a08fbfc439_-3be", "geometry": {"type": "Point", "coordinates": [-69.8082, -30.486]}, "geometry_name": "geom", "properties": {"lem_id": 991, "expte_siged": "1124-000398-2022-EXP-MANIF", "coord_norte_pga07": 6627700, "coord_este_pga07": 2422400}, "bbox": [-69.8082, -30.486, -69.8082, -30.486]}, {"type": "Feature", "id": "vw_lem.fid--ce7fb1e_1a08fbfc439_-3bd", "geometry": {"type": "Point", "coordinates": [-68.9623, -30.7419]}, "geometry_name": "geom", "properties": {"lem_id": 992, "expte_siged": "1124-000108-2022-EXP-MANIF", "coord_norte_pga07": 6599599.8, "coord_este_pga07": 2503611.4}, "bbox": [-68.9623, -30.7419, -68.9623, -30.7419]}, {"type": "Feature", "id": "vw_lem.fid--ce7fb1e_1a08fbfc439_-3bc", "geometry": {"type": "Point", "coordinates": [-70.0469, -31.3088]}, "geometry_name": "geom", "properties": {"lem_id": 993, "expte_siged": "1124-000052-2022-EXP-MANIF", "coord_norte_pga07": 6536278.9, "coord_este_pga07": 2400340.6}, "bbox": [-70.0469, -31.3088, -70.0469, -31.3088]}, {"type": "Feature", "id": "vw_lem.fid--ce7fb1e_1a08fbfc439_-3bb", "geometry": {"type": "Point", "coordinates": [-69.5639, -31.1756]}, "geometry_name": "geom", "properties": {"lem_id": 994, "expte_siged": "520-000105-1997-EXP", "coord_norte_pga07": 6551385.5, "coord_este_pga07": 2446239.9}, "bbox": [-69.5639, -31.1756, -69.5639, -31.1756]}, {"type": "Feature", "id": "vw_lem.fid--ce7fb1e_1a08fbfc439_-3ba", "geometry": {"type": "Point", "coordinates": [-67.3405, -31.379]}, "geometry_name": "geom", "properties": {"lem_id": 995, "expte_siged": "1124-000445-2022-EXP-MANIF", "coord_norte_pga07": 6527784, "coord_este_pga07": 2657872}, "bbox": [-67.3405, -31.379, -67.3405, -31.379]}, {"type": "Feature", "id": "vw_lem.fid--ce7fb1e_1a08fbfc439_-3b9", "geometry": {"type": "Point", "coordinates": [-69.6385, -28.8161]}, "geometry_name": "geom", "properties": {"lem_id": 996, "expte_siged": "1124-000469-2022-EXP-MANIF", "coord_norte_pga07": 6812911, "coord_este_pga07": 2437677}, "bbox": [-69.6385, -28.8161, -69.6385, -28.8161]}, {"type": "Feature", "id": "vw_lem.fid--ce7fb1e_1a08fbfc439_-3b8", "geometry": {"type": "Point", "coordinates": [-70.265, -31.8576]}, "geometry_name": "geom", "properties": {"lem_id": 997, "expte_siged": "1124-000661-2022-EXP-MANIF", "coord_norte_pga07": 6475208, "coord_este_pga07": 2380277.9}, "bbox": [-70.265, -31.8576, -70.265, -31.8576]}, {"type": "Feature", "id": "vw_lem.fid--ce7fb1e_1a08fbfc439_-3b7", "geometry": {"type": "Point", "coordinates": [-69.8918, -30.9147]}, "geometry_name": "geom", "properties": {"lem_id": 998, "expte_siged": "1124-000204-2022-EXP-MANIF", "coord_norte_pga07": 6580111.3, "coord_este_pga07": 2414746.9}, "bbox": [-69.8918, -30.9147, -69.8918, -30.9147]}, {"type": "Feature", "id": "vw_lem.fid--ce7fb1e_1a08fbfc439_-3b6", "geometry": {"type": "Point", "coordinates": [-70.2456, -31.839]}, "geometry_name": "geom", "properties": {"lem_id": 999, "expte_siged": "1124-000660-2022-EXP-MANIF", "coord_norte_pga07": 6477285.7, "coord_este_pga07": 2382092.1}, "bbox": [-70.2456, -31.839, -70.2456, -31.839]}, {"type": "Feature", "id": "vw_lem.fid--ce7fb1e_1a08fbfc439_-3b5", "geometry": {"type": "Point", "coordinates": [-69.2361, -28.5493]}, "geometry_name": "geom", "properties": {"lem_id": 1000, "expte_siged": "1124-000520-2022-EXP-MANIF", "coord_norte_pga07": 6842625.2, "coord_este_pga07": 2476896.8}, "bbox": [-69.2361, -28.5493, -69.2361, -28.5493]}, {"type": "Feature", "id": "vw_lem.fid--ce7fb1e_1a08fbfc439_-3b4", "geometry": {"type": "Point", "coordinates": [-69.8073, -30.4959]}, "geometry_name": "geom", "properties": {"lem_id": 1001, "expte_siged": "1124-000399-2022-EXP-MANIF", "coord_norte_pga07": 6626600, "coord_este_pga07": 2422500}, "bbox": [-69.8073, -30.4959, -69.8073, -30.4959]}, {"type": "Feature", "id": "vw_lem.fid--ce7fb1e_1a08fbfc439_-3b3", "geometry": {"type": "Point", "coordinates": [-69.7336, -28.9018]}, "geometry_name": "geom", "properties": {"lem_id": 1002, "expte_siged": "1124-000054-2022-EXP-MANIF", "coord_norte_pga07": 6803357.1, "coord_este_pga07": 2428449.4}, "bbox": [-69.7336, -28.9018, -69.7336, -28.9018]}, {"type": "Feature", "id": "vw_lem.fid--ce7fb1e_1a08fbfc439_-3b2", "geometry": {"type": "Point", "coordinates": [-69.6359, -30.6107]}, "geometry_name": "geom", "properties": {"lem_id": 1003, "expte_siged": "1124-000112-2023-EXP-MANIF", "coord_norte_pga07": 6613983.6, "coord_este_pga07": 2439024.7}, "bbox": [-69.6359, -30.6107, -69.6359, -30.6107]}, {"type": "Feature", "id": "vw_lem.fid--ce7fb1e_1a08fbfc439_-3b1", "geometry": {"type": "Point", "coordinates": [-69.6348, -30.6222]}, "geometry_name": "geom", "properties": {"lem_id": 1004, "expte_siged": "1124-000113-2023-EXP-MANIF", "coord_norte_pga07": 6612709, "coord_este_pga07": 2439139.2}, "bbox": [-69.6348, -30.6222, -69.6348, -30.6222]}, {"type": "Feature", "id": "vw_lem.fid--ce7fb1e_1a08fbfc439_-3b0", "geometry": {"type": "Point", "coordinates": [-69.8397, -30.1088]}, "geometry_name": "geom", "properties": {"lem_id": 1005, "expte_siged": "520-000261-1999-EXP", "coord_norte_pga07": 6669497.7, "coord_este_pga07": 2419066.9}, "bbox": [-69.8397, -30.1088, -69.8397, -30.1088]}, {"type": "Feature", "id": "vw_lem.fid--ce7fb1e_1a08fbfc439_-3af", "geometry": {"type": "Point", "coordinates": [-68.9407, -28.8949]}, "geometry_name": "geom", "properties": {"lem_id": 1006, "expte_siged": "1124-000244-2023-EXP-MANIF", "coord_norte_pga07": 6804347.1, "coord_este_pga07": 2505786.5}, "bbox": [-68.9407, -28.8949, -68.9407, -28.8949]}, {"type": "Feature", "id": "vw_lem.fid--ce7fb1e_1a08fbfc439_-3ae", "geometry": {"type": "Point", "coordinates": [-68.9083, -30.7371]}, "geometry_name": "geom", "properties": {"lem_id": 1007, "expte_siged": "1124-000157-2023-EXP-MANIF", "coord_norte_pga07": 6600129.9, "coord_este_pga07": 2508778.9}, "bbox": [-68.9083, -30.7371, -68.9083, -30.7371]}, {"type": "Feature", "id": "vw_lem.fid--ce7fb1e_1a08fbfc439_-3ad", "geometry": {"type": "Point", "coordinates": [-69.5488, -31.9989]}, "geometry_name": "geom", "properties": {"lem_id": 1008, "expte_siged": "1124-000216-2023-EXP-MANIF", "coord_norte_pga07": 6460100.3, "coord_este_pga07": 2448139.5}, "bbox": [-69.5488, -31.9989, -69.5488, -31.9989]}, {"type": "Feature", "id": "vw_lem.fid--ce7fb1e_1a08fbfc439_-3ac", "geometry": {"type": "Point", "coordinates": [-69.8468, -32.5612]}, "geometry_name": "geom", "properties": {"lem_id": 1009, "expte_siged": "1124-000126-2022-EXP-MANIF", "coord_norte_pga07": 6397561, "coord_este_pga07": 2420474.2}, "bbox": [-69.8468, -32.5612, -69.8468, -32.5612]}, {"type": "Feature", "id": "vw_lem.fid--ce7fb1e_1a08fbfc439_-3ab", "geometry": {"type": "Point", "coordinates": [-69.1702, -30.4709]}, "geometry_name": "geom", "properties": {"lem_id": 1010, "expte_siged": "1124-000267-2023-EXP-MANIF", "coord_norte_pga07": 6629635.3, "coord_este_pga07": 2483659.5}, "bbox": [-69.1702, -30.4709, -69.1702, -30.4709]}, {"type": "Feature", "id": "vw_lem.fid--ce7fb1e_1a08fbfc439_-3aa", "geometry": {"type": "Point", "coordinates": [-70.0874, -31.0176]}, "geometry_name": "geom", "properties": {"lem_id": 1011, "expte_siged": "1124-000284-2023-EXP", "coord_norte_pga07": 6568534, "coord_este_pga07": 2396164}, "bbox": [-70.0874, -31.0176, -70.0874, -31.0176]}, {"type": "Feature", "id": "vw_lem.fid--ce7fb1e_1a08fbfc439_-3a9", "geometry": {"type": "Point", "coordinates": [-69.7768, -30.0901]}, "geometry_name": "geom", "properties": {"lem_id": 1012, "expte_siged": "1124-270800-1986-EXP", "coord_norte_pga07": 6671608, "coord_este_pga07": 2425115}, "bbox": [-69.7768, -30.0901, -69.7768, -30.0901]}, {"type": "Feature", "id": "vw_lem.fid--ce7fb1e_1a08fbfc439_-3a8", "geometry": {"type": "Point", "coordinates": [-69.7599, -30.151]}, "geometry_name": "geom", "properties": {"lem_id": 1013, "expte_siged": "1124-270802-1986-EXP", "coord_norte_pga07": 6664868.6, "coord_este_pga07": 2426789}, "bbox": [-69.7599, -30.151, -69.7599, -30.151]}, {"type": "Feature", "id": "vw_lem.fid--ce7fb1e_1a08fbfc439_-3a7", "geometry": {"type": "Point", "coordinates": [-70.2273, -32.4097]}, "geometry_name": "geom", "properties": {"lem_id": 1014, "expte_siged": "1124-000127-2022-EXP-MANIF", "coord_norte_pga07": 6414023.6, "coord_este_pga07": 2384546.9}, "bbox": [-70.2273, -32.4097, -70.2273, -32.4097]}, {"type": "Feature", "id": "vw_lem.fid--ce7fb1e_1a08fbfc439_-3a6", "geometry": {"type": "Point", "coordinates": [-69.6218, -31.9955]}, "geometry_name": "geom", "properties": {"lem_id": 1015, "expte_siged": "1124-000280-2023-EXP-MANIF", "coord_norte_pga07": 6460446, "coord_este_pga07": 2441237.1}, "bbox": [-69.6218, -31.9955, -69.6218, -31.9955]}, {"type": "Feature", "id": "vw_lem.fid--ce7fb1e_1a08fbfc439_-3a5", "geometry": {"type": "Point", "coordinates": [-68.7887, -29.9114]}, "geometry_name": "geom", "properties": {"lem_id": 1016, "expte_siged": "1124-000493-2020-EXP-MANIF", "coord_norte_pga07": 6691658.5, "coord_este_pga07": 2520402}, "bbox": [-68.7887, -29.9114, -68.7887, -29.9114]}, {"type": "Feature", "id": "vw_lem.fid--ce7fb1e_1a08fbfc439_-3a4", "geometry": {"type": "Point", "coordinates": [-70.2215, -31.2488]}, "geometry_name": "geom", "properties": {"lem_id": 1017, "expte_siged": "1124-000561-2023-EXP", "coord_norte_pga07": 6542758.9, "coord_este_pga07": 2383643.1}, "bbox": [-70.2215, -31.2488, -70.2215, -31.2488]}, {"type": "Feature", "id": "vw_lem.fid--ce7fb1e_1a08fbfc439_-3a3", "geometry": {"type": "Point", "coordinates": [-68.9864, -28.9348]}, "geometry_name": "geom", "properties": {"lem_id": 1018, "expte_siged": "1124-000562-2023-EXP-MANIF", "coord_norte_pga07": 6799917.8, "coord_este_pga07": 2501327.5}, "bbox": [-68.9864, -28.9348, -68.9864, -28.9348]}, {"type": "Feature", "id": "vw_lem.fid--ce7fb1e_1a08fbfc439_-3a2", "geometry": {"type": "Point", "coordinates": [-69.8738, -31.5978]}, "geometry_name": "geom", "properties": {"lem_id": 1019, "expte_siged": "1124-000484-2023-EXP-MANIF", "coord_norte_pga07": 6504376, "coord_este_pga07": 2417070.9}, "bbox": [-69.8738, -31.5978, -69.8738, -31.5978]}, {"type": "Feature", "id": "vw_lem.fid--ce7fb1e_1a08fbfc439_-3a1", "geometry": {"type": "Point", "coordinates": [-68.797, -29.6372]}, "geometry_name": "geom", "properties": {"lem_id": 1020, "expte_siged": "1124-000472-2020-EXP-MANIF", "coord_norte_pga07": 6722048, "coord_este_pga07": 2519662}, "bbox": [-68.797, -29.6372, -68.797, -29.6372]}, {"type": "Feature", "id": "vw_lem.fid--ce7fb1e_1a08fbfc439_-3a0", "geometry": {"type": "Point", "coordinates": [-69.4062, -29.4512]}, "geometry_name": "geom", "properties": {"lem_id": 1021, "expte_siged": "1124-000378-2022-EXP-MANIF", "coord_norte_pga07": 6742615, "coord_este_pga07": 2460597}, "bbox": [-69.4062, -29.4512, -69.4062, -29.4512]}, {"type": "Feature", "id": "vw_lem.fid--ce7fb1e_1a08fbfc439_-39f", "geometry": {"type": "Point", "coordinates": [-70.0305, -30.6344]}, "geometry_name": "geom", "properties": {"lem_id": 1022, "expte_siged": "1124-000565-2023-EXP-MANIF", "coord_norte_pga07": 6611072.4, "coord_este_pga07": 2401203.5}, "bbox": [-70.0305, -30.6344, -70.0305, -30.6344]}, {"type": "Feature", "id": "vw_lem.fid--ce7fb1e_1a08fbfc439_-39e", "geometry": {"type": "Point", "coordinates": [-69.5055, -30.6422]}, "geometry_name": "geom", "properties": {"lem_id": 1023, "expte_siged": "1124-000642-2023-EXP", "coord_norte_pga07": 6610551, "coord_este_pga07": 2451541}, "bbox": [-69.5055, -30.6422, -69.5055, -30.6422]}, {"type": "Feature", "id": "vw_lem.fid--ce7fb1e_1a08fbfc439_-39d", "geometry": {"type": "Point", "coordinates": [-69.4805, -29.526]}, "geometry_name": "geom", "properties": {"lem_id": 1024, "expte_siged": "1124-000478-2023-EXP-MANIF", "coord_norte_pga07": 6734292.2, "coord_este_pga07": 2453420.8}, "bbox": [-69.4805, -29.526, -69.4805, -29.526]}, {"type": "Feature", "id": "vw_lem.fid--ce7fb1e_1a08fbfc439_-39c", "geometry": {"type": "Point", "coordinates": [-69.7809, -29.8191]}, "geometry_name": "geom", "properties": {"lem_id": 1025, "expte_siged": "1124-000043-2024-EXP-MANIF", "coord_norte_pga07": 6701648.3, "coord_este_pga07": 2424520}, "bbox": [-69.7809, -29.8191, -69.7809, -29.8191]}, {"type": "Feature", "id": "vw_lem.fid--ce7fb1e_1a08fbfc439_-39b", "geometry": {"type": "Point", "coordinates": [-69.5842, -30.6666]}, "geometry_name": "geom", "properties": {"lem_id": 1026, "expte_siged": "1124-000062-2024-EXP-MANIF", "coord_norte_pga07": 6607805.1, "coord_este_pga07": 2444016.6}, "bbox": [-69.5842, -30.6666, -69.5842, -30.6666]}, {"type": "Feature", "id": "vw_lem.fid--ce7fb1e_1a08fbfc439_-39a", "geometry": {"type": "Point", "coordinates": [-69.7695, -30.4296]}, "geometry_name": "geom", "properties": {"lem_id": 1027, "expte_siged": "1124-000517-2023-EXP-MANIF", "coord_norte_pga07": 6633973, "coord_este_pga07": 2426071}, "bbox": [-69.7695, -30.4296, -69.7695, -30.4296]}, {"type": "Feature", "id": "vw_lem.fid--ce7fb1e_1a08fbfc439_-399", "geometry": {"type": "Point", "coordinates": [-69.445, -31.6255]}, "geometry_name": "geom", "properties": {"lem_id": 1028, "expte_siged": "1124-000212-2024-EXP-MANIF", "coord_norte_pga07": 6501553.4, "coord_este_pga07": 2457783.6}, "bbox": [-69.445, -31.6255, -69.445, -31.6255]}, {"type": "Feature", "id": "vw_lem.fid--ce7fb1e_1a08fbfc439_-398", "geometry": {"type": "Point", "coordinates": [-68.8478, -29.9049]}, "geometry_name": "geom", "properties": {"lem_id": 1029, "expte_siged": "1124-000457-2012-EXP", "coord_norte_pga07": 6692380, "coord_este_pga07": 2514700}, "bbox": [-68.8478, -29.9049, -68.8478, -29.9049]}, {"type": "Feature", "id": "vw_lem.fid--ce7fb1e_1a08fbfc439_-397", "geometry": {"type": "Point", "coordinates": [-69.0875, -29.3077]}, "geometry_name": "geom", "properties": {"lem_id": 1030, "expte_siged": "1124-000072-2024-EXP-MANIF", "coord_norte_pga07": 6758588.9, "coord_este_pga07": 2491497.1}, "bbox": [-69.0875, -29.3077, -69.0875, -29.3077]}, {"type": "Feature", "id": "vw_lem.fid--ce7fb1e_1a08fbfc439_-396", "geometry": {"type": "Point", "coordinates": [-69.6991, -30.9261]}, "geometry_name": "geom", "properties": {"lem_id": 1031, "expte_siged": "1124-000085-2024-EXP-MANIF", "coord_norte_pga07": 6578979.2, "coord_este_pga07": 2433179}, "bbox": [-69.6991, -30.9261, -69.6991, -30.9261]}, {"type": "Feature", "id": "vw_lem.fid--ce7fb1e_1a08fbfc439_-395", "geometry": {"type": "Point", "coordinates": [-69.0785, -29.8965]}, "geometry_name": "geom", "properties": {"lem_id": 1032, "expte_siged": "1124-000215-2024-EXP-MANIF", "coord_norte_pga07": 6693320, "coord_este_pga07": 2492420}, "bbox": [-69.0785, -29.8965, -69.0785, -29.8965]}, {"type": "Feature", "id": "vw_lem.fid--ce7fb1e_1a08fbfc439_-394", "geometry": {"type": "Point", "coordinates": [-69.6057, -28.6574]}, "geometry_name": "geom", "properties": {"lem_id": 1033, "expte_siged": "1124-000510-1995-EXP", "coord_norte_pga07": 6830517, "coord_este_pga07": 2440786.8}, "bbox": [-69.6057, -28.6574, -69.6057, -28.6574]}, {"type": "Feature", "id": "vw_lem.fid--ce7fb1e_1a08fbfc439_-393", "geometry": {"type": "Point", "coordinates": [-68.6799, -31.6287]}, "geometry_name": "geom", "properties": {"lem_id": 1034, "expte_siged": "1124-000193-2024-EXP-MANIF", "coord_norte_pga07": 6501242, "coord_este_pga07": 2530366}, "bbox": [-68.6799, -31.6287, -68.6799, -31.6287]}, {"type": "Feature", "id": "vw_lem.fid--ce7fb1e_1a08fbfc439_-392", "geometry": {"type": "Point", "coordinates": [-69.3978, -29.4672]}, "geometry_name": "geom", "properties": {"lem_id": 1035, "expte_siged": "1124-000306-2024-EXP-MANIF", "coord_norte_pga07": 6740843, "coord_este_pga07": 2461410}, "bbox": [-69.3978, -29.4672, -69.3978, -29.4672]}, {"type": "Feature", "id": "vw_lem.fid--ce7fb1e_1a08fbfc439_-391", "geometry": {"type": "Point", "coordinates": [-69.445, -31.6426]}, "geometry_name": "geom", "properties": {"lem_id": 1036, "expte_siged": "1124-000359-2024-EXP-MANIF", "coord_norte_pga07": 6499652.1, "coord_este_pga07": 2457783.6}, "bbox": [-69.445, -31.6426, -69.445, -31.6426]}, {"type": "Feature", "id": "vw_lem.fid--ce7fb1e_1a08fbfc439_-390", "geometry": {"type": "Point", "coordinates": [-69.9373, -32.3377]}, "geometry_name": "geom", "properties": {"lem_id": 1037, "expte_siged": "1124-000167-1996-EXP", "coord_norte_pga07": 6422276.8, "coord_este_pga07": 2411756.2}, "bbox": [-69.9373, -32.3377, -69.9373, -32.3377]}, {"type": "Feature", "id": "vw_lem.fid--ce7fb1e_1a08fbfc439_-38f", "geometry": {"type": "Point", "coordinates": [-68.8585, -30.9576]}, "geometry_name": "geom", "properties": {"lem_id": 1038, "expte_siged": "1124-000430-2024-EXP-MANIF", "coord_norte_pga07": 6575683, "coord_este_pga07": 2513517}, "bbox": [-68.8585, -30.9576, -68.8585, -30.9576]}, {"type": "Feature", "id": "vw_lem.fid--ce7fb1e_1a08fbfc439_-38e", "geometry": {"type": "Point", "coordinates": [-68.5171, -31.0591]}, "geometry_name": "geom", "properties": {"lem_id": 1039, "expte_siged": "1124-000438-2024-EXP-MANIF", "coord_norte_pga07": 6564332.8, "coord_este_pga07": 2546090.6}, "bbox": [-68.5171, -31.0591, -68.5171, -31.0591]}, {"type": "Feature", "id": "vw_lem.fid--ce7fb1e_1a08fbfc439_-38d", "geometry": {"type": "Point", "coordinates": [-69.6657, -28.9677]}, "geometry_name": "geom", "properties": {"lem_id": 1040, "expte_siged": "1124-000399-2024-EXP-MANIF", "coord_norte_pga07": 6796092.2, "coord_este_pga07": 2435110.9}, "bbox": [-69.6657, -28.9677, -69.6657, -28.9677]}, {"type": "Feature", "id": "vw_lem.fid--ce7fb1e_1a08fbfc439_-38c", "geometry": {"type": "Point", "coordinates": [-69.7872, -29.8191]}, "geometry_name": "geom", "properties": {"lem_id": 1041, "expte_siged": "1124-000445-2024-EXP-MANIF", "coord_norte_pga07": 6701646.2, "coord_este_pga07": 2423904}, "bbox": [-69.7872, -29.8191, -69.7872, -29.8191]}, {"type": "Feature", "id": "vw_lem.fid--ce7fb1e_1a08fbfc439_-38b", "geometry": {"type": "Point", "coordinates": [-69.7486, -30.3375]}, "geometry_name": "geom", "properties": {"lem_id": 1042, "expte_siged": "1124-000467-2024-EXP-MANIF", "coord_norte_pga07": 6644205, "coord_este_pga07": 2428012}, "bbox": [-69.7486, -30.3375, -69.7486, -30.3375]}, {"type": "Feature", "id": "vw_lem.fid--ce7fb1e_1a08fbfc439_-38a", "geometry": {"type": "Point", "coordinates": [-69.7314, -30.344]}, "geometry_name": "geom", "properties": {"lem_id": 1043, "expte_siged": "1124-000420-2024-EXP-MANIF", "coord_norte_pga07": 6643487.5, "coord_este_pga07": 2429677.9}, "bbox": [-69.7314, -30.344, -69.7314, -30.344]}, {"type": "Feature", "id": "vw_lem.fid--ce7fb1e_1a08fbfc439_-389", "geometry": {"type": "Point", "coordinates": [-69.3779, -29.8418]}, "geometry_name": "geom", "properties": {"lem_id": 1044, "expte_siged": "1124-000422-2024-EXP-MANIF", "coord_norte_pga07": 6699323.7, "coord_este_pga07": 2463479.4}, "bbox": [-69.3779, -29.8418, -69.3779, -29.8418]}, {"type": "Feature", "id": "vw_lem.fid--ce7fb1e_1a08fbfc439_-388", "geometry": {"type": "Point", "coordinates": [-69.356, -29.7908]}, "geometry_name": "geom", "properties": {"lem_id": 1045, "expte_siged": "1124-000466-2024-EXP-MANIF", "coord_norte_pga07": 6704990, "coord_este_pga07": 2465578}, "bbox": [-69.356, -29.7908, -69.356, -29.7908]}, {"type": "Feature", "id": "vw_lem.fid--ce7fb1e_1a08fbfc439_-387", "geometry": {"type": "Point", "coordinates": [-69.8424, -30.0538]}, "geometry_name": "geom", "properties": {"lem_id": 1046, "expte_siged": "1124-000398-2024-EXP-MANIF", "coord_norte_pga07": 6675590.8, "coord_este_pga07": 2418758.6}, "bbox": [-69.8424, -30.0538, -69.8424, -30.0538]}, {"type": "Feature", "id": "vw_lem.fid--ce7fb1e_1a08fbfc439_-386", "geometry": {"type": "Point", "coordinates": [-69.8613, -30.076]}, "geometry_name": "geom", "properties": {"lem_id": 1047, "expte_siged": "1124-000410-2024-EXP-MANIF", "coord_norte_pga07": 6673117.4, "coord_este_pga07": 2416958}, "bbox": [-69.8613, -30.076, -69.8613, -30.076]}, {"type": "Feature", "id": "vw_lem.fid--ce7fb1e_1a08fbfc439_-385", "geometry": {"type": "Point", "coordinates": [-69.8577, -30.0772]}, "geometry_name": "geom", "properties": {"lem_id": 1048, "expte_siged": "1124-000411-2024-EXP-MANIF", "coord_norte_pga07": 6672983.8, "coord_este_pga07": 2417306}, "bbox": [-69.8577, -30.0772, -69.8577, -30.0772]}, {"type": "Feature", "id": "vw_lem.fid--ce7fb1e_1a08fbfc439_-384", "geometry": {"type": "Point", "coordinates": [-69.8586, -30.0757]}, "geometry_name": "geom", "properties": {"lem_id": 1049, "expte_siged": "1124-000415-2024-EXP-MANIF", "coord_norte_pga07": 6673147.3, "coord_este_pga07": 2417220.8}, "bbox": [-69.8586, -30.0757, -69.8586, -30.0757]}, {"type": "Feature", "id": "vw_lem.fid--ce7fb1e_1a08fbfc439_-383", "geometry": {"type": "Point", "coordinates": [-69.8296, -30.0527]}, "geometry_name": "geom", "properties": {"lem_id": 1050, "expte_siged": "1124-000398-2024-EXP-MANIF", "coord_norte_pga07": 6675714.2, "coord_este_pga07": 2419992}, "bbox": [-69.8296, -30.0527, -69.8296, -30.0527]}, {"type": "Feature", "id": "vw_lem.fid--ce7fb1e_1a08fbfc439_-382", "geometry": {"type": "Point", "coordinates": [-69.8553, -30.0755]}, "geometry_name": "geom", "properties": {"lem_id": 1051, "expte_siged": "1124-000436-2024-EXP-MANIF", "coord_norte_pga07": 6673175.4, "coord_este_pga07": 2417532.3}, "bbox": [-69.8553, -30.0755, -69.8553, -30.0755]}, {"type": "Feature", "id": "vw_lem.fid--ce7fb1e_1a08fbfc439_-381", "geometry": {"type": "Point", "coordinates": [-69.8624, -30.0765]}, "geometry_name": "geom", "properties": {"lem_id": 1052, "expte_siged": "1124-000443-2024-EXP-MANIF", "coord_norte_pga07": 6673060, "coord_este_pga07": 2416855.2}, "bbox": [-69.8624, -30.0765, -69.8624, -30.0765]}, {"type": "Feature", "id": "vw_lem.fid--ce7fb1e_1a08fbfc439_-380", "geometry": {"type": "Point", "coordinates": [-69.8623, -30.0736]}, "geometry_name": "geom", "properties": {"lem_id": 1053, "expte_siged": "1124-000448-2024-EXP-MANIF", "coord_norte_pga07": 6673379.5, "coord_este_pga07": 2416861.6}, "bbox": [-69.8623, -30.0736, -69.8623, -30.0736]}, {"type": "Feature", "id": "vw_lem.fid--ce7fb1e_1a08fbfc439_-37f", "geometry": {"type": "Point", "coordinates": [-69.8566, -30.0645]}, "geometry_name": "geom", "properties": {"lem_id": 1054, "expte_siged": "1124-000498-2024-EXP-MANIF", "coord_norte_pga07": 6674394.7, "coord_este_pga07": 2417403.4}, "bbox": [-69.8566, -30.0645, -69.8566, -30.0645]}, {"type": "Feature", "id": "vw_lem.fid--ce7fb1e_1a08fbfc439_-37e", "geometry": {"type": "Point", "coordinates": [-69.6038, -30.5399]}, "geometry_name": "geom", "properties": {"lem_id": 1055, "expte_siged": "1124-000400-2024-EXP-MANIF", "coord_norte_pga07": 6621839.5, "coord_este_pga07": 2442060.8}, "bbox": [-69.6038, -30.5399, -69.6038, -30.5399]}, {"type": "Feature", "id": "vw_lem.fid--ce7fb1e_1a08fbfc439_-37d", "geometry": {"type": "Point", "coordinates": [-69.6094, -30.5355]}, "geometry_name": "geom", "properties": {"lem_id": 1056, "expte_siged": "1124-000412-2024-EXP-MANIF", "coord_norte_pga07": 6622334.9, "coord_este_pga07": 2441521.5}, "bbox": [-69.6094, -30.5355, -69.6094, -30.5355]}, {"type": "Feature", "id": "vw_lem.fid--ce7fb1e_1a08fbfc439_-37c", "geometry": {"type": "Point", "coordinates": [-69.6142, -30.5381]}, "geometry_name": "geom", "properties": {"lem_id": 1057, "expte_siged": "1124-000413-2024-EXP-MANIF", "coord_norte_pga07": 6622042, "coord_este_pga07": 2441057}, "bbox": [-69.6142, -30.5381, -69.6142, -30.5381]}, {"type": "Feature", "id": "vw_lem.fid--ce7fb1e_1a08fbfc439_-37b", "geometry": {"type": "Point", "coordinates": [-69.6119, -30.5272]}, "geometry_name": "geom", "properties": {"lem_id": 1058, "expte_siged": "1124-000414-2024-EXP-MANIF", "coord_norte_pga07": 6623254, "coord_este_pga07": 2441278}, "bbox": [-69.6119, -30.5272, -69.6119, -30.5272]}, {"type": "Feature", "id": "vw_lem.fid--ce7fb1e_1a08fbfc439_-37a", "geometry": {"type": "Point", "coordinates": [-69.6134, -30.5017]}, "geometry_name": "geom", "properties": {"lem_id": 1059, "expte_siged": "1124-000468-2024-EXP-MANIF", "coord_norte_pga07": 6626073, "coord_este_pga07": 2441110}, "bbox": [-69.6134, -30.5017, -69.6134, -30.5017]}, {"type": "Feature", "id": "vw_lem.fid--ce7fb1e_1a08fbfc439_-379", "geometry": {"type": "Point", "coordinates": [-69.501, -28.5912]}, "geometry_name": "geom", "properties": {"lem_id": 1060, "expte_siged": "1124-000408-2024-EXP-MANIF", "coord_norte_pga07": 6837896.9, "coord_este_pga07": 2450995.7}, "bbox": [-69.501, -28.5912, -69.501, -28.5912]}, {"type": "Feature", "id": "vw_lem.fid--ce7fb1e_1a08fbfc439_-378", "geometry": {"type": "Point", "coordinates": [-69.4981, -28.5942]}, "geometry_name": "geom", "properties": {"lem_id": 1061, "expte_siged": "1124-000402-2024-EXP-MANIF", "coord_norte_pga07": 6837565, "coord_este_pga07": 2451276.8}, "bbox": [-69.4981, -28.5942, -69.4981, -28.5942]}, {"type": "Feature", "id": "vw_lem.fid--ce7fb1e_1a08fbfc439_-377", "geometry": {"type": "Point", "coordinates": [-69.5212, -28.5495]}, "geometry_name": "geom", "properties": {"lem_id": 1062, "expte_siged": "1124-000401-2024-EXP-MANIF", "coord_norte_pga07": 6842511, "coord_este_pga07": 2448998.8}, "bbox": [-69.5212, -28.5495, -69.5212, -28.5495]}, {"type": "Feature", "id": "vw_lem.fid--ce7fb1e_1a08fbfc439_-376", "geometry": {"type": "Point", "coordinates": [-69.5014, -28.5856]}, "geometry_name": "geom", "properties": {"lem_id": 1063, "expte_siged": "1124-000434-2024-EXP-MANIF", "coord_norte_pga07": 6838518.1, "coord_este_pga07": 2450947.4}, "bbox": [-69.5014, -28.5856, -69.5014, -28.5856]}, {"type": "Feature", "id": "vw_lem.fid--ce7fb1e_1a08fbfc439_-375", "geometry": {"type": "Point", "coordinates": [-69.5159, -28.5711]}, "geometry_name": "geom", "properties": {"lem_id": 1064, "expte_siged": "1124-000458-2024-EXP-MANIF", "coord_norte_pga07": 6840118, "coord_este_pga07": 2449527}, "bbox": [-69.5159, -28.5711, -69.5159, -28.5711]}, {"type": "Feature", "id": "vw_lem.fid--ce7fb1e_1a08fbfc439_-374", "geometry": {"type": "Point", "coordinates": [-69.5708, -28.561]}, "geometry_name": "geom", "properties": {"lem_id": 1065, "expte_siged": "1124-000441-2024-EXP-MANIF", "coord_norte_pga07": 6841221.6, "coord_este_pga07": 2444152}, "bbox": [-69.5708, -28.561, -69.5708, -28.561]}, {"type": "Feature", "id": "vw_lem.fid--ce7fb1e_1a08fbfc439_-373", "geometry": {"type": "Point", "coordinates": [-69.5431, -28.5424]}, "geometry_name": "geom", "properties": {"lem_id": 1066, "expte_siged": "1124-000479-2024-EXP-MANIF", "coord_norte_pga07": 6843291.7, "coord_este_pga07": 2446847.5}, "bbox": [-69.5431, -28.5424, -69.5431, -28.5424]}, {"type": "Feature", "id": "vw_lem.fid--ce7fb1e_1a08fbfc439_-372", "geometry": {"type": "Point", "coordinates": [-69.5331, -28.5483]}, "geometry_name": "geom", "properties": {"lem_id": 1067, "expte_siged": "1124-000492-2024-EXP-MANIF", "coord_norte_pga07": 6842647.9, "coord_este_pga07": 2447834.3}, "bbox": [-69.5331, -28.5483, -69.5331, -28.5483]}, {"type": "Feature", "id": "vw_lem.fid--ce7fb1e_1a08fbfc439_-371", "geometry": {"type": "Point", "coordinates": [-69.5332, -28.5654]}, "geometry_name": "geom", "properties": {"lem_id": 1068, "expte_siged": "1124-000406-2024-EXP-MANIF", "coord_norte_pga07": 6840752.8, "coord_este_pga07": 2447825.7}, "bbox": [-69.5332, -28.5654, -69.5332, -28.5654]}, {"type": "Feature", "id": "vw_lem.fid--ce7fb1e_1a08fbfc439_-370", "geometry": {"type": "Point", "coordinates": [-69.5332, -28.5654]}, "geometry_name": "geom", "properties": {"lem_id": 1069, "expte_siged": "1124-000432-2024-EXP-MANIF", "coord_norte_pga07": 6840752.8, "coord_este_pga07": 2447825.7}, "bbox": [-69.5332, -28.5654, -69.5332, -28.5654]}, {"type": "Feature", "id": "vw_lem.fid--ce7fb1e_1a08fbfc439_-36f", "geometry": {"type": "Point", "coordinates": [-69.5238, -28.6092]}, "geometry_name": "geom", "properties": {"lem_id": 1070, "expte_siged": "1124-000482-2024-EXP-MANIF", "coord_norte_pga07": 6835893.8, "coord_este_pga07": 2448774.6}, "bbox": [-69.5238, -28.6092, -69.5238, -28.6092]}, {"type": "Feature", "id": "vw_lem.fid--ce7fb1e_1a08fbfc439_-36e", "geometry": {"type": "Point", "coordinates": [-69.5182, -28.6172]}, "geometry_name": "geom", "properties": {"lem_id": 1071, "expte_siged": "1124-000496-2024-EXP-MANIF", "coord_norte_pga07": 6835016.9, "coord_este_pga07": 2449320.1}, "bbox": [-69.5182, -28.6172, -69.5182, -28.6172]}, {"type": "Feature", "id": "vw_lem.fid--ce7fb1e_1a08fbfc439_-36d", "geometry": {"type": "Point", "coordinates": [-69.5009, -28.5906]}, "geometry_name": "geom", "properties": {"lem_id": 1072, "expte_siged": "1124-000442-2024-EXP-MANIF", "coord_norte_pga07": 6837970, "coord_este_pga07": 2450999.3}, "bbox": [-69.5009, -28.5906, -69.5009, -28.5906]}, {"type": "Feature", "id": "vw_lem.fid--ce7fb1e_1a08fbfc439_-36c", "geometry": {"type": "Point", "coordinates": [-69.5024, -28.5878]}, "geometry_name": "geom", "properties": {"lem_id": 1073, "expte_siged": "1124-000457-2024-EXP-MANIF", "coord_norte_pga07": 6838274, "coord_este_pga07": 2450857}, "bbox": [-69.5024, -28.5878, -69.5024, -28.5878]}, {"type": "Feature", "id": "vw_lem.fid--ce7fb1e_1a08fbfc439_-36b", "geometry": {"type": "Point", "coordinates": [-69.4621, -28.6472]}, "geometry_name": "geom", "properties": {"lem_id": 1074, "expte_siged": "1124-000409-2024-EXP-MANIF", "coord_norte_pga07": 6831705.2, "coord_este_pga07": 2454819.8}, "bbox": [-69.4621, -28.6472, -69.4621, -28.6472]}, {"type": "Feature", "id": "vw_lem.fid--ce7fb1e_1a08fbfc439_-36a", "geometry": {"type": "Point", "coordinates": [-69.5245, -28.6228]}, "geometry_name": "geom", "properties": {"lem_id": 1075, "expte_siged": "1124-000483-2024-EXP-MANIF", "coord_norte_pga07": 6834385.8, "coord_este_pga07": 2448706}, "bbox": [-69.5245, -28.6228, -69.5245, -28.6228]}, {"type": "Feature", "id": "vw_lem.fid--ce7fb1e_1a08fbfc439_-369", "geometry": {"type": "Point", "coordinates": [-69.5179, -28.639]}, "geometry_name": "geom", "properties": {"lem_id": 1076, "expte_siged": "1124-000497-2024-EXP-MANIF", "coord_norte_pga07": 6832598.2, "coord_este_pga07": 2449359.4}, "bbox": [-69.5179, -28.639, -69.5179, -28.639]}, {"type": "Feature", "id": "vw_lem.fid--ce7fb1e_1a08fbfc439_-368", "geometry": {"type": "Point", "coordinates": [-69.5769, -28.5618]}, "geometry_name": "geom", "properties": {"lem_id": 1077, "expte_siged": "1124-000480-2024-EXP-MANIF", "coord_norte_pga07": 6841125.1, "coord_este_pga07": 2443547.9}, "bbox": [-69.5769, -28.5618, -69.5769, -28.5618]}, {"type": "Feature", "id": "vw_lem.fid--ce7fb1e_1a08fbfc439_-367", "geometry": {"type": "Point", "coordinates": [-69.5589, -28.5659]}, "geometry_name": "geom", "properties": {"lem_id": 1078, "expte_siged": "1124-000493-2024-EXP-MANIF", "coord_norte_pga07": 6840677.9, "coord_este_pga07": 2445318.3}, "bbox": [-69.5589, -28.5659, -69.5589, -28.5659]}, {"type": "Feature", "id": "vw_lem.fid--ce7fb1e_1a08fbfc439_-366", "geometry": {"type": "Point", "coordinates": [-69.4627, -28.6469]}, "geometry_name": "geom", "properties": {"lem_id": 1079, "expte_siged": "1124-000440-2024-EXP-MANIF", "coord_norte_pga07": 6831746.3, "coord_este_pga07": 2454765.1}, "bbox": [-69.4627, -28.6469, -69.4627, -28.6469]}, {"type": "Feature", "id": "vw_lem.fid--ce7fb1e_1a08fbfc439_-365", "geometry": {"type": "Point", "coordinates": [-69.5012, -28.5744]}, "geometry_name": "geom", "properties": {"lem_id": 1080, "expte_siged": "1124-000444-2024-EXP-MANIF", "coord_norte_pga07": 6839765.5, "coord_este_pga07": 2450962.4}, "bbox": [-69.5012, -28.5744, -69.5012, -28.5744]}, {"type": "Feature", "id": "vw_lem.fid--ce7fb1e_1a08fbfc439_-364", "geometry": {"type": "Point", "coordinates": [-69.5726, -28.5801]}, "geometry_name": "geom", "properties": {"lem_id": 1081, "expte_siged": "1124-000481-2024-EXP-MANIF", "coord_norte_pga07": 6839095.1, "coord_este_pga07": 2443982.7}, "bbox": [-69.5726, -28.5801, -69.5726, -28.5801]}, {"type": "Feature", "id": "vw_lem.fid--ce7fb1e_1a08fbfc439_-363", "geometry": {"type": "Point", "coordinates": [-69.5424, -28.5797]}, "geometry_name": "geom", "properties": {"lem_id": 1082, "expte_siged": "1124-000494-2024-EXP-MANIF", "coord_norte_pga07": 6839159.7, "coord_este_pga07": 2446933.7}, "bbox": [-69.5424, -28.5797, -69.5424, -28.5797]}, {"type": "Feature", "id": "vw_lem.fid--ce7fb1e_1a08fbfc439_-362", "geometry": {"type": "Point", "coordinates": [-69.5432, -28.5912]}, "geometry_name": "geom", "properties": {"lem_id": 1083, "expte_siged": "1124-000495-2024-EXP-MANIF", "coord_norte_pga07": 6837879.5, "coord_este_pga07": 2446866}, "bbox": [-69.5432, -28.5912, -69.5432, -28.5912]}, {"type": "Feature", "id": "vw_lem.fid--ce7fb1e_1a08fbfc439_-361", "geometry": {"type": "Point", "coordinates": [-69.9702, -30.5496]}, "geometry_name": "geom", "properties": {"lem_id": 1084, "expte_siged": "1124-000397-2024-EXP-MANIF", "coord_norte_pga07": 6620518.9, "coord_este_pga07": 2406911}, "bbox": [-69.9702, -30.5496, -69.9702, -30.5496]}, {"type": "Feature", "id": "vw_lem.fid--ce7fb1e_1a08fbfc439_-360", "geometry": {"type": "Point", "coordinates": [-69.7757, -32.312]}, "geometry_name": "geom", "properties": {"lem_id": 1085, "expte_siged": "1124-000394-2024-EXP-MANIF", "coord_norte_pga07": 6425253.7, "coord_este_pga07": 2426950.9}, "bbox": [-69.7757, -32.312, -69.7757, -32.312]}, {"type": "Feature", "id": "vw_lem.fid--ce7fb1e_1a08fbfc439_-35f", "geometry": {"type": "Point", "coordinates": [-69.8167, -32.3]}, "geometry_name": "geom", "properties": {"lem_id": 1086, "expte_siged": "1124-000437-2024-EXP-MANIF", "coord_norte_pga07": 6426553.5, "coord_este_pga07": 2423078.7}, "bbox": [-69.8167, -32.3, -69.8167, -32.3]}, {"type": "Feature", "id": "vw_lem.fid--ce7fb1e_1a08fbfc439_-35e", "geometry": {"type": "Point", "coordinates": [-70.091, -31.098]}, "geometry_name": "geom", "properties": {"lem_id": 1087, "expte_siged": "1124-000391-2024-EXP", "coord_norte_pga07": 6559615.2, "coord_este_pga07": 2395911}, "bbox": [-70.091, -31.098, -70.091, -31.098]}, {"type": "Feature", "id": "vw_lem.fid--ce7fb1e_1a08fbfc439_-35d", "geometry": {"type": "Point", "coordinates": [-70.076, -31.0414]}, "geometry_name": "geom", "properties": {"lem_id": 1088, "expte_siged": "1124-000499-2024-EXP-MANIF", "coord_norte_pga07": 6565901.4, "coord_este_pga07": 2397278.3}, "bbox": [-70.076, -31.0414, -70.076, -31.0414]}, {"type": "Feature", "id": "vw_lem.fid--ce7fb1e_1a08fbfc439_-35c", "geometry": {"type": "Point", "coordinates": [-70.0746, -31.064]}, "geometry_name": "geom", "properties": {"lem_id": 1089, "expte_siged": "1124-000500-2024-EXP-MANIF", "coord_norte_pga07": 6563394, "coord_este_pga07": 2397435.4}, "bbox": [-70.0746, -31.064, -70.0746, -31.064]}, {"type": "Feature", "id": "vw_lem.fid--ce7fb1e_1a08fbfc439_-35b", "geometry": {"type": "Point", "coordinates": [-70.0572, -31.0238]}, "geometry_name": "geom", "properties": {"lem_id": 1090, "expte_siged": "1124-000417-2024-EXP-MANIF", "coord_norte_pga07": 6567870.1, "coord_este_pga07": 2399055.6}, "bbox": [-70.0572, -31.0238, -70.0572, -31.0238]}, {"type": "Feature", "id": "vw_lem.fid--ce7fb1e_1a08fbfc439_-35a", "geometry": {"type": "Point", "coordinates": [-70.062, -31.0873]}, "geometry_name": "geom", "properties": {"lem_id": 1091, "expte_siged": "1124-000501-2024-EXP-MANIF", "coord_norte_pga07": 6560831.7, "coord_este_pga07": 2398665.5}, "bbox": [-70.062, -31.0873, -70.062, -31.0873]}, {"type": "Feature", "id": "vw_lem.fid--ce7fb1e_1a08fbfc439_-359", "geometry": {"type": "Point", "coordinates": [-70.0878, -30.954]}, "geometry_name": "geom", "properties": {"lem_id": 1092, "expte_siged": "1124-000390-2024-EXP-MANIF", "coord_norte_pga07": 6575585.7, "coord_este_pga07": 2396059.9}, "bbox": [-70.0878, -30.954, -70.0878, -30.954]}, {"type": "Feature", "id": "vw_lem.fid--ce7fb1e_1a08fbfc439_-358", "geometry": {"type": "Point", "coordinates": [-69.9794, -30.7686]}, "geometry_name": "geom", "properties": {"lem_id": 1093, "expte_siged": "1124-000396-2024-EXP-MANIF", "coord_norte_pga07": 6596234, "coord_este_pga07": 2406234}, "bbox": [-69.9794, -30.7686, -69.9794, -30.7686]}, {"type": "Feature", "id": "vw_lem.fid--ce7fb1e_1a08fbfc439_-357", "geometry": {"type": "Point", "coordinates": [-70.0083, -30.7996]}, "geometry_name": "geom", "properties": {"lem_id": 1094, "expte_siged": "1124-000439-2024-EXP-MANIF", "coord_norte_pga07": 6592768.4, "coord_este_pga07": 2403504}, "bbox": [-70.0083, -30.7996, -70.0083, -30.7996]}, {"type": "Feature", "id": "vw_lem.fid--ce7fb1e_1a08fbfc439_-356", "geometry": {"type": "Point", "coordinates": [-69.995, -30.7802]}, "geometry_name": "geom", "properties": {"lem_id": 1095, "expte_siged": "1124-000419-2024-EXP-MANIF", "coord_norte_pga07": 6594930.9, "coord_este_pga07": 2404752.9}, "bbox": [-69.995, -30.7802, -69.995, -30.7802]}, {"type": "Feature", "id": "vw_lem.fid--ce7fb1e_1a08fbfc439_-355", "geometry": {"type": "Point", "coordinates": [-70.0327, -30.7466]}, "geometry_name": "geom", "properties": {"lem_id": 1096, "expte_siged": "1124-000455-2024-EXP-MANIF", "coord_norte_pga07": 6598634.3, "coord_este_pga07": 2401106.9}, "bbox": [-70.0327, -30.7466, -70.0327, -30.7466]}, {"type": "Feature", "id": "vw_lem.fid--ce7fb1e_1a08fbfc439_-354", "geometry": {"type": "Point", "coordinates": [-70.0327, -30.7466]}, "geometry_name": "geom", "properties": {"lem_id": 1097, "expte_siged": "1124-000435-2024-EXP-MANIF", "coord_norte_pga07": 6598634.3, "coord_este_pga07": 2401106.9}, "bbox": [-70.0327, -30.7466, -70.0327, -30.7466]}, {"type": "Feature", "id": "vw_lem.fid--ce7fb1e_1a08fbfc439_-353", "geometry": {"type": "Point", "coordinates": [-70.1005, -30.7048]}, "geometry_name": "geom", "properties": {"lem_id": 1098, "expte_siged": "1124-000418-2024-EXP-MANIF", "coord_norte_pga07": 6603203.2, "coord_este_pga07": 2394574.8}, "bbox": [-70.1005, -30.7048, -70.1005, -30.7048]}, {"type": "Feature", "id": "vw_lem.fid--ce7fb1e_1a08fbfc439_-352", "geometry": {"type": "Point", "coordinates": [-70.0327, -30.7466]}, "geometry_name": "geom", "properties": {"lem_id": 1099, "expte_siged": "1124-000404-2024-EXP-MANIF", "coord_norte_pga07": 6598634.3, "coord_este_pga07": 2401106.9}, "bbox": [-70.0327, -30.7466, -70.0327, -30.7466]}, {"type": "Feature", "id": "vw_lem.fid--ce7fb1e_1a08fbfc439_-351", "geometry": {"type": "Point", "coordinates": [-70.0449, -30.713]}, "geometry_name": "geom", "properties": {"lem_id": 1100, "expte_siged": "1124-000395-2024-EXP-MANIF", "coord_norte_pga07": 6602343, "coord_este_pga07": 2399911}, "bbox": [-70.0449, -30.713, -70.0449, -30.713]}, {"type": "Feature", "id": "vw_lem.fid--ce7fb1e_1a08fbfc439_-350", "geometry": {"type": "Point", "coordinates": [-67.2853, -31.0837]}, "geometry_name": "geom", "properties": {"lem_id": 1101, "expte_siged": "1124-000595-2024-EXP-MANIF", "coord_norte_pga07": 6560444.5, "coord_este_pga07": 2663631.1}, "bbox": [-67.2853, -31.0837, -67.2853, -31.0837]}, {"type": "Feature", "id": "vw_lem.fid--ce7fb1e_1a08fbfc439_-34f", "geometry": {"type": "Point", "coordinates": [-67.6131, -30.6193]}, "geometry_name": "geom", "properties": {"lem_id": 1102, "expte_siged": "1124-000231-2023-EXP-MANIF", "coord_norte_pga07": 6612378.6, "coord_este_pga07": 2632987.2}, "bbox": [-67.6131, -30.6193, -67.6131, -30.6193]}, {"type": "Feature", "id": "vw_lem.fid--ce7fb1e_1a08fbfc439_-34e", "geometry": {"type": "Point", "coordinates": [-68.8798, -30.6175]}, "geometry_name": "geom", "properties": {"lem_id": 1103, "expte_siged": "1124-000610-2024-EXP-MANIF", "coord_norte_pga07": 6613396, "coord_este_pga07": 2511526}, "bbox": [-68.8798, -30.6175, -68.8798, -30.6175]}, {"type": "Feature", "id": "vw_lem.fid--ce7fb1e_1a08fbfc439_-34d", "geometry": {"type": "Point", "coordinates": [-68.8009, -30.745]}, "geometry_name": "geom", "properties": {"lem_id": 1104, "expte_siged": "1124-000611-2024-EXP-MANIF", "coord_norte_pga07": 6599241, "coord_este_pga07": 2519067}, "bbox": [-68.8009, -30.745, -68.8009, -30.745]}, {"type": "Feature", "id": "vw_lem.fid--ce7fb1e_1a08fbfc439_-34c", "geometry": {"type": "Point", "coordinates": [-68.839, -30.6732]}, "geometry_name": "geom", "properties": {"lem_id": 1105, "expte_siged": "1124-000612-2024-EXP-MANIF", "coord_norte_pga07": 6607211, "coord_este_pga07": 2515429}, "bbox": [-68.839, -30.6732, -68.839, -30.6732]}, {"type": "Feature", "id": "vw_lem.fid--ce7fb1e_1a08fbfc439_-34b", "geometry": {"type": "Point", "coordinates": [-69.6013, -30.7285]}, "geometry_name": "geom", "properties": {"lem_id": 1106, "expte_siged": "1124-000210-2020-EXP", "coord_norte_pga07": 6600937.1, "coord_este_pga07": 2442414.4}, "bbox": [-69.6013, -30.7285, -69.6013, -30.7285]}, {"type": "Feature", "id": "vw_lem.fid--ce7fb1e_1a08fbfc439_-34a", "geometry": {"type": "Point", "coordinates": [-69.6287, -30.683]}, "geometry_name": "geom", "properties": {"lem_id": 1107, "expte_siged": "1124-000211-2020-EXP", "coord_norte_pga07": 6605970, "coord_este_pga07": 2439754.8}, "bbox": [-69.6287, -30.683, -69.6287, -30.683]}, {"type": "Feature", "id": "vw_lem.fid--ce7fb1e_1a08fbfc439_-349", "geometry": {"type": "Point", "coordinates": [-67.6875, -30.6461]}, "geometry_name": "geom", "properties": {"lem_id": 1108, "expte_siged": "1124-000448-2023-EXP-MANIF", "coord_norte_pga07": 6609495.6, "coord_este_pga07": 2625817.7}, "bbox": [-67.6875, -30.6461, -67.6875, -30.6461]}, {"type": "Feature", "id": "vw_lem.fid--ce7fb1e_1a08fbfc439_-348", "geometry": {"type": "Point", "coordinates": [-69.488, -30.6211]}, "geometry_name": "geom", "properties": {"lem_id": 1109, "expte_siged": "1124-000139-2021-EXP", "coord_norte_pga07": 6612899, "coord_este_pga07": 2453214}, "bbox": [-69.488, -30.6211, -69.488, -30.6211]}, {"type": "Feature", "id": "vw_lem.fid--ce7fb1e_1a08fbfc439_-347", "geometry": {"type": "Point", "coordinates": [-69.5172, -30.6257]}, "geometry_name": "geom", "properties": {"lem_id": 1110, "expte_siged": "1124-000140-2021-EXP", "coord_norte_pga07": 6612370, "coord_este_pga07": 2450416}, "bbox": [-69.5172, -30.6257, -69.5172, -30.6257]}, {"type": "Feature", "id": "vw_lem.fid--ce7fb1e_1a08fbfc439_-346", "geometry": {"type": "Point", "coordinates": [-69.7508, -31.0637]}, "geometry_name": "geom", "properties": {"lem_id": 1111, "expte_siged": "1124-000653-1995-EXP", "coord_norte_pga07": 6563690.1, "coord_este_pga07": 2428344.7}, "bbox": [-69.7508, -31.0637, -69.7508, -31.0637]}, {"type": "Feature", "id": "vw_lem.fid--ce7fb1e_1a08fbfc439_-345", "geometry": {"type": "Point", "coordinates": [-69.2273, -31.609]}, "geometry_name": "geom", "properties": {"lem_id": 1112, "expte_siged": "1124-003702-1966-EXP", "coord_norte_pga07": 6503443.1, "coord_este_pga07": 2478430.6}, "bbox": [-69.2273, -31.609, -69.2273, -31.609]}, {"type": "Feature", "id": "vw_lem.fid--ce7fb1e_1a08fbfc439_-344", "geometry": {"type": "Point", "coordinates": [-68.9692, -30.9265]}, "geometry_name": "geom", "properties": {"lem_id": 1114, "expte_siged": "1124-000341-2023-EXP-MANIF", "coord_norte_pga07": 6579138.6, "coord_este_pga07": 2502939.7}, "bbox": [-68.9692, -30.9265, -68.9692, -30.9265]}, {"type": "Feature", "id": "vw_lem.fid--ce7fb1e_1a08fbfc439_-343", "geometry": {"type": "Point", "coordinates": [-69.8333, -31.0417]}, "geometry_name": "geom", "properties": {"lem_id": 1115, "expte_siged": "1124-000051-1996-EXP", "coord_norte_pga07": 6566073.5, "coord_este_pga07": 2420446.4}, "bbox": [-69.8333, -31.0417, -69.8333, -31.0417]}, {"type": "Feature", "id": "vw_lem.fid--ce7fb1e_1a08fbfc439_-342", "geometry": {"type": "Point", "coordinates": [-69.1031, -31.2735]}, "geometry_name": "geom", "properties": {"lem_id": 1116, "expte_siged": "1124-000781-2024-EXP-MANIF", "coord_norte_pga07": 6540660, "coord_este_pga07": 2490178}, "bbox": [-69.1031, -31.2735, -69.1031, -31.2735]}, {"type": "Feature", "id": "vw_lem.fid--ce7fb1e_1a08fbfc439_-341", "geometry": {"type": "Point", "coordinates": [-69.8113, -31.373]}, "geometry_name": "geom", "properties": {"lem_id": 1117, "expte_siged": "1124-000105-2022-EXP-MANIF", "coord_norte_pga07": 6529354.7, "coord_este_pga07": 2422820.1}, "bbox": [-69.8113, -31.373, -69.8113, -31.373]}, {"type": "Feature", "id": "vw_lem.fid--ce7fb1e_1a08fbfc439_-340", "geometry": {"type": "Point", "coordinates": [-69.8001, -31.4442]}, "geometry_name": "geom", "properties": {"lem_id": 1118, "expte_siged": "1124-000107-2022-EXP-MANIF", "coord_norte_pga07": 6521462.1, "coord_este_pga07": 2423941.4}, "bbox": [-69.8001, -31.4442, -69.8001, -31.4442]}, {"type": "Feature", "id": "vw_lem.fid--ce7fb1e_1a08fbfc439_-33f", "geometry": {"type": "Point", "coordinates": [-69.7997, -31.4279]}, "geometry_name": "geom", "properties": {"lem_id": 1119, "expte_siged": "1124-000106-2022-EXP-MANIF", "coord_norte_pga07": 6523276.1, "coord_este_pga07": 2423969.1}, "bbox": [-69.7997, -31.4279, -69.7997, -31.4279]}, {"type": "Feature", "id": "vw_lem.fid--ce7fb1e_1a08fbfc439_-33e", "geometry": {"type": "Point", "coordinates": [-70.0083, -30.7996]}, "geometry_name": "geom", "properties": {"lem_id": 1120, "expte_siged": "1124-000405-2024-EXP-MANIF", "coord_norte_pga07": 6592768.4, "coord_este_pga07": 2403504}, "bbox": [-70.0083, -30.7996, -70.0083, -30.7996]}, {"type": "Feature", "id": "vw_lem.fid--ce7fb1e_1a08fbfc439_-33d", "geometry": {"type": "Point", "coordinates": [-69.0747, -30.0212]}, "geometry_name": "geom", "properties": {"lem_id": 1121, "expte_siged": "1124-305817-1988-EXP", "coord_norte_pga07": 6679503.4, "coord_este_pga07": 2492791.4}, "bbox": [-69.0747, -30.0212, -69.0747, -30.0212]}, {"type": "Feature", "id": "vw_lem.fid--ce7fb1e_1a08fbfc439_-33c", "geometry": {"type": "Point", "coordinates": [-69.8167, -32.3]}, "geometry_name": "geom", "properties": {"lem_id": 1122, "expte_siged": "1124-000447-2024-EXP-MANIF", "coord_norte_pga07": 6426553.5, "coord_este_pga07": 2423078.7}, "bbox": [-69.8167, -32.3, -69.8167, -32.3]}, {"type": "Feature", "id": "vw_lem.fid--ce7fb1e_1a08fbfc439_-33b", "geometry": {"type": "Point", "coordinates": [-69.8167, -32.3]}, "geometry_name": "geom", "properties": {"lem_id": 1123, "expte_siged": "1124-000403-2024-EXP-MANIF", "coord_norte_pga07": 6426553.5, "coord_este_pga07": 2423078.7}, "bbox": [-69.8167, -32.3, -69.8167, -32.3]}, {"type": "Feature", "id": "vw_lem.fid--ce7fb1e_1a08fbfc439_-33a", "geometry": {"type": "Point", "coordinates": [-69.5014, -28.5856]}, "geometry_name": "geom", "properties": {"lem_id": 1124, "expte_siged": "1124-000407-2024-EXP", "coord_norte_pga07": 6838518.1, "coord_este_pga07": 2450947.4}, "bbox": [-69.5014, -28.5856, -69.5014, -28.5856]}, {"type": "Feature", "id": "vw_lem.fid--ce7fb1e_1a08fbfc439_-339", "geometry": {"type": "Point", "coordinates": [-69.4621, -28.6472]}, "geometry_name": "geom", "properties": {"lem_id": 1125, "expte_siged": "1124-000431-2024-EXP-MANIF", "coord_norte_pga07": 6831705.2, "coord_este_pga07": 2454819.8}, "bbox": [-69.4621, -28.6472, -69.4621, -28.6472]}, {"type": "Feature", "id": "vw_lem.fid--ce7fb1e_1a08fbfc439_-338", "geometry": {"type": "Point", "coordinates": [-69.2519, -28.7705]}, "geometry_name": "geom", "properties": {"lem_id": 1126, "expte_siged": "1124-000150-2025-EXP", "coord_norte_pga07": 6818105, "coord_este_pga07": 2475398}, "bbox": [-69.2519, -28.7705, -69.2519, -28.7705]}, {"type": "Feature", "id": "vw_lem.fid--ce7fb1e_1a08fbfc439_-337", "geometry": {"type": "Point", "coordinates": [-69.2189, -28.7819]}, "geometry_name": "geom", "properties": {"lem_id": 1127, "expte_siged": "1124-000153-2025-EXP", "coord_norte_pga07": 6816853, "coord_este_pga07": 2478628}, "bbox": [-69.2189, -28.7819, -69.2189, -28.7819]}, {"type": "Feature", "id": "vw_lem.fid--ce7fb1e_1a08fbfc439_-336", "geometry": {"type": "Point", "coordinates": [-69.1551, -28.8845]}, "geometry_name": "geom", "properties": {"lem_id": 1128, "expte_siged": "1124-000530-2023-EXP", "coord_norte_pga07": 6805484, "coord_este_pga07": 2484867}, "bbox": [-69.1551, -28.8845, -69.1551, -28.8845]}, {"type": "Feature", "id": "vw_lem.fid--ce7fb1e_1a08fbfc439_-335", "geometry": {"type": "Point", "coordinates": [-69.205, -28.9699]}, "geometry_name": "geom", "properties": {"lem_id": 1129, "expte_siged": "1124-000149-2025-EXP", "coord_norte_pga07": 6796018, "coord_este_pga07": 2480023}, "bbox": [-69.205, -28.9699, -69.205, -28.9699]}, {"type": "Feature", "id": "vw_lem.fid--ce7fb1e_1a08fbfc439_-334", "geometry": {"type": "Point", "coordinates": [-69.1985, -28.9953]}, "geometry_name": "geom", "properties": {"lem_id": 1130, "expte_siged": "1124-000154-2025-EXP", "coord_norte_pga07": 6793199, "coord_este_pga07": 2480662}, "bbox": [-69.1985, -28.9953, -69.1985, -28.9953]}, {"type": "Feature", "id": "vw_lem.fid--ce7fb1e_1a08fbfc439_-333", "geometry": {"type": "Point", "coordinates": [-69.4226, -28.8911]}, "geometry_name": "geom", "properties": {"lem_id": 1131, "expte_siged": "1124-000151-2025-EXP", "coord_norte_pga07": 6804689, "coord_este_pga07": 2458779}, "bbox": [-69.4226, -28.8911, -69.4226, -28.8911]}, {"type": "Feature", "id": "vw_lem.fid--ce7fb1e_1a08fbfc439_-332", "geometry": {"type": "Point", "coordinates": [-69.421, -28.9415]}, "geometry_name": "geom", "properties": {"lem_id": 1132, "expte_siged": "1124-000152-2025-EXP", "coord_norte_pga07": 6799104, "coord_este_pga07": 2458955}, "bbox": [-69.421, -28.9415, -69.421, -28.9415]}, {"type": "Feature", "id": "vw_lem.fid--ce7fb1e_1a08fbfc439_-331", "geometry": {"type": "Point", "coordinates": [-69.4939, -29.0153]}, "geometry_name": "geom", "properties": {"lem_id": 1133, "expte_siged": "1124-000156-2025-EXP", "coord_norte_pga07": 6790894, "coord_este_pga07": 2451882}, "bbox": [-69.4939, -29.0153, -69.4939, -29.0153]}, {"type": "Feature", "id": "vw_lem.fid--ce7fb1e_1a08fbfc439_-330", "geometry": {"type": "Point", "coordinates": [-69.5164, -29.0506]}, "geometry_name": "geom", "properties": {"lem_id": 1134, "expte_siged": "1124-000155-2025-EXP", "coord_norte_pga07": 6786978, "coord_este_pga07": 2449710}, "bbox": [-69.5164, -29.0506, -69.5164, -29.0506]}, {"type": "Feature", "id": "vw_lem.fid--ce7fb1e_1a08fbfc439_-32f", "geometry": {"type": "Point", "coordinates": [-69.4403, -29.5188]}, "geometry_name": "geom", "properties": {"lem_id": 1135, "expte_siged": "1124-000185-2025-EXP", "coord_norte_pga07": 6735107.6, "coord_este_pga07": 2457312.6}, "bbox": [-69.4403, -29.5188, -69.4403, -29.5188]}, {"type": "Feature", "id": "vw_lem.fid--ce7fb1e_1a08fbfc439_-32e", "geometry": {"type": "Point", "coordinates": [-69.6091, -30.9124]}, "geometry_name": "geom", "properties": {"lem_id": 1231, "expte_siged": "1124-000307-2024-EXP", "coord_norte_pga07": 6580543, "coord_este_pga07": 2441778}, "bbox": [-69.6091, -30.9124, -69.6091, -30.9124]}, {"type": "Feature", "id": "vw_lem.fid--ce7fb1e_1a08fbfc439_-32d", "geometry": {"type": "Point", "coordinates": [-67.6597, -30.5306]}, "geometry_name": "geom", "properties": {"lem_id": 1233, "expte_siged": "1124-000249-2025-EXP", "coord_norte_pga07": 6622272, "coord_este_pga07": 2628630}, "bbox": [-67.6597, -30.5306, -67.6597, -30.5306]}, {"type": "Feature", "id": "vw_lem.fid--ce7fb1e_1a08fbfc439_-32c", "geometry": {"type": "Point", "coordinates": [-69.6675, -30.6568]}, "geometry_name": "geom", "properties": {"lem_id": 1234, "expte_siged": "1124-000064-2025-EXP-MANIF", "coord_norte_pga07": 6608850.33, "coord_este_pga07": 2436025.02}, "bbox": [-69.6675, -30.6568, -69.6675, -30.6568]}, {"type": "Feature", "id": "vw_lem.fid--ce7fb1e_1a08fbfc439_-32b", "geometry": {"type": "Point", "coordinates": [-69.3064, -31.1394]}, "geometry_name": "geom", "properties": {"lem_id": 1235, "expte_siged": "1124-000307-2025-EXP-MANIF", "coord_norte_pga07": 6555491.04, "coord_este_pga07": 2470779.51}, "bbox": [-69.3064, -31.1394, -69.3064, -31.1394]}, {"type": "Feature", "id": "vw_lem.fid--ce7fb1e_1a08fbfc439_-32a", "geometry": {"type": "Point", "coordinates": [-68.8791, -29.6536]}, "geometry_name": "geom", "properties": {"lem_id": 856, "expte_siged": "1124-000561-2019-EXP", "coord_norte_pga07": 6720239.15, "coord_este_pga07": 2511707.78}, "bbox": [-68.8791, -29.6536, -68.8791, -29.6536]}, {"type": "Feature", "id": "vw_lem.fid--ce7fb1e_1a08fbfc439_-329", "geometry": {"type": "Point", "coordinates": [-69.3807, -31.4776]}, "geometry_name": "geom", "properties": {"lem_id": 1236, "expte_siged": "1124-000411-2025-EXP-MANIF", "coord_norte_pga07": 6517974.54, "coord_este_pga07": 2463821.71}, "bbox": [-69.3807, -31.4776, -69.3807, -31.4776]}, {"type": "Feature", "id": "vw_lem.fid--ce7fb1e_1a08fbfc439_-328", "geometry": {"type": "Point", "coordinates": [-69.0627, -30.7367]}, "geometry_name": "geom", "properties": {"lem_id": 1237, "expte_siged": "1124-000354-2025-EXP", "coord_norte_pga07": 6600176.65, "coord_este_pga07": 2493992.3}, "bbox": [-69.0627, -30.7367, -69.0627, -30.7367]}, {"type": "Feature", "id": "vw_lem.fid--ce7fb1e_1a08fbfc439_-327", "geometry": {"type": "Point", "coordinates": [-69.5579, -29.2761]}, "geometry_name": "geom", "properties": {"lem_id": 1238, "expte_siged": "1124-000444-2025-EXP-MANIF", "coord_norte_pga07": 6761963.79, "coord_este_pga07": 2445786.48}, "bbox": [-69.5579, -29.2761, -69.5579, -29.2761]}, {"type": "Feature", "id": "vw_lem.fid--ce7fb1e_1a08fbfc439_-326", "geometry": {"type": "Point", "coordinates": [-69.397, -29.4442]}, "geometry_name": "geom", "properties": {"lem_id": 1239, "expte_siged": "1124-000358-2025-EXP-MANIF", "coord_norte_pga07": 6743391.77, "coord_este_pga07": 2461486.59}, "bbox": [-69.397, -29.4442, -69.397, -29.4442]}, {"type": "Feature", "id": "vw_lem.fid--ce7fb1e_1a08fbfc439_-325", "geometry": {"type": "Point", "coordinates": [-70.0089, -29.3363]}, "geometry_name": "geom", "properties": {"lem_id": 520, "expte_siged": "1124-338337-1993-EXP", "coord_norte_pga07": 6754996.91, "coord_este_pga07": 2402009.55}, "bbox": [-70.0089, -29.3363, -70.0089, -29.3363]}, {"type": "Feature", "id": "vw_lem.fid--ce7fb1e_1a08fbfc439_-324", "geometry": {"type": "Point", "coordinates": [-70.4326, -31.6333]}, "geometry_name": "geom", "properties": {"lem_id": 1241, "expte_siged": "1124-000246-2021-EXP-MANIF", "coord_norte_pga07": 6499888.5, "coord_este_pga07": 2364090.22}, "bbox": [-70.4326, -31.6333, -70.4326, -31.6333]}, {"type": "Feature", "id": "vw_lem.fid--ce7fb1e_1a08fbfc439_-323", "geometry": {"type": "Point", "coordinates": [-69.1387, -28.9812]}, "geometry_name": "geom", "properties": {"lem_id": 1243, "expte_siged": "1124-000451-2025-EXP-MANIF", "coord_norte_pga07": 6794777.34, "coord_este_pga07": 2486479.23}, "bbox": [-69.1387, -28.9812, -69.1387, -28.9812]}, {"type": "Feature", "id": "vw_lem.fid--ce7fb1e_1a08fbfc439_-322", "geometry": {"type": "Point", "coordinates": [-69.3144, -29.7289]}, "geometry_name": "geom", "properties": {"lem_id": 1244, "expte_siged": "1124-000540-2025-EXP-MANIF", "coord_norte_pga07": 6711867.79, "coord_este_pga07": 2469582.35}, "bbox": [-69.3144, -29.7289, -69.3144, -29.7289]}, {"type": "Feature", "id": "vw_lem.fid--ce7fb1e_1a08fbfc439_-321", "geometry": {"type": "Point", "coordinates": [-69.5067, -30.3317]}, "geometry_name": "geom", "properties": {"lem_id": 1245, "expte_siged": "1124-000348-2025", "coord_norte_pga07": 6644977.19, "coord_este_pga07": 2451276.98}, "bbox": [-69.5067, -30.3317, -69.5067, -30.3317]}, {"type": "Feature", "id": "vw_lem.fid--ce7fb1e_1a08fbfc439_-320", "geometry": {"type": "Point", "coordinates": [-69.1195, -28.7916]}, "geometry_name": "geom", "properties": {"lem_id": 1250, "expte_siged": "1124-000531-2023-EXP-MANIF", "coord_norte_pga07": 6815792, "coord_este_pga07": 2488328}, "bbox": [-69.1195, -28.7916, -69.1195, -28.7916]}, {"type": "Feature", "id": "vw_lem.fid--ce7fb1e_1a08fbfc439_-31f", "geometry": {"type": "Point", "coordinates": [-67.5924, -30.65]}, "geometry_name": "geom", "properties": {"lem_id": 1251, "expte_siged": "1124-000081-2026-EXP-MANIF", "coord_norte_pga07": 6608953.19, "coord_este_pga07": 2634927.69}, "bbox": [-67.5924, -30.65, -67.5924, -30.65]}, {"type": "Feature", "id": "vw_lem.fid--ce7fb1e_1a08fbfc439_-31e", "geometry": {"type": "Point", "coordinates": [-67.5924, -30.65]}, "geometry_name": "geom", "properties": {"lem_id": 1252, "expte_siged": "1124-000081-2026-EXP-MANIF", "coord_norte_pga07": 6608953.19, "coord_este_pga07": 2634927.69}, "bbox": [-67.5924, -30.65, -67.5924, -30.65]}, {"type": "Feature", "id": "vw_lem.fid--ce7fb1e_1a08fbfc439_-31d", "geometry": {"type": "Point", "coordinates": [-68.7735, -30.8757]}, "geometry_name": "geom", "properties": {"lem_id": 1253, "expte_siged": "1124-000001-2026-EXP-MANIF", "coord_norte_pga07": 6584755.65, "coord_este_pga07": 2521661.31}, "bbox": [-68.7735, -30.8757, -68.7735, -30.8757]}, {"type": "Feature", "id": "vw_lem.fid--ce7fb1e_1a08fbfc439_-31c", "geometry": {"type": "Point", "coordinates": [-69.3915, -31.3073]}, "geometry_name": "geom", "properties": {"lem_id": 1254, "expte_siged": "1124-000032-2026-EXP", "coord_norte_pga07": 6536859.64, "coord_este_pga07": 2462732.32}, "bbox": [-69.3915, -31.3073, -69.3915, -31.3073]}, {"type": "Feature", "id": "vw_lem.fid--ce7fb1e_1a08fbfc439_-31b", "geometry": {"type": "Point", "coordinates": [-67.7105, -30.3308]}, "geometry_name": "geom", "properties": {"lem_id": 1240, "expte_siged": "1124-000070-2025-EXP-MANIF", "coord_norte_pga07": 6644473, "coord_este_pga07": 2624013}, "bbox": [-67.7105, -30.3308, -67.7105, -30.3308]}, {"type": "Feature", "id": "vw_lem.fid--ce7fb1e_1a08fbfc439_-31a", "geometry": {"type": "Point", "coordinates": [-69.5777, -30.6573]}, "geometry_name": "geom", "properties": {"lem_id": 1255, "expte_siged": "1124-000051-2026-EXP-MANIF", "coord_norte_pga07": 6608848, "coord_este_pga07": 2444633}, "bbox": [-69.5777, -30.6573, -69.5777, -30.6573]}, {"type": "Feature", "id": "vw_lem.fid--ce7fb1e_1a08fbfc439_-319", "geometry": {"type": "Point", "coordinates": [-69.9344, -30.5039]}, "geometry_name": "geom", "properties": {"lem_id": 1256, "expte_siged": "1124-000075-2026-EXP-MANIF", "coord_norte_pga07": 6625620.26, "coord_este_pga07": 2410303}, "bbox": [-69.9344, -30.5039, -69.9344, -30.5039]}, {"type": "Feature", "id": "vw_lem.fid--ce7fb1e_1a08fbfc439_-318", "geometry": {"type": "Point", "coordinates": [-67.6975, -30.5164]}, "geometry_name": "geom", "properties": {"lem_id": 1257, "expte_siged": "1124-000106-2026-EXP-MANIF", "coord_norte_pga07": 6623885, "coord_este_pga07": 2625023}, "bbox": [-67.6975, -30.5164, -67.6975, -30.5164]}, {"type": "Feature", "id": "vw_lem.fid--ce7fb1e_1a08fbfc439_-317", "geometry": {"type": "Point", "coordinates": [-70.2263, -30.8098]}, "geometry_name": "geom", "properties": {"lem_id": 1259, "expte_siged": "1124-000147-2026-EXP-MANIF", "coord_norte_pga07": 6591438.52, "coord_este_pga07": 2382643.05}, "bbox": [-70.2263, -30.8098, -70.2263, -30.8098]}, {"type": "Feature", "id": "vw_lem.fid--ce7fb1e_1a08fbfc439_-316", "geometry": {"type": "Point", "coordinates": [-69.2569, -28.734]}, "geometry_name": "geom", "properties": {"lem_id": 1260, "expte_siged": "1124-000151-2026-EXP-MANIF", "coord_norte_pga07": 6822152.64, "coord_este_pga07": 2474901.26}, "bbox": [-69.2569, -28.734, -69.2569, -28.734]}, {"type": "Feature", "id": "vw_lem.fid--ce7fb1e_1a08fbfc439_-315", "geometry": {"type": "Point", "coordinates": [-69.3019, -28.9194]}, "geometry_name": "geom", "properties": {"lem_id": 1261, "expte_siged": "1124-000156-2026-EXP-MANIF", "coord_norte_pga07": 6801595.64, "coord_este_pga07": 2470559.26}, "bbox": [-69.3019, -28.9194, -69.3019, -28.9194]}, {"type": "Feature", "id": "vw_lem.fid--ce7fb1e_1a08fbfc439_-314", "geometry": {"type": "Point", "coordinates": [-69.2703, -28.9061]}, "geometry_name": "geom", "properties": {"lem_id": 1262, "expte_siged": "1124-000152-2026-EXP-MANIF", "coord_norte_pga07": 6803072.64, "coord_este_pga07": 2473642.26}, "bbox": [-69.2703, -28.9061, -69.2703, -28.9061]}, {"type": "Feature", "id": "vw_lem.fid--ce7fb1e_1a08fbfc439_-313", "geometry": {"type": "Point", "coordinates": [-69.2759, -28.7461]}, "geometry_name": "geom", "properties": {"lem_id": 1263, "expte_siged": "1124-000153-2026-EXP-MANIF", "coord_norte_pga07": 6820801.64, "coord_este_pga07": 2473050.26}, "bbox": [-69.2759, -28.7461, -69.2759, -28.7461]}, {"type": "Feature", "id": "vw_lem.fid--ce7fb1e_1a08fbfc439_-312", "geometry": {"type": "Point", "coordinates": [-69.3228, -28.9446]}, "geometry_name": "geom", "properties": {"lem_id": 1264, "expte_siged": "1124-000154-2026-EXP-MANIF", "coord_norte_pga07": 6798797.64, "coord_este_pga07": 2468533.06}, "bbox": [-69.3228, -28.9446, -69.3228, -28.9446]}, {"type": "Feature", "id": "vw_lem.fid--ce7fb1e_1a08fbfc439_-311", "geometry": {"type": "Point", "coordinates": [-69.2551, -28.8817]}, "geometry_name": "geom", "properties": {"lem_id": 1265, "expte_siged": "1124-000155-2026-EXP-MANIF", "coord_norte_pga07": 6805776.64, "coord_este_pga07": 2475111.26}, "bbox": [-69.2551, -28.8817, -69.2551, -28.8817]}, {"type": "Feature", "id": "vw_lem.fid--ce7fb1e_1a08fbfc439_-310", "geometry": {"type": "Point", "coordinates": [-70.2801, -30.9566]}, "geometry_name": "geom", "properties": {"lem_id": 1266, "expte_siged": "1124-000158-2026-EXP-MANIF", "coord_norte_pga07": 6575101, "coord_este_pga07": 2377681}, "bbox": [-70.2801, -30.9566, -70.2801, -30.9566]}, {"type": "Feature", "id": "vw_lem.fid--ce7fb1e_1a08fbfc439_-30f", "geometry": {"type": "Point", "coordinates": [-69.5794, -30.832]}, "geometry_name": "geom", "properties": {"lem_id": 1267, "expte_siged": "1124-000205-2026-EXP-MANIF", "coord_norte_pga07": 6589470.73, "coord_este_pga07": 2444565.82}, "bbox": [-69.5794, -30.832, -69.5794, -30.832]}, {"type": "Feature", "id": "vw_lem.fid--ce7fb1e_1a08fbfc439_-30e", "geometry": {"type": "Point", "coordinates": [-67.5791, -30.6537]}, "geometry_name": "geom", "properties": {"lem_id": 1268, "expte_siged": "1124-000392-2025-EXP-MANIF", "coord_norte_pga07": 6608524.22, "coord_este_pga07": 2636192.26}, "bbox": [-67.5791, -30.6537, -67.5791, -30.6537]}, {"type": "Feature", "id": "vw_lem.fid--ce7fb1e_1a08fbfc439_-30d", "geometry": {"type": "Point", "coordinates": [-67.4941, -31.0013]}, "geometry_name": "geom", "properties": {"lem_id": 1269, "expte_siged": "1124-000044-2026-EXP-MANIF", "coord_norte_pga07": 6569877.74, "coord_este_pga07": 2643824.94}, "bbox": [-67.4941, -31.0013, -67.4941, -31.0013]}, {"type": "Feature", "id": "vw_lem.fid--ce7fb1e_1a08fbfc439_-30c", "geometry": {"type": "Point", "coordinates": [-67.1387, -31.6557]}, "geometry_name": "geom", "properties": {"lem_id": 1270, "expte_siged": "1124-000630-2025-EXP-MANIF", "coord_norte_pga07": 6496788.64, "coord_este_pga07": 2676548.71}, "bbox": [-67.1387, -31.6557, -67.1387, -31.6557]}, {"type": "Feature", "id": "vw_lem.fid--ce7fb1e_1a08fbfc439_-30b", "geometry": {"type": "Point", "coordinates": [-70.2792, -31.5554]}, "geometry_name": "geom", "properties": {"lem_id": 1271, "expte_siged": "1124-000238-2026-EXP-MANIF", "coord_norte_pga07": 6508706, "coord_este_pga07": 2378537}, "bbox": [-70.2792, -31.5554, -70.2792, -31.5554]}, {"type": "Feature", "id": "vw_lem.fid--ce7fb1e_1a08fbfc439_-30a", "geometry": {"type": "Point", "coordinates": [-69.7306, -30.5042]}, "geometry_name": "geom", "properties": {"lem_id": 1272, "expte_siged": "1124-182148-1991", "coord_norte_pga07": 6625735.12, "coord_este_pga07": 2429869.51}, "bbox": [-69.7306, -30.5042, -69.7306, -30.5042]}, {"type": "Feature", "id": "vw_lem.fid--ce7fb1e_1a08fbfc439_-309", "geometry": {"type": "Point", "coordinates": [-69.7208, -30.5028]}, "geometry_name": "geom", "properties": {"lem_id": 1273, "expte_siged": "1124-338140-1992", "coord_norte_pga07": 6625895.1, "coord_este_pga07": 2430801.85}, "bbox": [-69.7208, -30.5028, -69.7208, -30.5028]}, {"type": "Feature", "id": "vw_lem.fid--ce7fb1e_1a08fbfc439_-308", "geometry": {"type": "Point", "coordinates": [-69.6443, -31.2913]}, "geometry_name": "geom", "properties": {"lem_id": 1274, "expte_siged": "1124-000532-2026-EXP-MANIF", "coord_norte_pga07": 6538510.1, "coord_este_pga07": 2438650}, "bbox": [-69.6443, -31.2913, -69.6443, -31.2913]}], "totalFeatures": 1145, "numberMatched": 1145, "numberReturned": 1145, "timeStamp": "2026-09-11T10:16:05.446Z", "crs": {"type": "name", "properties": {"name": "urn:ogc:def:crs:EPSG::4326"}}, "bbox": [-70.5465, -32.5612, -67.1387, -28.4197]}